calc,ibr,ntot,itp,lab,nfpar,icp1,icp2,icp3,icp4,flag2,from,norm,per,torper,par1,par2,par3,par4,par5,par6,par7,par8,par9,par10,par11,par12,par13,par14,par15,par16,par17,par18,par19,par20,u0.V,uhi.V,ulo.V,ubar.V,u0.W,uhi.W,ulo.W,ubar.W,evr1,evi1,evr2,evi2
9,1,1,9,1,1,0,1,2,3,0,0,0.14709180806557515,0,6.283185307179586,0.05,0.333,-0.01,0.15,0.1,0.145,1,-0.7,0,0,0,0,0,0,0,0,0,0,0,0,-0.144,-0.144,-0.144,-0.144,0.03,0.03,0.03,0.03,0,0,0,0
9,1,2,0,0,1,0,1,2,3,0,0,0.1788589360556122,0,6.283185307179586,0.06956739903271555,0.333,-0.01,0.15,0.1,0.145,1,-0.7,0,0,0,0,0,0,0,0,0,0,0,0,-0.17758936534594408,-0.17758936534594408,-0.17758936534594408,-0.17758936534594408,0.021272901141366925,0.021272901141366925,0.021272901141366925,0.021272901141366925,1.8140859416764594,0,0.6969850606184116,0
9,1,3,0,0,1,0,1,2,3,0,0,0.19655761137474656,0,6.283185307179586,0.07625261271198872,0.333,-0.01,0.15,0.1,0.145,1,-0.7,0,0,0,0,0,0,0,0,0,0,0,0,-0.1958541931425354,-0.1958541931425354,-0.1958541931425354,-0.1958541931425354,0.016614139093926564,0.016614139093926564,0.016614139093926564,0.016614139093926564,1.4909243076672227,0,0.6749351318365064,0
9,1,4,0,0,1,0,1,2,3,0,0,0.21534698214359452,0,6.283185307179586,0.08076003952569741,0.333,-0.01,0.15,0.1,0.145,1,-0.7,0,0,0,0,0,0,0,0,0,0,0,0,-0.21496542518288156,-0.21496542518288156,-0.21496542518288156,-0.21496542518288156,0.012813613631468983,0.012813613631468983,0.012813613631468983,0.012813613631468983,1.2478722341174726,0,0.651260232824381,0
9,1,5,0,0,1,0,1,2,3,0,0,0.23481747466412708,0,6.283185307179586,0.0829755610152348,0.333,-0.01,0.15,0.1,0.145,1,-0.7,0,0,0,0,0,0,0,0,0,0,0,0,-0.23461281517547655,-0.23461281517547655,-0.23461281517547655,-0.23461281517547655,0.009801702049932201,0.009801702049932201,0.009801702049932201,0.009801702049932201,1.0708301899068156,0,0.6256788087254568,0
9,1,6,2,2,1,0,1,2,3,0,0,0.24506206884218626,0,6.283185307179586,0.08325656894281724,0.333,-0.01,0.15,0.1,0.145,1,-0.7,0,0,0,0,0,0,0,0,0,0,0,0,-0.2449141098442962,-0.2449141098442962,-0.2449141098442962,-0.2449141098442962,0.008514480864295335,0.008514480864295335,0.008514480864295335,0.008514480864295335,1.0000043961753562,0,0.6116145893908905,0
9,1,-7,0,0,1,0,1,2,3,0,0,0.2648671140035802,0,6.283185307179586,0.08229304976779571,0.333,-0.01,0.15,0.1,0.145,1,-0.7,0,0,0,0,0,0,0,0,0,0,0,0,-0.26478768076065273,-0.26478768076065273,-0.26478768076065273,-0.26478768076065273,0.006486308501775455,0.006486308501775455,0.006486308501775455,0.006486308501775455,0.8952212446233005,0,0.5831497424979406,0
9,1,-8,0,0,1,0,1,2,3,0,0,0.2845928969904626,0,6.283185307179586,0.07963046571079621,0.333,-0.01,0.15,0.1,0.145,1,-0.7,0,0,0,0,0,0,0,0,0,0,0,0,-0.28454990805988956,-0.28454990805988956,-0.28454990805988956,-0.28454990805988956,0.004946396722104082,0.004946396722104082,0.004946396722104082,0.004946396722104082,0.8220057698758507,0,0.5534470439330806,0
9,1,-9,0,0,1,0,1,2,3,0,0,0.30412945957508625,0,6.283185307179586,0.07560471647439453,0.333,-0.01,0.15,0.1,0.145,1,-0.7,0,0,0,0,0,0,0,0,0,0,0,0,-0.3041059507500909,-0.3041059507500909,-0.3041059507500909,-0.3041059507500909,0.0037813886096651683,0.0037813886096651683,0.0037813886096651683,0.0037813886096651683,0.7705692793224387,0,0.5234923243911916,0
9,1,-10,0,0,1,0,1,2,3,0,0,0.3234390353892211,0,6.283185307179586,0.07050988567958434,0.333,-0.01,0.15,0.1,0.145,1,-0.7,0,0,0,0,0,0,0,0,0,0,0,0,-0.3234260398987047,-0.3234260398987047,-0.3234260398987047,-0.3234260398987047,0.002899366991476402,0.002899366991476402,0.002899366991476402,0.002899366991476402,0.7337169893926213,0,0.4942119464409816,0
9,1,-11,0,0,1,0,1,2,3,0,0,0.3425235870897917,0,6.283185307179586,0.06458428132599743,0.333,-0.01,0.15,0.1,0.145,1,-0.7,0,0,0,0,0,0,0,0,0,0,0,0,-0.34251633001143383,-0.34251633001143383,-0.34251633001143383,-0.34251633001143383,0.0022296610407534652,0.0022296610407534652,0.0022296610407534652,0.0022296610407534652,0.7065699794709982,0,0.46612756706975317,0
9,1,-12,0,0,1,0,1,2,3,0,0,0.3614035582178233,0,6.283185307179586,0.05801413612306146,0.333,-0.01,0.15,0.1,0.145,1,-0.7,0,0,0,0,0,0,0,0,0,0,0,0,-0.36139946870298034,-0.36139946870298034,-0.36139946870298034,-0.36139946870298034,0.0017192770885231877,0.0017192770885231877,0.0017192770885231877,0.0017192770885231877,0.6860091322515233,0,0.43934585144400057,0
9,1,-13,0,0,1,0,1,2,3,0,0,0.38010592657247316,0,6.283185307179586,0.05094285432482586,0.333,-0.01,0.15,0.1,0.145,1,-0.7,0,0,0,0,0,0,0,0,0,0,0,0,-0.380103603768794,-0.380103603768794,-0.380103603768794,-0.380103603768794,0.0013288406578831845,0.0013288406578831845,0.0013288406578831845,0.0013288406578831845,0.6700796362353618,0,0.4137303246169503,0
9,1,-14,0,0,1,0,1,2,3,0,0,0.3986581832138655,0,6.283185307179586,0.04348047277178805,0.333,-0.01,0.15,0.1,0.145,1,-0.7,0,0,0,0,0,0,0,0,0,0,0,0,-0.3986568549064785,-0.3986568549064785,-0.3986568549064785,-0.3986568549064785,0.0010291158607641502,0.0010291158607641502,0.0010291158607641502,0.0010291158607641502,0.6575359781062863,0,0.3890636815513766,0
9,1,-15,0,0,1,0,1,2,3,0,0,0.4170856245473119,0,6.283185307179586,0.035711597123310596,0.333,-0.01,0.15,0.1,0.145,1,-0.7,0,0,0,0,0,0,0,0,0,0,0,0,-0.41708486054096666,-0.41708486054096666,-0.41708486054096666,-0.41708486054096666,0.0007983179464724285,0.0007983179464724285,0.0007983179464724285,0.0007983179464724285,0.6475524040845676,0,0.3651411835845433,0
9,1,-16,0,0,1,0,1,2,3,0,0,0.43541036287001206,0,6.283185307179586,0.02770157334169221,0.333,-0.01,0.15,0.1,0.145,1,-0.7,0,0,0,0,0,0,0,0,0,0,0,0,-0.4354099212649361,-0.4354099212649361,-0.4354099212649361,-0.4354099212649361,0.0006201279365480807,0.0006201279365480807,0.0006201279365480807,0.0006201279365480807,0.6395542319464981,0,0.3418086766079234,0
9,1,-17,0,0,1,0,1,2,3,0,0,0.4536511750891102,0,6.283185307179586,0.019501141561557477,0.333,-0.01,0.15,0.1,0.145,1,-0.7,0,0,0,0,0,0,0,0,0,0,0,0,-0.45365091876258407,-0.45365091876258407,-0.45365091876258407,-0.45365091876258407,0.00048225055092534754,0.00048225055092534754,0.00048225055092534754,0.00048225055092534754,0.6331226544530991,0,0.31897007658159654,0
9,1,-18,0,0,1,0,1,2,3,0,0,0.471823728470523,0,6.283185307179586,0.011149909827758637,0.333,-0.01,0.15,0.1,0.145,1,-0.7,0,0,0,0,0,0,0,0,0,0,0,0,-0.4718235791531308,-0.4718235791531308,-0.4718235791531308,-0.4718235791531308,0.000375370423931215,0.000375370423931215,0.000375370423931215,0.000375370423931215,0.6279408494310079,0,0.29658149367709835,0
9,1,-19,0,0,1,0,1,2,3,0,0,0.489940950402511,0,6.283185307179586,0.002678946741109652,0.333,-0.01,0.15,0.1,0.145,1,-0.7,0,0,0,0,0,0,0,0,0,0,0,0,-0.48994086315285934,-0.48994086315285934,-0.48994086315285934,-0.48994086315285934,0.00029239416354983055,0.00029239416354983055,0.00029239416354983055,0.00029239416354983055,0.6237625861436753,0,0.27464108599076154,0
9,1,-20,0,0,1,0,1,2,3,0,0,0.5080136856556442,0,6.283185307179586,-0.0058873987147015664,0.333,-0.01,0.15,0.1,0.145,1,-0.7,0,0,0,0,0,0,0,0,0,0,0,0,-0.5080136345397499,-0.5080136345397499,-0.5080136345397499,-0.5080136345397499,0.0002278928369979242,0.0002278928369979242,0.0002278928369979242,0.0002278928369979242,0.6203930060258938,0,0.2531784022421846,0
9,1,-21,0,0,1,0,1,2,3,0,0,0.5260502123846587,0,6.283185307179586,-0.01452960771767241,0.333,-0.01,0.15,0.1,0.145,1,-0.7,0,0,0,0,0,0,0,0,0,0,0,0,-0.5260501823680078,-0.5260501823680078,-0.5260501823680078,-0.5260501823680078,0.0001777091167610163,0.0001777091167610163,0.0001777091167610163,0.0001777091167610163,0.6176763081761341,0,0.2322463262228378,0
9,1,-22,0,0,1,0,1,2,3,0,0,0.5440575694644321,0,6.283185307179586,-0.023232356633541233,0.333,-0.01,0.15,0.1,0.145,1,-0.7,0,0,0,0,0,0,0,0,0,0,0,0,-0.5440575518023357,-0.5440575518023357,-0.5440575518023357,-0.5440575518023357,0.00013863042285578345,0.00013863042285578345,0.00013863042285578345,0.00013863042285578345,0.6154870047270153,0,0.2119123455105482,0
9,1,-23,0,0,1,0,1,2,3,0,0,0.5620414519751299,0,6.283185307179586,-0.031983460891334616,0.333,-0.01,0.15,0.1,0.145,1,-0.7,0,0,0,0,0,0,0,0,0,0,0,0,-0.5620414415641908,-0.5620414415641908,-0.5620414415641908,-0.5620414415641908,0.00010817928858279107,0.00010817928858279107,0.00010817928858279107,0.00010817928858279107,0.6137237185614703,0,0.19225290635778386,0
9,1,-24,0,0,1,0,1,2,3,0,0,0.580006458862721,0,6.283185307179586,-0.04077321549241207,0.333,-0.01,0.15,0.1,0.145,1,-0.7,0,0,0,0,0,0,0,0,0,0,0,0,-0.5800064527163801,-0.5800064527163801,-0.5800064527163801,-0.5800064527163801,8.443834906008043e-05,8.443834906008043e-05,8.443834906008043e-05,8.443834906008043e-05,0.6123044302703197,0,0.17334838158739463,0
9,1,-25,0,0,1,0,1,2,3,0,0,0.5979562988840972,0,6.283185307179586,-0.04959387889369139,0.333,-0.01,0.15,0.1,0.145,1,-0.7,0,0,0,0,0,0,0,0,0,0,0,0,-0.5979562952504042,-0.5979562952504042,-0.5979562952504042,-0.5979562952504042,6.592100706025518e-05,6.592100706025518e-05,6.592100706025518e-05,6.592100706025518e-05,0.6111627517556152,0,0.15527888336650902,0
9,1,-26,0,0,1,0,1,2,3,0,0,0.6158939596506069,0,6.283185307179586,-0.05843926868706642,0.333,-0.01,0.15,0.1,0.145,1,-0.7,0,0,0,0,0,0,0,0,0,0,0,0,-0.6158939574996973,-0.6158939574996973,-0.6158939574996973,-0.6158939574996973,5.147294805945246e-05,5.147294805945246e-05,5.147294805945246e-05,5.147294805945246e-05,0.6102449568334833,0,0.13812071549470006,0
9,1,-27,0,0,1,0,1,2,3,0,0,0.6338218456670134,0,6.283185307179586,-0.06730444333116142,0.333,-0.01,0.15,0.1,0.145,1,-0.7,0,0,0,0,0,0,0,0,0,0,0,0,-0.6338218443923793,-0.6338218443923793,-0.6338218443923793,-0.6338218443923793,4.0196789003771707e-05,4.0196789003771707e-05,4.0196789003771707e-05,4.0196789003771707e-05,0.6095075882855574,0,0.12194333119711444,0
9,1,-28,0,0,1,0,1,2,3,0,0,0.6517418906428392,0,6.283185307179586,-0.07618545060927653,0.333,-0.01,0.15,0.1,0.145,1,-0.7,0,0,0,0,0,0,0,0,0,0,0,0,-0.6517418898867144,-0.6517418898867144,-0.6517418898867144,-0.6517418898867144,3.13942074525781e-05,3.13942074525781e-05,3.13942074525781e-05,3.13942074525781e-05,0.6089155206487487,0,0.10680672408474885,0
9,1,-29,0,0,1,0,1,2,3,0,0,0.6696556486249318,0,6.283185307179586,-0.08507912816733726,0.333,-0.01,0.15,0.1,0.145,1,-0.7,0,0,0,0,0,0,0,0,0,0,0,0,-0.669655648175972,-0.669655648175972,-0.669655648175972,-0.669655648175972,2.4521354990876255e-05,2.4521354990876255e-05,2.4521354990876255e-05,2.4521354990876255e-05,0.6084403848485667,0,0.0927592277826044,0
9,1,-30,0,0,1,0,1,2,3,0,0,0.6875643677927827,0,6.283185307179586,-0.09398294492762671,0.333,-0.01,0.15,0.1,0.145,1,-0.7,0,0,0,0,0,0,0,0,0,0,0,0,-0.6875643675259774,-0.6875643675259774,-0.6875643675259774,-0.6875643675259774,1.9154415328206258e-05,1.9154415328206258e-05,1.9154415328206258e-05,1.9154415328206258e-05,0.6080592873685868,0,0.07983573356468264,0
9,1,-31,0,0,1,0,1,2,3,0,0,0.7054690501180845,0,6.283185307179586,-0.10289487473489484,0.333,-0.01,0.15,0.1,0.145,1,-0.7,0,0,0,0,0,0,0,0,0,0,0,0,-0.7054690499594031,-0.7054690499594031,-0.7054690499594031,-0.7054690499594031,1.4962941514375095e-05,1.4962941514375095e-05,1.4962941514375095e-05,1.4962941514375095e-05,0.6077537676600929,0,0.06805635621748876,0
9,1,-32,0,0,1,0,1,2,3,0,0,0.723370499533124,0,6.283185307179586,-0.11181329551720501,0.333,-0.01,0.15,0.1,0.145,1,-0.7,0,0,0,0,0,0,0,0,0,0,0,0,-0.7233704994386794,-0.7233704994386794,-0.7233704994386794,-0.7233704994386794,1.168917878779991e-05,1.168917878779991e-05,1.168917878779991e-05,1.168917878779991e-05,0.6075089531457072,0,0.057425587558693585,0
9,1,-33,0,0,1,0,1,2,3,0,0,0.7412693607790589,0,6.283185307179586,-0.12073690870726059,0.333,-0.01,0.15,0.1,0.145,1,-0.7,0,0,0,0,0,0,0,0,0,0,0,0,-0.7412693607228084,-0.7412693607228084,-0.7412693607228084,-0.7412693607228084,9.132006214292812e-06,9.132006214292812e-06,9.132006214292812e-06,9.132006214292812e-06,0.6073128687422351,0,0.04793197579911426,0
9,1,-34,0,0,1,0,1,2,3,0,0,0.759166150708468,0,6.283185307179586,-0.12966467479229163,0.333,-0.01,0.15,0.1,0.145,1,-0.7,0,0,0,0,0,0,0,0,0,0,0,0,-0.7591661506749442,-0.7591661506749442,-0.7591661506749442,-0.7591661506749442,7.134450765492439e-06,7.134450765492439e-06,7.134450765492439e-06,7.134450765492439e-06,0.6071558808343305,0,0.03954835826889933,0
9,1,-35,0,0,1,0,1,2,3,0,0,0.7770612834875811,0,6.283185307179586,-0.13859576172859192,0.333,-0.01,0.15,0.1,0.145,1,-0.7,0,0,0,0,0,0,0,0,0,0,0,0,-0.7770612834675896,-0.7770612834675896,-0.7770612834675896,-0.7770612834675896,5.573969875255214e-06,5.573969875255214e-06,5.573969875255214e-06,5.573969875255214e-06,0.6070302439412584,0,0.032232656344086404,0
9,1,-36,0,0,1,0,1,2,3,0,0,0.7949550908726446,0,6.283185307179586,-0.14752950363294562,0.333,-0.01,0.15,0.1,0.145,1,-0.7,0,0,0,0,0,0,0,0,0,0,0,0,-0.7949550908607163,-0.7949550908607163,-0.7949550908607163,-0.7949550908607163,4.354882791333468e-06,4.354882791333468e-06,4.354882791333468e-06,4.354882791333468e-06,0.6069297349272532,0,0.02592921635562936,0
9,1,-37,0,0,1,0,1,2,3,0,0,0.8128478385128066,0,6.283185307179586,-0.15646536769324204,0.333,-0.01,0.15,0.1,0.145,1,-0.7,0,0,0,0,0,0,0,0,0,0,0,0,-0.8128478385056854,-0.8128478385056854,-0.8128478385056854,-0.8128478385056854,3.402471914148678e-06,3.402471914148678e-06,3.402471914148678e-06,3.402471914148678e-06,0.6068493569154305,0,0.020570650956984973,0
9,1,-38,0,0,1,0,1,2,3,0,0,0.8307397390505922,0,6.283185307179586,-0.1654029276581757,0.333,-0.01,0.15,0.1,0.145,1,-0.7,0,0,0,0,0,0,0,0,0,0,0,0,-0.8307397390463387,-0.8307397390463387,-0.8307397390463387,-0.8307397390463387,2.6583833298237567e-06,2.6583833298237567e-06,2.6583833298237567e-06,2.6583833298237567e-06,0.6067850993590733,0,0.016080104554318495,0
9,1,-39,0,0,1,0,1,2,3,0,0,0.8486309626434201,0,6.283185307179586,-0.17434184259640664,0.333,-0.01,0.15,0.1,0.145,1,-0.7,0,0,0,0,0,0,0,0,0,0,0,0,-0.8486309626408782,-0.8486309626408782,-0.8486309626408782,-0.8486309626408782,2.0770389476744903e-06,2.0770389476744903e-06,2.0770389476744903e-06,2.0770389476744903e-06,0.6067337455563846,0,0.012373837060647378,0
9,1,-40,0,0,1,0,1,2,3,0,0,0.8665216454096736,0,6.283185307179586,-0.18328183987797983,0.333,-0.01,0.15,0.1,0.145,1,-0.7,0,0,0,0,0,0,0,0,0,0,0,0,-0.8665216454081539,-0.8665216454081539,-0.8665216454081539,-0.8665216454081539,1.6228368329068383e-06,1.6228368329068383e-06,1.6228368329068383e-06,1.6228368329068383e-06,0.6066927169357533,0,0.009363995664346073,0
9,1,-41,0,0,1,0,1,2,3,0,0,0.8844118962055928,0,6.283185307179586,-0.19222270153975213,0.333,-0.01,0.15,0.1,0.145,1,-0.7,0,0,0,0,0,0,0,0,0,0,0,0,-0.8844118962046839,-0.8844118962046839,-0.8844118962046839,-0.8844118962046839,1.2679660148246164e-06,1.2679660148246164e-06,1.2679660148246164e-06,1.2679660148246164e-06,0.6066599468988348,0,0.006961427826228796,0
9,1,-42,9,3,1,0,1,2,3,0,0,0.9023018020605031,0,6.283185307179586,-0.20116425336333624,0.333,-0.01,0.15,0.1,0.145,1,-0.7,0,0,0,0,0,0,0,0,0,0,0,0,-0.9023018020599592,-0.9023018020599592,-0.9023018020599592,-0.9023018020599592,9.907005419948155e-07,9.907005419948155e-07,9.907005419948155e-07,9.907005419948155e-07,0.6066337801730728,0,0.005078382896895137,0
1,2,1,0,0,2,0,1,2,3,1,2,0.2450620688378928,0,6.283185307179586,0.083256568943,0.333,-0.01,0.15,0.1,0.145,1,-0.7,0,0,0,0,0,0,0,0,0,0,0,0,-0.24491410984,-0.24491410984,-0.24491410984,-0.24491410984,0.0085144808643,0.0085144808643,0.0085144808643,0.0085144808643,0,0,0,0
1,2,2,0,0,2,0,1,2,3,1,0,0.2450627674022024,0,6.283185307179586,0.08325656894568141,0.37300000385067383,-0.01,0.15,0.1,0.145,1,-0.7,0,0,0,0,0,0,0,0,0,0,0,0,-0.24491481166737394,-0.24491481166737394,-0.24491481166737394,-0.24491481166737394,0.008514399142670725,0.008514399142670725,0.008514399142670725,0.008514399142670725,0.9999957035758118,0,0.5692450005826976,0
1,2,3,0,0,2,0,1,2,3,1,0,0.2450627674298456,0,6.283185307179586,0.08325656894463661,0.393000007207332,-0.01,0.15,0.1,0.145,1,-0.7,0,0,0,0,0,0,0,0,0,0,0,0,-0.24491481169513268,-0.24491481169513268,-0.24491481169513268,-0.24491481169513268,0.008514399139827414,0.008514399139827414,0.008514399139827414,0.008514399139827414,1.0000000009226127,0,0.5491758883452935,0
1,2,4,0,0,2,0,1,2,3,1,0,0.24506276746570047,0,6.283185307179586,0.08325656894195022,0.4130000085663345,-0.01,0.15,0.1,0.145,1,-0.7,0,0,0,0,0,0,0,0,0,0,0,0,-0.24491481173115504,-0.24491481173115504,-0.24491481173115504,-0.24491481173115504,0.00851439913563297,0.00851439913563297,0.00851439913563297,0.00851439913563297,1.00000000005005,0,0.5298133544227566,0
1,2,5,0,0,2,0,1,2,3,1,0,0.24506276740379185,0,6.283185307179586,0.08325656894321941,0.4330000105663345,-0.01,0.15,0.1,0.145,1,-0.7,0,0,0,0,0,0,0,0,0,0,0,0,-0.24491481166895723,-0.24491481166895723,-0.24491481166895723,-0.24491481166895723,0.008514399142875292,0.008514399142875292,0.008514399142875292,0.008514399142875292,0.9999999995442349,0,0.5111334931986448,0
1,2,6,0,0,2,0,1,2,3,1,0,0.2450627674434738,0,6.283185307179586,0.08325656894321945,0.45300001256633454,-0.01,0.15,0.1,0.145,1,-0.7,0,0,0,0,0,0,0,0,0,0,0,0,-0.24491481170882454,-0.24491481170882454,-0.24491481170882454,-0.24491481170882454,0.008514399138233179,0.008514399138233179,0.008514399138233179,0.008514399138233179,1.0000000008576277,0,0.49311223627401785,0
1,2,7,0,0,2,0,1,2,3,1,0,0.2450627674490743,0,6.283185307179586,0.08325656894321957,0.47300001456633456,-0.01,0.15,0.1,0.145,1,-0.7,0,0,0,0,0,0,0,0,0,0,0,0,-0.24491481171445117,-0.24491481171445117,-0.24491481171445117,-0.24491481171445117,0.008514399137577964,0.008514399137577964,0.008514399137577964,0.008514399137577964,0.9999999995590562,0,0.47572636240853555,0
1,2,8,0,0,2,0,1,2,3,1,0,0.24506276741278396,0,6.283185307179586,0.0832565689432194,0.4930000165663346,-0.01,0.15,0.1,0.145,1,-0.7,0,0,0,0,0,0,0,0,0,0,0,0,-0.24491481167799134,-0.24491481167799134,-0.24491481167799134,-0.24491481167799134,0.008514399141823364,0.008514399141823364,0.008514399141823364,0.008514399141823364,1.0000000000090792,0,0.45895347000719494,0
1,2,9,0,0,2,0,1,2,3,1,0,0.24506276741142113,0,6.283185307179586,0.08325656894321959,0.5130000185663346,-0.01,0.15,0.1,0.145,1,-0.7,0,0,0,0,0,0,0,0,0,0,0,0,-0.24491481167662216,-0.24491481167662216,-0.24491481167662216,-0.24491481167662216,0.008514399141982815,0.008514399141982815,0.008514399141982815,0.008514399141982815,1.0000000005385428,0,0.44277194687663013,0
1,2,10,0,0,2,0,1,2,3,1,0,0.24506276750216838,0,6.283185307179586,0.08325656894321946,0.5330000205663346,-0.01,0.15,0.1,0.145,1,-0.7,0,0,0,0,0,0,0,0,0,0,0,0,-0.24491481176779328,-0.24491481176779328,-0.24491481176779328,-0.24491481176779328,0.00851439913136685,0.00851439913136685,0.00851439913136685,0.00851439913136685,1.0000000003697076,0,0.4271609426760248,0
1,2,11,0,0,2,0,1,2,3,1,0,0.2450627674578057,0,6.283185307179586,0.08325656894321957,0.5530000225663345,-0.01,0.15,0.1,0.145,1,-0.7,0,0,0,0,0,0,0,0,0,0,0,0,-0.24491481172322338,-0.24491481172322338,-0.24491481172322338,-0.24491481172322338,0.008514399136556553,0.008514399136556553,0.008514399136556553,0.008514399136556553,0.9999999992755203,0,0.4121003422237547,0
1,2,12,0,0,2,0,1,2,3,1,0,0.2450627675169367,0,6.283185307179586,0.08325656894321948,0.5730000245663345,-0.01,0.15,0.1,0.145,1,-0.7,0,0,0,0,0,0,0,0,0,0,0,0,-0.24491481178263058,-0.24491481178263058,-0.24491481178263058,-0.24491481178263058,0.008514399129639185,0.008514399129639185,0.008514399129639185,0.008514399129639185,1.0000000003881848,0,0.3975707405080242,0
1,2,13,0,0,2,0,1,2,3,1,0,0.24506276744068956,0,6.283185307179586,0.08325656894321942,0.5930000265663344,-0.01,0.15,0.1,0.145,1,-0.7,0,0,0,0,0,0,0,0,0,0,0,0,-0.24491481170602727,-0.24491481170602727,-0.24491481170602727,-0.24491481170602727,0.008514399138558856,0.008514399138558856,0.008514399138558856,0.008514399138558856,0.9999999992393795,0,0.38355341478514177,0
1,2,14,0,0,2,0,1,2,3,1,0,0.24506276745257627,0,6.283185307179586,0.08325656894321946,0.6130000285663344,-0.01,0.15,0.1,0.145,1,-0.7,0,0,0,0,0,0,0,0,0,0,0,0,-0.24491481171796953,-0.24491481171796953,-0.24491481171796953,-0.24491481171796953,0.008514399137168342,0.008514399137168342,0.008514399137168342,0.008514399137168342,1.0000000006800174,0,0.3700303046013847,0
1,2,15,0,0,2,0,1,2,3,1,0,0.24506276747253858,0,6.283185307179586,0.08325656894321949,0.6330000305663344,-0.01,0.15,0.1,0.145,1,-0.7,0,0,0,0,0,0,0,0,0,0,0,0,-0.2449148117380251,-0.2449148117380251,-0.2449148117380251,-0.2449148117380251,0.008514399134833067,0.008514399134833067,0.008514399134833067,0.008514399134833067,0.9999999997990714,0,0.35698398423728434,0
1,2,16,0,0,2,0,1,2,3,1,0,0.24506276745331576,0,6.283185307179586,0.08325656894321945,0.6530000325663343,-0.01,0.15,0.1,0.145,1,-0.7,0,0,0,0,0,0,0,0,0,0,0,0,-0.24491481171871246,-0.24491481171871246,-0.24491481171871246,-0.24491481171871246,0.008514399137081831,0.008514399137081831,0.008514399137081831,0.008514399137081831,0.9999999997372551,0,0.3443976437071187,0
1,2,17,0,0,2,0,1,2,3,1,0,0.24506276748907638,0,6.283185307179586,0.0832565689432196,0.6730000345663343,-0.01,0.15,0.1,0.145,1,-0.7,0,0,0,0,0,0,0,0,0,0,0,0,-0.24491481175464014,-0.24491481175464014,-0.24491481175464014,-0.24491481175464014,0.008514399132898368,0.008514399132898368,0.008514399132898368,0.008514399132898368,0.9999999998687363,0,0.3322550654747951,0
1,2,18,0,0,2,0,1,2,3,1,0,0.24506276749286057,0,6.283185307179586,0.08325656894321945,0.6930000365663342,-0.01,0.15,0.1,0.145,1,-0.7,0,0,0,0,0,0,0,0,0,0,0,0,-0.244914811758442,-0.244914811758442,-0.244914811758442,-0.244914811758442,0.008514399132455719,0.008514399132455719,0.008514399132455719,0.008514399132455719,0.999999999637601,0,0.32054060314104144,0
1,2,19,0,0,2,0,1,2,3,1,0,0.2450627674580908,0,6.283185307179586,0.08325656894321952,0.7130000385663342,-0.01,0.15,0.1,0.145,1,-0.7,0,0,0,0,0,0,0,0,0,0,0,0,-0.24491481172350982,-0.24491481172350982,-0.24491481172350982,-0.24491481172350982,0.008514399136523215,0.008514399136523215,0.008514399136523215,0.008514399136523215,0.9999999995688369,0,0.309239162988431,0
1,2,20,0,0,2,0,1,2,3,1,0,0.2450627674286836,0,6.283185307179586,0.08325656894321948,0.7330000405663342,-0.01,0.15,0.1,0.145,1,-0.7,0,0,0,0,0,0,0,0,0,0,0,0,-0.24491481169396526,-0.24491481169396526,-0.24491481169396526,-0.24491481169396526,0.008514399139963373,0.008514399139963373,0.008514399139963373,0.008514399139963373,1.0000000002893599,0,0.29833618264694817,0
1,2,21,0,0,2,0,1,2,3,1,0,0.24506276750152642,0,6.283185307179586,0.08325656894321946,0.7530000425663341,-0.01,0.15,0.1,0.145,1,-0.7,0,0,0,0,0,0,0,0,0,0,0,0,-0.24491481176714833,-0.24491481176714833,-0.24491481176714833,-0.24491481176714833,0.008514399131441907,0.008514399131441907,0.008514399131441907,0.008514399131441907,1.0000000002036262,0,0.2878176134518259,0
1,2,22,0,0,2,0,1,2,3,1,0,0.24506276744822678,0,6.283185307179586,0.08325656894321948,0.7730000445663341,-0.01,0.15,0.1,0.145,1,-0.7,0,0,0,0,0,0,0,0,0,0,0,0,-0.24491481171359972,-0.24491481171359972,-0.24491481171359972,-0.24491481171359972,0.008514399137677158,0.008514399137677158,0.008514399137677158,0.008514399137677158,0.9999999992582789,0,0.27766990172752987,0
1,2,23,0,0,2,0,1,2,3,1,0,0.245062767447533,0,6.283185307179586,0.08325656894321959,0.793000046566334,-0.01,0.15,0.1,0.145,1,-0.7,0,0,0,0,0,0,0,0,0,0,0,0,-0.2449148117129027,-0.2449148117129027,-0.2449148117129027,-0.2449148117129027,0.00851439913775829,0.00851439913775829,0.00851439913775829,0.00851439913775829,1.0000000004650438,0,0.2678799728183114,0
1,2,24,0,0,2,0,1,2,3,1,0,0.24506276744386102,0,6.283185307179586,0.08325656894321937,0.813000048566334,-0.01,0.15,0.1,0.145,1,-0.7,0,0,0,0,0,0,0,0,0,0,0,0,-0.24491481170921356,-0.24491481170921356,-0.24491481170921356,-0.24491481170921356,0.008514399138187868,0.008514399138187868,0.008514399138187868,0.008514399138187868,1.0000000001755482,0,0.2584352114114346,0
1,2,25,0,0,2,0,1,2,3,1,0,0.24506276745660455,0,6.283185307179586,0.08325656894321953,0.833000050566334,-0.01,0.15,0.1,0.145,1,-0.7,0,0,0,0,0,0,0,0,0,0,0,0,-0.24491481172201662,-0.24491481172201662,-0.24491481172201662,-0.24491481172201662,0.008514399136697048,0.008514399136697048,0.008514399136697048,0.008514399136697048,1.0000000000428946,0,0.24932344815250862,0
1,2,26,0,0,2,0,1,2,3,1,0,0.2450627674837202,0,6.283185307179586,0.08325656894321949,0.8530000525663339,-0.01,0.15,0.1,0.145,1,-0.7,0,0,0,0,0,0,0,0,0,0,0,0,-0.24491481174925891,-0.24491481174925891,-0.24491481174925891,-0.24491481174925891,0.00851439913352499,0.00851439913352499,0.00851439913352499,0.00851439913352499,0.9999999996558504,0,0.24053294227820282,0
1,2,27,0,0,2,0,1,2,3,1,0,0.24506276743012584,0,6.283185307179586,0.08325656894321957,0.8730000545663339,-0.01,0.15,0.1,0.145,1,-0.7,0,0,0,0,0,0,0,0,0,0,0,0,-0.24491481169541424,-0.24491481169541424,-0.24491481169541424,-0.24491481169541424,0.008514399139794673,0.008514399139794673,0.008514399139794673,0.008514399139794673,0.9999999997490137,0,0.23205236706209906,0
1,2,28,0,0,2,0,1,2,3,1,0,0.2450627674545117,0,6.283185307179586,0.0832565689432195,0.8930000565663339,-0.01,0.15,0.1,0.145,1,-0.7,0,0,0,0,0,0,0,0,0,0,0,0,-0.24491481171991397,-0.24491481171991397,-0.24491481171991397,-0.24491481171991397,0.008514399136941905,0.008514399136941905,0.008514399136941905,0.008514399136941905,1.0000000002625604,0,0.22387079546620825,0
1,2,29,0,0,2,0,1,2,3,1,0,0.24506276742867106,0,6.283185307179586,0.08325656894321938,0.9130000585663338,-0.01,0.15,0.1,0.145,1,-0.7,0,0,0,0,0,0,0,0,0,0,0,0,-0.24491481169395266,-0.24491481169395266,-0.24491481169395266,-0.24491481169395266,0.008514399139964823,0.008514399139964823,0.008514399139964823,0.008514399139964823,0.9999999999088198,0,0.21597768476753101,0
1,2,30,0,0,2,0,1,2,3,1,0,0.24506276749431355,0,6.283185307179586,0.08325656894321942,0.9330000605663338,-0.01,0.15,0.1,0.145,1,-0.7,0,0,0,0,0,0,0,0,0,0,0,0,-0.24491481175990176,-0.24491481175990176,-0.24491481175990176,-0.24491481175990176,0.008514399132285739,0.008514399132285739,0.008514399132285739,0.008514399132285739,1.0000000003487965,0,0.20836286518301075,0
1,2,31,0,0,2,0,1,2,3,1,0,0.24506276747747854,0,6.283185307179586,0.08325656894321949,0.9530000625663337,-0.01,0.15,0.1,0.145,1,-0.7,0,0,0,0,0,0,0,0,0,0,0,0,-0.24491481174298813,-0.24491481174298813,-0.24491481174298813,-0.24491481174298813,0.008514399134255151,0.008514399134255151,0.008514399134255151,0.008514399134255151,0.9999999992220521,0,0.20101652434757256,0
1,2,32,0,0,2,0,1,2,3,1,0,0.24506276746871905,0,6.283185307179586,0.08325656894321957,0.9730000645663337,-0.01,0.15,0.1,0.145,1,-0.7,0,0,0,0,0,0,0,0,0,0,0,0,-0.2449148117341877,-0.2449148117341877,-0.2449148117341877,-0.2449148117341877,0.008514399135279892,0.008514399135279892,0.008514399135279892,0.008514399135279892,0.9999999999355624,0,0.19392919695337982,0
1,2,33,0,0,2,0,1,2,3,1,0,0.24506276742945993,0,6.283185307179586,0.08325656894321955,0.9930000665663337,-0.01,0.15,0.1,0.145,1,-0.7,0,0,0,0,0,0,0,0,0,0,0,0,-0.24491481169474522,-0.24491481169474522,-0.24491481169474522,-0.24491481169474522,0.008514399139872546,0.008514399139872546,0.008514399139872546,0.008514399139872546,0.9999999998843538,0,0.18709175042314893,0
1,2,34,0,0,2,0,1,2,3,1,0,0.24506276744219788,0,6.283185307179586,0.08325656894321937,1.0130000685663336,-0.01,0.15,0.1,0.145,1,-0.7,0,0,0,0,0,0,0,0,0,0,0,0,-0.24491481170754265,-0.24491481170754265,-0.24491481170754265,-0.24491481170754265,0.008514399138382405,0.008514399138382405,0.008514399138382405,0.008514399138382405,1.0000000003105192,0,0.18049537487303488,0
1,2,35,0,0,2,0,1,2,3,1,0,0.24506276741841898,0,6.283185307179586,0.08325656894321953,1.0330000705663336,-0.01,0.15,0.1,0.145,1,-0.7,0,0,0,0,0,0,0,0,0,0,0,0,-0.24491481168365267,-0.24491481168365267,-0.24491481168365267,-0.24491481168365267,0.008514399141164164,0.008514399141164164,0.008514399141164164,0.008514399141164164,0.9999999999897653,0,0.17413157041988123,0
1,2,36,0,0,2,0,1,2,3,1,0,0.24506276744124814,0,6.283185307179586,0.08325656894321941,1.0530000725663335,-0.01,0.15,0.1,0.145,1,-0.7,0,0,0,0,0,0,0,0,0,0,0,0,-0.2449148117065885,-0.2449148117065885,-0.2449148117065885,-0.2449148117065885,0.00851439913849352,0.00851439913849352,0.00851439913849352,0.00851439913849352,1.0000000001559375,0,0.16799213756017042,0
1,2,37,0,0,2,0,1,2,3,1,0,0.2450627674189401,0,6.283185307179586,0.08325656894321956,1.0730000745663335,-0.01,0.15,0.1,0.145,1,-0.7,0,0,0,0,0,0,0,0,0,0,0,0,-0.24491481168417623,-0.24491481168417623,-0.24491481168417623,-0.24491481168417623,0.008514399141103192,0.008514399141103192,0.008514399141103192,0.008514399141103192,0.9999999999146003,0,0.16206916521219045,0
1,2,38,0,0,2,0,1,2,3,1,0,0.24506276744925895,0,6.283185307179586,0.0832565689432194,1.0930000765663335,-0.01,0.15,0.1,0.145,1,-0.7,0,0,0,0,0,0,0,0,0,0,0,0,-0.2449148117146367,-0.2449148117146367,-0.2449148117146367,-0.2449148117146367,0.008514399137556375,0.008514399137556375,0.008514399137556375,0.008514399137556375,1.0000000001986624,0,0.15635502185038092,0
1,2,39,0,0,2,0,1,2,3,1,0,0.24506276743473646,0,6.283185307179586,0.0832565689432195,1.1130000785663334,-0.01,0.15,0.1,0.145,1,-0.7,0,0,0,0,0,0,0,0,0,0,0,0,-0.2449148117000464,-0.2449148117000464,-0.2449148117000464,-0.2449148117000464,0.0085143991392553,0.0085143991392553,0.0085143991392553,0.0085143991392553,0.9999999997058922,0,0.15084234437419833,0
1,2,40,0,0,2,0,1,2,3,1,0,0.24506276746415198,0,6.283185307179586,0.0832565689432195,1.1330000805663334,-0.01,0.15,0.1,0.145,1,-0.7,0,0,0,0,0,0,0,0,0,0,0,0,-0.2449148117295993,-0.2449148117295993,-0.2449148117295993,-0.2449148117295993,0.00851439913581416,0.00851439913581416,0.00851439913581416,0.00851439913581416,1.0000000002093037,0,0.14552402993245483,0
1,2,41,0,0,2,0,1,2,3,1,0,0.24506276745501243,0,6.283185307179586,0.08325656894321955,1.1530000825663334,-0.01,0.15,0.1,0.145,1,-0.7,0,0,0,0,0,0,0,0,0,0,0,0,-0.24491481172041707,-0.24491481172041707,-0.24491481172041707,-0.24491481172041707,0.00851439913688333,0.00851439913688333,0.00851439913688333,0.00851439913688333,0.9999999997387299,0,0.14039322550336408,0
1,2,42,0,0,2,0,1,2,3,1,0,0.24506276745753253,0,6.283185307179586,0.08325656894321946,1.1730000845663333,-0.01,0.15,0.1,0.145,1,-0.7,0,0,0,0,0,0,0,0,0,0,0,0,-0.24491481172294893,-0.24491481172294893,-0.24491481172294893,-0.24491481172294893,0.008514399136588496,0.008514399136588496,0.008514399136588496,0.008514399136588496,0.9999999999871756,0,0.1354433201906265,0
1,2,43,0,0,2,0,1,2,3,1,0,0.2450627674627437,0,6.283185307179586,0.08325656894321946,1.1930000865663333,-0.01,0.15,0.1,0.145,1,-0.7,0,0,0,0,0,0,0,0,0,0,0,0,-0.24491481172818444,-0.24491481172818444,-0.24491481172818444,-0.24491481172818444,0.00851439913597889,0.00851439913597889,0.00851439913597889,0.00851439913597889,1.0000000000140132,0,0.13066793580172942,0
1,2,44,0,0,2,0,1,2,3,1,0,0.24506276747694247,0,6.283185307179586,0.08325656894321948,1.2130000885663332,-0.01,0.15,0.1,0.145,1,-0.7,0,0,0,0,0,0,0,0,0,0,0,0,-0.24491481174244953,-0.24491481174244953,-0.24491481174244953,-0.24491481174244953,0.008514399134317872,0.008514399134317872,0.008514399134317872,0.008514399134317872,0.9999999999376028,0,0.12606091923494506,0
1,2,45,0,0,2,0,1,2,3,1,0,0.2450627675118055,0,6.283185307179586,0.0832565689432195,1.2330000905663332,-0.01,0.15,0.1,0.145,1,-0.7,0,0,0,0,0,0,0,0,0,0,0,0,-0.24491481177747543,-0.24491481177747543,-0.24491481177747543,-0.24491481177747543,0.008514399130239447,0.008514399130239447,0.008514399130239447,0.008514399130239447,0.9999999996706634,0,0.12161633425504098,0
1,2,46,0,0,2,0,1,2,3,1,0,0.24506276745789518,0,6.283185307179586,0.08325656894321946,1.2530000925663332,-0.01,0.15,0.1,0.145,1,-0.7,0,0,0,0,0,0,0,0,0,0,0,0,-0.24491481172331328,-0.24491481172331328,-0.24491481172331328,-0.24491481172331328,0.008514399136546094,0.008514399136546094,0.008514399136546094,0.008514399136546094,0.9999999994363384,0,0.11732845392569133,0
1,2,47,0,0,2,0,1,2,3,1,0,0.24506276740242428,0,6.283185307179586,0.08325656894321956,1.2730000945663331,-0.01,0.15,0.1,0.145,1,-0.7,0,0,0,0,0,0,0,0,0,0,0,0,-0.24491481166758328,-0.24491481166758328,-0.24491481166758328,-0.24491481166758328,0.008514399143035296,0.008514399143035296,0.008514399143035296,0.008514399143035296,1.0000000003278986,0,0.113191753441232,0
1,2,48,0,0,2,0,1,2,3,1,0,0.24506276746170702,0,6.283185307179586,0.08325656894321952,1.293000096566333,-0.01,0.15,0.1,0.145,1,-0.7,0,0,0,0,0,0,0,0,0,0,0,0,-0.24491481172714294,-0.24491481172714294,-0.24491481172714294,-0.24491481172714294,0.008514399136100173,0.008514399136100173,0.008514399136100173,0.008514399136100173,1.0000000006330145,0,0.10920090232721215,0
1,2,49,0,0,2,0,1,2,3,1,0,0.2450627674405601,0,6.283185307179586,0.08325656894321952,1.313000098566333,-0.01,0.15,0.1,0.145,1,-0.7,0,0,0,0,0,0,0,0,0,0,0,0,-0.24491481170589724,-0.24491481170589724,-0.24491481170589724,-0.24491481170589724,0.008514399138574,0.008514399138574,0.008514399138574,0.008514399138574,0.9999999996804605,0,0.10535075820819594,0
1,2,50,0,0,2,0,1,2,3,1,0,0.24506276743491714,0,6.283185307179586,0.08325656894321935,1.333000100566333,-0.01,0.15,0.1,0.145,1,-0.7,0,0,0,0,0,0,0,0,0,0,0,0,-0.2449148117002279,-0.2449148117002279,-0.2449148117002279,-0.2449148117002279,0.008514399139234132,0.008514399139234132,0.008514399139234132,0.008514399139234132,1.0000000002134541,0,0.10163636054310599,0
1,2,51,0,0,2,0,1,2,3,1,0,0.2450627674798462,0,6.283185307179586,0.08325656894321949,1.353000102566333,-0.01,0.15,0.1,0.145,1,-0.7,0,0,0,0,0,0,0,0,0,0,0,0,-0.24491481174536683,-0.24491481174536683,-0.24491481174536683,-0.24491481174536683,0.008514399133978154,0.008514399133978154,0.008514399133978154,0.008514399133978154,1.0000000001085563,0,0.09805292293250353,0
1,2,52,0,0,2,0,1,2,3,1,0,0.2450627674981873,0,6.283185307179586,0.08325656894321949,1.373000104566333,-0.01,0.15,0.1,0.145,1,-0.7,0,0,0,0,0,0,0,0,0,0,0,0,-0.24491481176379362,-0.24491481176379362,-0.24491481176379362,-0.24491481176379362,0.00851439913183257,0.00851439913183257,0.00851439913183257,0.00851439913183257,0.9999999996595808,0,0.09459582805218436,0
1,2,53,0,0,2,0,1,2,3,1,0,0.2450627674842689,0,6.283185307179586,0.08325656894321948,1.3930001065663329,-0.01,0.15,0.1,0.145,1,-0.7,0,0,0,0,0,0,0,0,0,0,0,0,-0.24491481174981017,-0.24491481174981017,-0.24491481174981017,-0.24491481174981017,0.008514399133460783,0.008514399133460783,0.008514399133460783,0.008514399133460783,0.9999999997041447,0,0.09126062158548764,0
1,2,54,0,0,2,0,1,2,3,1,0,0.24506276747395353,0,6.283185307179586,0.08325656894321953,1.4130001085663328,-0.01,0.15,0.1,0.145,1,-0.7,0,0,0,0,0,0,0,0,0,0,0,0,-0.24491481173944663,-0.24491481173944663,-0.24491481173944663,-0.24491481173944663,0.008514399134667498,0.008514399134667498,0.008514399134667498,0.008514399134667498,0.9999999998759708,0,0.08804300597583724,0
1,2,55,0,0,2,0,1,2,3,1,0,0.2450627674717133,0,6.283185307179586,0.08325656894321937,1.4330001105663328,-0.01,0.15,0.1,0.145,1,-0.7,0,0,0,0,0,0,0,0,0,0,0,0,-0.24491481173719593,-0.24491481173719593,-0.24491481173719593,-0.24491481173719593,0.008514399134929603,0.008514399134929603,0.008514399134929603,0.008514399134929603,0.9999999996982054,0,0.08493883522187526,0
1,2,56,0,0,2,0,1,2,3,1,0,0.24506276747846048,0,6.283185307179586,0.08325656894321949,1.4530001125663328,-0.01,0.15,0.1,0.145,1,-0.7,0,0,0,0,0,0,0,0,0,0,0,0,-0.24491481174397464,-0.24491481174397464,-0.24491481174397464,-0.24491481174397464,0.008514399134140257,0.008514399134140257,0.008514399134140257,0.008514399134140257,0.9999999997522702,0,0.0819441095561144,0
1,2,57,0,0,2,0,1,2,3,1,0,0.24506276745140176,0,6.283185307179586,0.08325656894321944,1.4730001145663327,-0.01,0.15,0.1,0.145,1,-0.7,0,0,0,0,0,0,0,0,0,0,0,0,-0.24491481171678953,-0.24491481171678953,-0.24491481171678953,-0.24491481171678953,0.008514399137305699,0.008514399137305699,0.008514399137305699,0.008514399137305699,0.9999999999719793,0,0.07905497022830499,0
1,2,58,0,0,2,0,1,2,3,1,0,0.24506276742907826,0,6.283185307179586,0.08325656894321948,1.4930001165663327,-0.01,0.15,0.1,0.145,1,-0.7,0,0,0,0,0,0,0,0,0,0,0,0,-0.24491481169436177,-0.24491481169436177,-0.24491481169436177,-0.24491481169436177,0.008514399139917195,0.008514399139917195,0.008514399139917195,0.008514399139917195,1.0000000001119704,0,0.07626769461987438,0
1,2,59,0,0,2,0,1,2,3,1,0,0.24506276745040909,0,6.283185307179586,0.08325656894321944,1.5130001185663327,-0.01,0.15,0.1,0.145,1,-0.7,0,0,0,0,0,0,0,0,0,0,0,0,-0.24491481171579224,-0.24491481171579224,-0.24491481171579224,-0.24491481171579224,0.008514399137421807,0.008514399137421807,0.008514399137421807,0.008514399137421807,1.0000000001216671,0,0.07357869117274426,0
1,2,60,0,0,2,0,1,2,3,1,0,0.24506276744152697,0,6.283185307179586,0.08325656894321945,1.5330001205663326,-0.01,0.15,0.1,0.145,1,-0.7,0,0,0,0,0,0,0,0,0,0,0,0,-0.2449148117068686,-0.2449148117068686,-0.2449148117068686,-0.2449148117068686,0.0085143991384609,0.0085143991384609,0.0085143991384609,0.0085143991384609,0.999999999774488,0,0.07098449503478965,0
1,2,61,0,0,2,0,1,2,3,1,0,0.24506276744843272,0,6.283185307179586,0.0832565689432195,1.5530001225663326,-0.01,0.15,0.1,0.145,1,-0.7,0,0,0,0,0,0,0,0,0,0,0,0,-0.2449148117138066,-0.2449148117138066,-0.2449148117138066,-0.2449148117138066,0.008514399137653044,0.008514399137653044,0.008514399137653044,0.008514399137653044,1.0000000000526463,0,0.06848176366941497,0
1,2,62,0,0,2,0,1,2,3,1,0,0.24506276745201905,0,6.283185307179586,0.08325656894321953,1.5730001245663325,-0.01,0.15,0.1,0.145,1,-0.7,0,0,0,0,0,0,0,0,0,0,0,0,-0.24491481171740973,-0.24491481171740973,-0.24491481171740973,-0.24491481171740973,0.008514399137233524,0.008514399137233524,0.008514399137233524,0.008514399137233524,0.9999999998210916,0,0.06606727217293619,0
1,2,63,0,0,2,0,1,2,3,1,0,0.2450627674636799,0,6.283185307179586,0.08325656894321953,1.5930001265663325,-0.01,0.15,0.1,0.145,1,-0.7,0,0,0,0,0,0,0,0,0,0,0,0,-0.244914811729125,-0.244914811729125,-0.244914811729125,-0.244914811729125,0.008514399135869375,0.008514399135869375,0.008514399135869375,0.008514399135869375,1.0000000000662346,0,0.06373790945634851,0
1,2,64,0,0,2,0,1,2,3,1,0,0.24506276743049524,0,6.283185307179586,0.08325656894321941,1.6130001285663325,-0.01,0.15,0.1,0.145,1,-0.7,0,0,0,0,0,0,0,0,0,0,0,0,-0.24491481169578536,-0.24491481169578536,-0.24491481169578536,-0.24491481169578536,0.00851439913975144,0.00851439913975144,0.00851439913975144,0.00851439913975144,0.9999999998650253,0,0.061490674102720536,0
1,2,65,0,0,2,0,1,2,3,1,0,0.24506276744930533,0,6.283185307179586,0.08325656894321938,1.6330001305663324,-0.01,0.15,0.1,0.145,1,-0.7,0,0,0,0,0,0,0,0,0,0,0,0,-0.2449148117146833,-0.2449148117146833,-0.2449148117146833,-0.2449148117146833,0.008514399137550954,0.008514399137550954,0.008514399137550954,0.008514399137550954,1.0000000002841327,0,0.05932267055763517,0
1,2,66,0,0,2,0,1,2,3,1,0,0.24506276741788327,0,6.283185307179586,0.08325656894321945,1.6530001325663324,-0.01,0.15,0.1,0.145,1,-0.7,0,0,0,0,0,0,0,0,0,0,0,0,-0.2449148116831145,-0.2449148116831145,-0.2449148116831145,-0.2449148116831145,0.008514399141226864,0.008514399141226864,0.008514399141226864,0.008514399141226864,0.9999999998063012,0,0.05723110517714769,0
1,2,67,0,0,2,0,1,2,3,1,0,0.24506276741153646,0,6.283185307179586,0.08325656894321952,1.6730001345663323,-0.01,0.15,0.1,0.145,1,-0.7,0,0,0,0,0,0,0,0,0,0,0,0,-0.24491481167673804,-0.24491481167673804,-0.24491481167673804,-0.24491481167673804,0.008514399141969308,0.008514399141969308,0.008514399141969308,0.008514399141969308,1.0000000003672307,0,0.05521328311583434,0
1,2,68,0,0,2,0,1,2,3,1,0,0.24506276740362945,0,6.283185307179586,0.0832565689432195,1.6930001365663323,-0.01,0.15,0.1,0.145,1,-0.7,0,0,0,0,0,0,0,0,0,0,0,0,-0.24491481166879406,-0.24491481166879406,-0.24491481166879406,-0.24491481166879406,0.008514399142894315,0.008514399142894315,0.008514399142894315,0.008514399142894315,1.0000000001054432,0,0.05326660423732576,0
1,2,69,0,0,2,0,1,2,3,1,0,0.24506276744771763,0,6.283185307179586,0.08325656894321949,1.7130001385663323,-0.01,0.15,0.1,0.145,1,-0.7,0,0,0,0,0,0,0,0,0,0,0,0,-0.24491481171308818,-0.24491481171308818,-0.24491481171308818,-0.24491481171308818,0.008514399137736687,0.008514399137736687,0.008514399137736687,0.008514399137736687,1.000000000358114,0,0.051388560279721315,0
1,2,70,0,0,2,0,1,2,3,1,0,0.24506276739941002,0,6.283185307179586,0.08325656894321944,1.7330001405663322,-0.01,0.15,0.1,0.145,1,-0.7,0,0,0,0,0,0,0,0,0,0,0,0,-0.24491481166455492,-0.24491481166455492,-0.24491481166455492,-0.24491481166455492,0.008514399143387946,0.008514399143387946,0.008514399143387946,0.008514399143387946,0.9999999998049205,0,0.04957673129256082,0
1,2,71,0,0,2,0,1,2,3,1,0,0.24506276746588337,0,6.283185307179586,0.08325656894321966,1.7530001425663322,-0.01,0.15,0.1,0.145,1,-0.7,0,0,0,0,0,0,0,0,0,0,0,0,-0.24491481173133878,-0.24491481173133878,-0.24491481173133878,-0.24491481173133878,0.008514399135611587,0.008514399135611587,0.008514399135611587,0.008514399135611587,1.0000000005645462,0,0.04782878286479425,0
1,2,72,0,0,2,0,1,2,3,1,0,0.2450627674579426,0,6.283185307179586,0.08325656894321937,1.7730001445663321,-0.01,0.15,0.1,0.145,1,-0.7,0,0,0,0,0,0,0,0,0,0,0,0,-0.2449148117233609,-0.2449148117233609,-0.2449148117233609,-0.2449148117233609,0.008514399136540562,0.008514399136540562,0.008514399136540562,0.008514399136540562,0.9999999995691531,0,0.04614246246119611,0
1,2,73,0,0,2,0,1,2,3,1,0,0.24506276741349403,0,6.283185307179586,0.08325656894321949,1.793000146566332,-0.01,0.15,0.1,0.145,1,-0.7,0,0,0,0,0,0,0,0,0,0,0,0,-0.24491481167870474,-0.24491481167870474,-0.24491481167870474,-0.24491481167870474,0.008514399141740311,0.008514399141740311,0.008514399141740311,0.008514399141740311,0.9999999999487019,0,0.04451559752367696,0
1,2,74,0,0,2,0,1,2,3,1,0,0.2450627674416571,0,6.283185307179586,0.08325656894321956,1.813000148566332,-0.01,0.15,0.1,0.145,1,-0.7,0,0,0,0,0,0,0,0,0,0,0,0,-0.24491481170699933,-0.24491481170699933,-0.24491481170699933,-0.24491481170699933,0.008514399138445686,0.008514399138445686,0.008514399138445686,0.008514399138445686,1.0000000003884169,0,0.042946091669482336,0
1,2,75,0,0,2,0,1,2,3,1,0,0.24506276742433844,0,6.283185307179586,0.08325656894321941,1.833000150566332,-0.01,0.15,0.1,0.145,1,-0.7,0,0,0,0,0,0,0,0,0,0,0,0,-0.2449148116895998,-0.2449148116895998,-0.2449148116895998,-0.2449148116895998,0.008514399140471687,0.008514399140471687,0.008514399140471687,0.008514399140471687,0.9999999998732441,0,0.04143192248983143,0
1,2,76,0,0,2,0,1,2,3,1,0,0.24506276746530642,0,6.283185307179586,0.08325656894321952,1.853000152566332,-0.01,0.15,0.1,0.145,1,-0.7,0,0,0,0,0,0,0,0,0,0,0,0,-0.24491481173075913,-0.24491481173075913,-0.24491481173075913,-0.24491481173075913,0.008514399135679088,0.008514399135679088,0.008514399135679088,0.008514399135679088,1.0000000001732512,0,0.03997113910603845,0
1,2,77,0,0,2,0,1,2,3,1,0,0.24506276742556546,0,6.283185307179586,0.08325656894321938,1.873000154566332,-0.01,0.15,0.1,0.145,1,-0.7,0,0,0,0,0,0,0,0,0,0,0,0,-0.24491481169083254,-0.24491481169083254,-0.24491481169083254,-0.24491481169083254,0.008514399140328123,0.008514399140328123,0.008514399140328123,0.008514399140328123,0.9999999996457571,0,0.03856185912930711,0
1,2,78,0,0,2,0,1,2,3,1,0,0.24506276744320296,0,6.283185307179586,0.08325656894321955,1.893000156566332,-0.01,0.15,0.1,0.145,1,-0.7,0,0,0,0,0,0,0,0,0,0,0,0,-0.24491481170855242,-0.24491481170855242,-0.24491481170855242,-0.24491481170855242,0.008514399138264846,0.008514399138264846,0.008514399138264846,0.008514399138264846,1.0000000003439982,0,0.03720226685052081,0
1,2,79,0,0,2,0,1,2,3,1,0,0.24506276746891492,0,6.283185307179586,0.08325656894321941,1.9130001585663319,-0.01,0.15,0.1,0.145,1,-0.7,0,0,0,0,0,0,0,0,0,0,0,0,-0.2449148117343845,-0.2449148117343845,-0.2449148117343845,-0.2449148117343845,0.008514399135256971,0.008514399135256971,0.008514399135256971,0.008514399135256971,0.9999999999140341,0,0.03589061022506725,0
1,2,80,0,0,2,0,1,2,3,1,0,0.2450627673962232,0,6.283185307179586,0.08325656894321964,1.9330001605663318,-0.01,0.15,0.1,0.145,1,-0.7,0,0,0,0,0,0,0,0,0,0,0,0,-0.24491481166135323,-0.24491481166135323,-0.24491481166135323,-0.24491481166135323,0.008514399143760707,0.008514399143760707,0.008514399143760707,0.008514399143760707,0.9999999997534537,0,0.0346251992747625,0
1,2,81,0,0,2,0,1,2,3,1,0,0.2450627674586418,0,6.283185307179586,0.08325656894321935,1.9530001625663318,-0.01,0.15,0.1,0.145,1,-0.7,0,0,0,0,0,0,0,0,0,0,0,0,-0.2449148117240634,-0.2449148117240634,-0.2449148117240634,-0.2449148117240634,0.008514399136458742,0.008514399136458742,0.008514399136458742,0.008514399136458742,1.0000000008130545,0,0.03340440354408715,0
1,2,82,0,0,2,0,1,2,3,1,0,0.24506276743524835,0,6.283185307179586,0.0832565689432195,1.9730001645663318,-0.01,0.15,0.1,0.145,1,-0.7,0,0,0,0,0,0,0,0,0,0,0,0,-0.24491481170056068,-0.24491481170056068,-0.24491481170056068,-0.24491481170056068,0.00851439913919538,0.00851439913919538,0.00851439913919538,0.00851439913919538,0.9999999995937765,0,0.03222664980661948,0
1,2,83,0,0,2,0,1,2,3,1,0,0.24506276750397227,0,6.283185307179586,0.08325656894321945,1.9930001665663317,-0.01,0.15,0.1,0.145,1,-0.7,0,0,0,0,0,0,0,0,0,0,0,0,-0.24491481176960558,-0.24491481176960558,-0.24491481176960558,-0.24491481176960558,0.008514399131155833,0.008514399131155833,0.008514399131155833,0.008514399131155833,1.0000000002010374,0,0.031090420760285474,0
1,2,84,0,0,2,0,1,2,3,1,0,0.24506276739206817,0,6.283185307179586,0.08325656894321946,2.0130001685663315,-0.01,0.15,0.1,0.145,1,-0.7,0,0,0,0,0,0,0,0,0,0,0,0,-0.2449148116571788,-0.2449148116571788,-0.2449148116571788,-0.2449148116571788,0.00851439914424682,0.00851439914424682,0.00851439914424682,0.00851439914424682,0.9999999994684101,0,0.029994252140139465,0
1,2,85,0,0,2,0,1,2,3,1,0,0.24506276748883818,0,6.283185307179586,0.08325656894321949,2.033000170566332,-0.01,0.15,0.1,0.145,1,-0.7,0,0,0,0,0,0,0,0,0,0,0,0,-0.24491481175440083,-0.24491481175440083,-0.24491481175440083,-0.24491481175440083,0.00851439913292624,0.00851439913292624,0.00851439913292624,0.00851439913292624,1.0000000009050058,0,0.02893673177824575,0
1,2,86,0,0,2,0,1,2,3,1,0,0.24506276747023303,0,6.283185307179586,0.08325656894321942,2.0530001725663323,-0.01,0.15,0.1,0.145,1,-0.7,0,0,0,0,0,0,0,0,0,0,0,0,-0.24491481173570878,-0.24491481173570878,-0.24491481173570878,-0.24491481173570878,0.008514399135102772,0.008514399135102772,0.008514399135102772,0.008514399135102772,0.9999999993069486,0,0.02791649666831224,0
1,2,87,0,0,2,0,1,2,3,1,0,0.24506276747371236,0,6.283185307179586,0.08325656894321953,2.0730001745663325,-0.01,0.15,0.1,0.145,1,-0.7,0,0,0,0,0,0,0,0,0,0,0,0,-0.24491481173920435,-0.24491481173920435,-0.24491481173920435,-0.24491481173920435,0.008514399134695724,0.008514399134695724,0.008514399134695724,0.008514399134695724,0.9999999998431286,0,0.02693223258136871,0
1,2,88,0,0,2,0,1,2,3,1,0,0.2450627673931396,0,6.283185307179586,0.08325656894321946,2.0930001765663326,-0.01,0.15,0.1,0.145,1,-0.7,0,0,0,0,0,0,0,0,0,0,0,0,-0.2449148116582552,-0.2449148116582552,-0.2449148116582552,-0.2449148116582552,0.008514399144121441,0.008514399144121441,0.008514399144121441,0.008514399144121441,0.9999999997961426,0,0.025982671071160923,0
1,2,89,0,0,2,0,1,2,3,1,0,0.24506276747997327,0,6.283185307179586,0.08325656894321953,2.113000178566333,-0.01,0.15,0.1,0.145,1,-0.7,0,0,0,0,0,0,0,0,0,0,0,0,-0.24491481174549448,-0.24491481174549448,-0.24491481174549448,-0.24491481174549448,0.008514399133963312,0.008514399133963312,0.008514399133963312,0.008514399133963312,1.0000000007426335,0,0.025066588722994294,0
1,2,90,0,0,2,0,1,2,3,1,0,0.24506276744514927,0,6.283185307179586,0.08325656894321942,2.133000180566333,-0.01,0.15,0.1,0.145,1,-0.7,0,0,0,0,0,0,0,0,0,0,0,0,-0.24491481171050783,-0.24491481171050783,-0.24491481171050783,-0.24491481171050783,0.008514399138037131,0.008514399138037131,0.008514399138037131,0.008514399138037131,0.9999999993793871,0,0.02418280496585476,0
1,2,91,0,0,2,0,1,2,3,1,0,0.24506276740939187,0,6.283185307179586,0.08325656894321941,2.153000182566333,-0.01,0.15,0.1,0.145,1,-0.7,0,0,0,0,0,0,0,0,0,0,0,0,-0.24491481167458343,-0.24491481167458343,-0.24491481167458343,-0.24491481167458343,0.008514399142220186,0.008514399142220186,0.008514399142220186,0.008514399142220186,1.0000000002450573,0,0.023330181281091593,0
1,2,92,0,0,2,0,1,2,3,1,0,0.24506276746779126,0,6.283185307179586,0.08325656894321941,2.1730001845663334,-0.01,0.15,0.1,0.145,1,-0.7,0,0,0,0,0,0,0,0,0,0,0,0,-0.2449148117332556,-0.2449148117332556,-0.2449148117332556,-0.2449148117332556,0.008514399135388397,0.008514399135388397,0.008514399135388397,0.008514399135388397,1.0000000003920668,0,0.022507618887977955,0
1,2,93,0,0,2,0,1,2,3,1,0,0.24506276744576813,0,6.283185307179586,0.08325656894321956,2.1930001865663336,-0.01,0.15,0.1,0.145,1,-0.7,0,0,0,0,0,0,0,0,0,0,0,0,-0.24491481171112958,-0.24491481171112958,-0.24491481171112958,-0.24491481171112958,0.008514399137964762,0.008514399137964762,0.008514399137964762,0.008514399137964762,0.9999999995685118,0,0.02171405788237058,0
1,2,94,0,0,2,0,1,2,3,1,0,0.24506276741922794,0,6.283185307179586,0.08325656894321952,2.2130001885663337,-0.01,0.15,0.1,0.145,1,-0.7,0,0,0,0,0,0,0,0,0,0,0,0,-0.24491481168446544,-0.24491481168446544,-0.24491481168446544,-0.24491481168446544,0.008514399141069558,0.008514399141069558,0.008514399141069558,0.008514399141069558,1.0000000001060347,0,0.020948475876536716,0
1,2,95,0,0,2,0,1,2,3,1,0,0.24506276739622612,0,6.283185307179586,0.08325656894321948,2.233000190566334,-0.01,0.15,0.1,0.145,1,-0.7,0,0,0,0,0,0,0,0,0,0,0,0,-0.24491481166135615,-0.24491481166135615,-0.24491481166135615,-0.24491481166135615,0.008514399143760364,0.008514399143760364,0.008514399143760364,0.008514399143760364,1.0000000003001634,0,0.02020988630809792,0
1,2,96,0,0,2,0,1,2,3,1,0,0.24506276745812278,0,6.283185307179586,0.08325656894321949,2.253000192566334,-0.01,0.15,0.1,0.145,1,-0.7,0,0,0,0,0,0,0,0,0,0,0,0,-0.24491481172354196,-0.24491481172354196,-0.24491481172354196,-0.24491481172354196,0.008514399136519479,0.008514399136519479,0.008514399136519479,0.008514399136519479,1.0000000003927099,0,0.01949733751385358,0
1,2,97,0,0,2,0,1,2,3,1,0,0.2450627674680259,0,6.283185307179586,0.08325656894321955,2.2730001945663343,-0.01,0.15,0.1,0.145,1,-0.7,0,0,0,0,0,0,0,0,0,0,0,0,-0.24491481173349133,-0.24491481173349133,-0.24491481173349133,-0.24491481173349133,0.00851439913536095,0.00851439913536095,0.00851439913536095,0.00851439913536095,0.9999999995422026,0,0.018809911322612425,0
1,2,98,0,0,2,0,1,2,3,1,0,0.24506276743307648,0,6.283185307179586,0.08325656894321949,2.2930001965663345,-0.01,0.15,0.1,0.145,1,-0.7,0,0,0,0,0,0,0,0,0,0,0,0,-0.24491481169837867,-0.24491481169837867,-0.24491481169837867,-0.24491481169837867,0.00851439913944946,0.00851439913944946,0.00851439913944946,0.00851439913944946,0.9999999998405809,0,0.018146722061603365,0
1,2,99,0,0,2,0,1,2,3,1,0,0.245062767455784,0,6.283185307179586,0.08325656894321942,2.3130001985663347,-0.01,0.15,0.1,0.145,1,-0.7,0,0,0,0,0,0,0,0,0,0,0,0,-0.24491481172119225,-0.24491481172119225,-0.24491481172119225,-0.24491481172119225,0.008514399136793086,0.008514399136793086,0.008514399136793086,0.008514399136793086,1.0000000002613696,0,0.017506915164880833,0
1,2,100,0,0,2,0,1,2,3,1,0,0.2450627674928645,0,6.283185307179586,0.08325656894321946,2.333000200566335,-0.01,0.15,0.1,0.145,1,-0.7,0,0,0,0,0,0,0,0,0,0,0,0,-0.24491481175844593,-0.24491481175844593,-0.24491481175844593,-0.24491481175844593,0.008514399132455247,0.008514399132455247,0.008514399132455247,0.008514399132455247,0.9999999998261462,0,0.016889666182626488,0
1,2,101,0,0,2,0,1,2,3,1,0,0.24506276748934538,0,6.283185307179586,0.08325656894321955,2.353000202566335,-0.01,0.15,0.1,0.145,1,-0.7,0,0,0,0,0,0,0,0,0,0,0,0,-0.2449148117549104,-0.2449148117549104,-0.2449148117549104,-0.2449148117549104,0.00851439913286691,0.00851439913286691,0.00851439913286691,0.00851439913286691,0.9999999995581472,0,0.016294179824200235,0
1,2,102,0,0,2,0,1,2,3,1,0,0.24506276744727037,0,6.283185307179586,0.08325656894321945,2.373000204566335,-0.01,0.15,0.1,0.145,1,-0.7,0,0,0,0,0,0,0,0,0,0,0,0,-0.24491481171263885,-0.24491481171263885,-0.24491481171263885,-0.24491481171263885,0.00851439913778904,0.00851439913778904,0.00851439913778904,0.00851439913778904,0.9999999997840581,0,0.01571968880952816,0
1,2,103,0,0,2,0,1,2,3,1,0,0.245062767457468,0,6.283185307179586,0.08325656894321956,2.3930002065663354,-0.01,0.15,0.1,0.145,1,-0.7,0,0,0,0,0,0,0,0,0,0,0,0,-0.2449148117228841,-0.2449148117228841,-0.2449148117228841,-0.2449148117228841,0.00851439913659607,0.00851439913659607,0.00851439913659607,0.00851439913659607,1.0000000001400489,0,0.01516545288368503,0
1,2,104,0,0,2,0,1,2,3,1,0,0.24506276746525818,0,6.283185307179586,0.08325656894321941,2.4130002085663356,-0.01,0.15,0.1,0.145,1,-0.7,0,0,0,0,0,0,0,0,0,0,0,0,-0.24491481173071067,-0.24491481173071067,-0.24491481173071067,-0.24491481173071067,0.008514399135684714,0.008514399135684714,0.008514399135684714,0.008514399135684714,0.9999999999000577,0,0.014630757866255126,0
1,2,105,0,0,2,0,1,2,3,1,0,0.24506276747665173,0,6.283185307179586,0.08325656894321955,2.4330002105663358,-0.01,0.15,0.1,0.145,1,-0.7,0,0,0,0,0,0,0,0,0,0,0,0,-0.24491481174215746,-0.24491481174215746,-0.24491481174215746,-0.24491481174215746,0.008514399134351883,0.008514399134351883,0.008514399134351883,0.008514399134351883,0.9999999998630837,0,0.014114914836468128,0
1,2,106,0,0,2,0,1,2,3,1,0,0.24506276744347855,0,6.283185307179586,0.08325656894321953,2.453000212566336,-0.01,0.15,0.1,0.145,1,-0.7,0,0,0,0,0,0,0,0,0,0,0,0,-0.2449148117088293,-0.2449148117088293,-0.2449148117088293,-0.2449148117088293,0.008514399138232586,0.008514399138232586,0.008514399138232586,0.008514399138232586,0.9999999997815676,0,0.013617259107318766,0
1,2,107,0,0,2,0,1,2,3,1,0,0.24506276742014055,0,6.283185307179586,0.08325656894321935,2.473000214566336,-0.01,0.15,0.1,0.145,1,-0.7,0,0,0,0,0,0,0,0,0,0,0,0,-0.24491481168538232,-0.24491481168538232,-0.24491481168538232,-0.24491481168538232,0.008514399140962766,0.008514399140962766,0.008514399140962766,0.008514399140962766,1.0000000002092735,0,0.013137149463469519,0
1,2,108,0,0,2,0,1,2,3,1,0,0.24506276746018577,0,6.283185307179586,0.08325656894321952,2.4930002165663363,-0.01,0.15,0.1,0.145,1,-0.7,0,0,0,0,0,0,0,0,0,0,0,0,-0.24491481172561455,-0.24491481172561455,-0.24491481172561455,-0.24491481172561455,0.008514399136278139,0.008514399136278139,0.008514399136278139,0.008514399136278139,1.0000000001969074,0,0.012673967241645835,0
1,2,109,0,0,2,0,1,2,3,1,0,0.245062767462305,0,6.283185307179586,0.08325656894321948,2.5130002185663365,-0.01,0.15,0.1,0.145,1,-0.7,0,0,0,0,0,0,0,0,0,0,0,0,-0.24491481172774368,-0.24491481172774368,-0.24491481172774368,-0.24491481172774368,0.008514399136030191,0.008514399136030191,0.008514399136030191,0.008514399136030191,0.9999999996837934,0,0.012227115617426608,0
1,2,110,0,0,2,0,1,2,3,1,0,0.24506276746173153,0,6.283185307179586,0.08325656894321942,2.5330002205663367,-0.01,0.15,0.1,0.145,1,-0.7,0,0,0,0,0,0,0,0,0,0,0,0,-0.24491481172716756,-0.24491481172716756,-0.24491481172716756,-0.24491481172716756,0.008514399136097282,0.008514399136097282,0.008514399136097282,0.008514399136097282,0.9999999999587157,0,0.011796018860949543,0
1,2,111,0,0,2,0,1,2,3,1,0,0.24506276743003116,0,6.283185307179586,0.08325656894321953,2.553000222566337,-0.01,0.15,0.1,0.145,1,-0.7,0,0,0,0,0,0,0,0,0,0,0,0,-0.24491481169531912,-0.24491481169531912,-0.24491481169531912,-0.24491481169531912,0.008514399139805713,0.008514399139805713,0.008514399139805713,0.008514399139805713,0.9999999999293436,0,0.011380121466563689,0
1,2,112,0,0,2,0,1,2,3,1,0,0.24506276740215419,0,6.283185307179586,0.08325656894321946,2.573000224566337,-0.01,0.15,0.1,0.145,1,-0.7,0,0,0,0,0,0,0,0,0,0,0,0,-0.2449148116673119,-0.2449148116673119,-0.2449148116673119,-0.2449148116673119,0.008514399143066878,0.008514399143066878,0.008514399143066878,0.008514399143066878,1.0000000002523537,0,0.010978887556969864,0
1,2,113,0,0,2,0,1,2,3,1,0,0.24506276749146852,0,6.283185307179586,0.08325656894321937,2.593000226566337,-0.01,0.15,0.1,0.145,1,-0.7,0,0,0,0,0,0,0,0,0,0,0,0,-0.24491481175704344,-0.24491481175704344,-0.24491481175704344,-0.24491481175704344,0.008514399132618559,0.008514399132618559,0.008514399132618559,0.008514399132618559,1.0000000003448584,0,0.010591800121032547,0
1,2,114,0,0,2,0,1,2,3,1,0,0.2450627674654135,0,6.283185307179586,0.0832565689432195,2.6130002285663374,-0.01,0.15,0.1,0.145,1,-0.7,0,0,0,0,0,0,0,0,0,0,0,0,-0.2449148117308667,-0.2449148117308667,-0.2449148117308667,-0.2449148117308667,0.008514399135666588,0.008514399135666588,0.008514399135666588,0.008514399135666588,0.999999999285631,0,0.01021836036038356,0
1,2,115,0,0,2,0,1,2,3,1,0,0.24506276750035758,0,6.283185307179586,0.08325656894321952,2.6330002305663376,-0.01,0.15,0.1,0.145,1,-0.7,0,0,0,0,0,0,0,0,0,0,0,0,-0.24491481176597402,-0.24491481176597402,-0.24491481176597402,-0.24491481176597402,0.008514399131578684,0.008514399131578684,0.008514399131578684,0.008514399131578684,1.0000000001329017,0,0.00985808718052878,0
1,2,116,0,0,2,0,1,2,3,1,0,0.2450627674602536,0,6.283185307179586,0.08325656894321946,2.6530002325663378,-0.01,0.15,0.1,0.145,1,-0.7,0,0,0,0,0,0,0,0,0,0,0,0,-0.24491481172568272,-0.24491481172568272,-0.24491481172568272,-0.24491481172568272,0.008514399136270162,0.008514399136270162,0.008514399136270162,0.008514399136270162,0.9999999995896109,0,0.009510516275514235,0
1,2,117,0,0,2,0,1,2,3,1,0,0.245062767430896,0,6.283185307179586,0.08325656894321945,2.673000234566338,-0.01,0.15,0.1,0.145,1,-0.7,0,0,0,0,0,0,0,0,0,0,0,0,-0.244914811696188,-0.244914811696188,-0.244914811696188,-0.244914811696188,0.008514399139704537,0.008514399139704537,0.008514399139704537,0.008514399139704537,1.0000000001205978,0,0.00917519986033109,0
1,2,118,0,0,2,0,1,2,3,1,0,0.2450627675043972,0,6.283185307179586,0.08325656894321952,2.693000236566338,-0.01,0.15,0.1,0.145,1,-0.7,0,0,0,0,0,0,0,0,0,0,0,0,-0.24491481177003252,-0.24491481177003252,-0.24491481177003252,-0.24491481177003252,0.008514399131106125,0.008514399131106125,0.008514399131106125,0.008514399131106125,1.0000000002208607,0,0.008851705829062707,0
1,2,119,0,0,2,0,1,2,3,1,0,0.24506276749571437,0,6.283185307179586,0.08325656894321955,2.7130002385663383,-0.01,0.15,0.1,0.145,1,-0.7,0,0,0,0,0,0,0,0,0,0,0,0,-0.2449148117613091,-0.2449148117613091,-0.2449148117613091,-0.2449148117613091,0.008514399132121835,0.008514399132121835,0.008514399132121835,0.008514399132121835,0.9999999992625828,0,0.008539617341837502,0
1,2,120,0,0,2,0,1,2,3,1,0,0.24506276745323483,0,6.283185307179586,0.08325656894321944,2.7330002405663385,-0.01,0.15,0.1,0.145,1,-0.7,0,0,0,0,0,0,0,0,0,0,0,0,-0.24491481171863116,-0.24491481171863116,-0.24491481171863116,-0.24491481171863116,0.008514399137091285,0.008514399137091285,0.008514399137091285,0.008514399137091285,0.9999999998111075,0,0.00823853233065191,0
1,2,121,0,0,2,0,1,2,3,1,0,0.24506276742058974,0,6.283185307179586,0.08325656894321953,2.7530002425663387,-0.01,0.15,0.1,0.145,1,-0.7,0,0,0,0,0,0,0,0,0,0,0,0,-0.2449148116858336,-0.2449148116858336,-0.2449148116858336,-0.2449148116858336,0.00851439914091023,0.00851439914091023,0.00851439914091023,0.00851439914091023,1.000000000171684,0,0.007948062802568464,0
1,2,122,0,0,2,0,1,2,3,1,0,0.24506276739148264,0,6.283185307179586,0.0832565689432195,2.773000244566339,-0.01,0.15,0.1,0.145,1,-0.7,0,0,0,0,0,0,0,0,0,0,0,0,-0.24491481165659051,-0.24491481165659051,-0.24491481165659051,-0.24491481165659051,0.008514399144315293,0.008514399144315293,0.008514399144315293,0.008514399144315293,1.0000000003529461,0,0.007667834479348192,0
1,2,123,0,0,2,0,1,2,3,1,0,0.24506276748853947,0,6.283185307179586,0.08325656894321948,2.793000246566339,-0.01,0.15,0.1,0.145,1,-0.7,0,0,0,0,0,0,0,0,0,0,0,0,-0.2449148117541007,-0.2449148117541007,-0.2449148117541007,-0.2449148117541007,0.008514399132961181,0.008514399132961181,0.008514399132961181,0.008514399132961181,1.0000000004772618,0,0.007397486288894328,0
1,2,124,0,0,2,0,1,2,3,1,0,0.24506276747020858,0,6.283185307179586,0.08325656894321946,2.8130002485663392,-0.01,0.15,0.1,0.145,1,-0.7,0,0,0,0,0,0,0,0,0,0,0,0,-0.24491481173568422,-0.24491481173568422,-0.24491481173568422,-0.24491481173568422,0.008514399135105627,0.008514399135105627,0.008514399135105627,0.008514399135105627,0.999999999269872,0,0.007136669853920187,0
1,2,125,0,0,2,0,1,2,3,1,0,0.24506276745932631,0,6.283185307179586,0.08325656894321956,2.8330002505663394,-0.01,0.15,0.1,0.145,1,-0.7,0,0,0,0,0,0,0,0,0,0,0,0,-0.2449148117247511,-0.2449148117247511,-0.2449148117247511,-0.2449148117247511,0.008514399136378685,0.008514399136378685,0.008514399136378685,0.008514399136378685,1.000000000003329,0,0.0068850491785433674,0
1,2,126,0,0,2,0,1,2,3,1,0,0.24506276745623307,0,6.283185307179586,0.08325656894321946,2.8530002525663396,-0.01,0.15,0.1,0.145,1,-0.7,0,0,0,0,0,0,0,0,0,0,0,0,-0.24491481172164342,-0.24491481172164342,-0.24491481172164342,-0.24491481172164342,0.008514399136740534,0.008514399136740534,0.008514399136740534,0.008514399136740534,1.0000000000976108,0,0.006642299988835007,0
1,2,127,0,0,2,0,1,2,3,1,0,0.24506276745044725,0,6.283185307179586,0.08325656894321949,2.87300025456634,-0.01,0.15,0.1,0.145,1,-0.7,0,0,0,0,0,0,0,0,0,0,0,0,-0.24491481171583054,-0.24491481171583054,-0.24491481171583054,-0.24491481171583054,0.008514399137417385,0.008514399137417385,0.008514399137417385,0.008514399137417385,0.9999999999252118,0,0.006408109513134527,0
1,2,128,0,0,2,0,1,2,3,1,0,0.24506276744105704,0,6.283185307179586,0.08325656894321952,2.89300025656634,-0.01,0.15,0.1,0.145,1,-0.7,0,0,0,0,0,0,0,0,0,0,0,0,-0.24491481170639648,-0.24491481170639648,-0.24491481170639648,-0.24491481170639648,0.008514399138515859,0.008514399138515859,0.008514399138515859,0.008514399138515859,0.9999999999723626,0,0.006182175994255815,0
1,2,129,0,0,2,0,1,2,3,1,0,0.24506276744779645,0,6.283185307179586,0.08325656894321948,2.91300025856634,-0.01,0.15,0.1,0.145,1,-0.7,0,0,0,0,0,0,0,0,0,0,0,0,-0.24491481171316737,-0.24491481171316737,-0.24491481171316737,-0.24491481171316737,0.008514399137727474,0.008514399137727474,0.008514399137727474,0.008514399137727474,1.0000000000596128,0,0.005964208313044389,0
1,2,130,0,0,2,0,1,2,3,1,0,0.2450627673695774,0,6.283185307179586,0.08325656894321952,2.9330002605663403,-0.01,0.15,0.1,0.145,1,-0.7,0,0,0,0,0,0,0,0,0,0,0,0,-0.24491481163458298,-0.24491481163458298,-0.24491481163458298,-0.24491481163458298,0.00851439914687785,0.00851439914687785,0.00851439914687785,0.00851439914687785,0.9999999999803997,0,0.005753925609755881,0
1,2,131,0,0,2,0,1,2,3,1,0,0.24506276742375455,0,6.283185307179586,0.0832565689432195,2.9530002625663405,-0.01,0.15,0.1,0.145,1,-0.7,0,0,0,0,0,0,0,0,0,0,0,0,-0.2449148116890132,-0.2449148116890132,-0.2449148116890132,-0.2449148116890132,0.008514399140539967,0.008514399140539967,0.008514399140539967,0.008514399140539967,1.0000000007919363,0,0.005551056953910523,0
1,2,132,0,0,2,0,1,2,3,1,0,0.245062767438466,0,6.283185307179586,0.08325656894321948,2.9730002645663407,-0.01,0.15,0.1,0.145,1,-0.7,0,0,0,0,0,0,0,0,0,0,0,0,-0.24491481170379334,-0.24491481170379334,-0.24491481170379334,-0.24491481170379334,0.008514399138819012,0.008514399138819012,0.008514399138819012,0.008514399138819012,0.9999999999028519,0,0.00535534089406172,0
1,2,133,0,0,2,0,1,2,3,1,0,0.2450627675097079,0,6.283185307179586,0.08325656894321949,2.993000266566341,-0.01,0.15,0.1,0.145,1,-0.7,0,0,0,0,0,0,0,0,0,0,0,0,-0.24491481177536803,-0.24491481177536803,-0.24491481177536803,-0.24491481177536803,0.008514399130484844,0.008514399130484844,0.008514399130484844,0.008514399130484844,0.9999999998146638,0,0.005166525300686561,0
1,2,134,0,0,2,0,1,2,3,1,0,0.24506276740098512,0,6.283185307179586,0.08325656894321952,3.013000268566341,-0.01,0.15,0.1,0.145,1,-0.7,0,0,0,0,0,0,0,0,0,0,0,0,-0.24491481166613738,-0.24491481166613738,-0.24491481166613738,-0.24491481166613738,0.008514399143203667,0.008514399143203667,0.008514399143203667,0.008514399143203667,0.9999999993040669,0,0.004984366847336861,0
1,2,135,0,0,2,0,1,2,3,1,0,0.2450627674569671,0,6.283185307179586,0.08325656894321937,3.0330002705663412,-0.01,0.15,0.1,0.145,1,-0.7,0,0,0,0,0,0,0,0,0,0,0,0,-0.24491481172238086,-0.24491481172238086,-0.24491481172238086,-0.24491481172238086,0.008514399136654685,0.008514399136654685,0.008514399136654685,0.008514399136654685,1.0000000008121237,0,0.004808630869482223,0
1,2,136,0,0,2,0,1,2,3,1,0,0.24506276742684455,0,6.283185307179586,0.08325656894321957,3.0530002725663414,-0.01,0.15,0.1,0.145,1,-0.7,0,0,0,0,0,0,0,0,0,0,0,0,-0.2449148116921176,-0.2449148116921176,-0.2449148116921176,-0.2449148116921176,0.008514399140178505,0.008514399140178505,0.008514399140178505,0.008514399140178505,0.9999999997231432,0,0.004639090850232543,0
1,2,137,0,0,2,0,1,2,3,1,0,0.2450627674885428,0,6.283185307179586,0.08325656894321937,3.0730002745663416,-0.01,0.15,0.1,0.145,1,-0.7,0,0,0,0,0,0,0,0,0,0,0,0,-0.24491481175410407,-0.24491481175410407,-0.24491481175410407,-0.24491481175410407,0.008514399132960825,0.008514399132960825,0.008514399132960825,0.008514399132960825,1.0000000002132268,0,0.004475528404381647,0
1,2,138,0,0,2,0,1,2,3,1,0,0.2450627674560826,0,6.283185307179586,0.08325656894321952,3.093000276566342,-0.01,0.15,0.1,0.145,1,-0.7,0,0,0,0,0,0,0,0,0,0,0,0,-0.24491481172149224,-0.24491481172149224,-0.24491481172149224,-0.24491481172149224,0.00851439913675812,0.00851439913675812,0.00851439913675812,0.00851439913675812,0.9999999994379474,0,0.0043177327306245464,0
1,2,139,0,0,2,0,1,2,3,1,0,0.24506276743436822,0,6.283185307179586,0.08325656894321948,3.113000278566342,-0.01,0.15,0.1,0.145,1,-0.7,0,0,0,0,0,0,0,0,0,0,0,0,-0.24491481169967644,-0.24491481169967644,-0.24491481169967644,-0.24491481169967644,0.00851439913929837,0.00851439913929837,0.00851439913929837,0.00851439913929837,1.0000000001461213,0,0.004165500548671412,0
1,2,140,0,0,2,0,1,2,3,1,0,0.24506276747093939,0,6.283185307179586,0.08325656894321956,3.133000280566342,-0.01,0.15,0.1,0.145,1,-0.7,0,0,0,0,0,0,0,0,0,0,0,0,-0.24491481173641844,-0.24491481173641844,-0.24491481173641844,-0.24491481173641844,0.00851439913502013,0.00851439913502013,0.00851439913502013,0.00851439913502013,1.0000000001959295,0,0.004018635674799714,0
1,2,141,0,0,2,0,1,2,3,1,0,0.2450627674207871,0,6.283185307179586,0.08325656894321941,3.1530002825663423,-0.01,0.15,0.1,0.145,1,-0.7,0,0,0,0,0,0,0,0,0,0,0,0,-0.24491481168603185,-0.24491481168603185,-0.24491481168603185,-0.24491481168603185,0.008514399140887126,0.008514399140887126,0.008514399140887126,0.008514399140887126,0.9999999996439559,0,0.0038769488731206147,0
1,2,142,0,0,2,0,1,2,3,1,0,0.24506276742171593,0,6.283185307179586,0.08325656894321941,3.1730002845663425,-0.01,0.15,0.1,0.145,1,-0.7,0,0,0,0,0,0,0,0,0,0,0,0,-0.24491481168696505,-0.24491481168696505,-0.24491481168696505,-0.24491481168696505,0.008514399140778492,0.008514399140778492,0.008514399140778492,0.008514399140778492,1.0000000003028466,0,0.0037402576002580016,0
1,2,143,0,0,2,0,1,2,3,1,0,0.24506276743877614,0,6.283185307179586,0.08325656894321949,3.1930002865663427,-0.01,0.15,0.1,0.145,1,-0.7,0,0,0,0,0,0,0,0,0,0,0,0,-0.24491481170410495,-0.24491481170410495,-0.24491481170410495,-0.24491481170410495,0.008514399138782705,0.008514399138782705,0.008514399138782705,0.008514399138782705,1.0000000001426006,0,0.003608385698943763,0
1,2,144,0,0,2,0,1,2,3,1,0,0.24506276741393812,0,6.283185307179586,0.08325656894321946,3.213000288566343,-0.01,0.15,0.1,0.145,1,-0.7,0,0,0,0,0,0,0,0,0,0,0,0,-0.24491481167915088,-0.24491481167915088,-0.24491481167915088,-0.24491481167915088,0.008514399141688346,0.008514399141688346,0.008514399141688346,0.008514399141688346,0.9999999999696625,0,0.0034811632641175644,0
1,2,145,0,0,2,0,1,2,3,1,0,0.24506276743507943,0,6.283185307179586,0.08325656894321941,3.233000290566343,-0.01,0.15,0.1,0.145,1,-0.7,0,0,0,0,0,0,0,0,0,0,0,0,-0.24491481170039098,-0.24491481170039098,-0.24491481170039098,-0.24491481170039098,0.008514399139215159,0.008514399139215159,0.008514399139215159,0.008514399139215159,1.0000000003617506,0,0.003358426372612637,0
1,2,146,0,0,2,0,1,2,3,1,0,0.24506276742509292,0,6.283185307179586,0.08325656894321955,3.2530002925663433,-0.01,0.15,0.1,0.145,1,-0.7,0,0,0,0,0,0,0,0,0,0,0,0,-0.24491481169035778,-0.24491481169035778,-0.24491481169035778,-0.24491481169035778,0.00851439914038342,0.00851439914038342,0.00851439914038342,0.00851439914038342,1.0000000000499476,0,0.00324001686115636,0
1,2,147,0,0,2,0,1,2,3,1,0,0.24506276751860617,0,6.283185307179586,0.08325656894321944,3.2730002945663434,-0.01,0.15,0.1,0.145,1,-0.7,0,0,0,0,0,0,0,0,0,0,0,0,-0.24491481178430785,-0.24491481178430785,-0.24491481178430785,-0.24491481178430785,0.008514399129443904,0.008514399129443904,0.008514399129443904,0.008514399129443904,1.0000000001625349,0,0.0031257821722408116,0
1,2,148,0,0,2,0,1,2,3,1,0,0.24506276748867167,0,6.283185307179586,0.08325656894321949,3.2930002965663436,-0.01,0.15,0.1,0.145,1,-0.7,0,0,0,0,0,0,0,0,0,0,0,0,-0.24491481175423352,-0.24491481175423352,-0.24491481175423352,-0.24491481175423352,0.008514399132945731,0.008514399132945731,0.008514399132945731,0.008514399132945731,0.999999999160825,0,0.0030155750920892663,0
1,2,149,0,0,2,0,1,2,3,1,0,0.24506276741684288,0,6.283185307179586,0.0832565689432195,3.313000298566344,-0.01,0.15,0.1,0.145,1,-0.7,0,0,0,0,0,0,0,0,0,0,0,0,-0.24491481168206922,-0.24491481168206922,-0.24491481168206922,-0.24491481168206922,0.00851439914134854,0.00851439914134854,0.00851439914134854,0.00851439914134854,0.9999999999568407,0,0.0029092536505554117,0
1,2,150,0,0,2,0,1,2,3,1,0,0.24506276749180658,0,6.283185307179586,0.08325656894321941,3.333000300566344,-0.01,0.15,0.1,0.145,1,-0.7,0,0,0,0,0,0,0,0,0,0,0,0,-0.24491481175738308,-0.24491481175738308,-0.24491481175738308,-0.24491481175738308,0.008514399132579016,0.008514399132579016,0.008514399132579016,0.008514399132579016,1.0000000004776775,0,0.002806680828445732,0
1,2,151,0,0,2,0,1,2,3,1,0,0.24506276745047986,0,6.283185307179586,0.08325656894321959,3.353000302566344,-0.01,0.15,0.1,0.145,1,-0.7,0,0,0,0,0,0,0,0,0,0,0,0,-0.24491481171586332,-0.24491481171586332,-0.24491481171586332,-0.24491481171586332,0.008514399137413585,0.008514399137413585,0.008514399137413585,0.008514399137413585,0.9999999993438777,0,0.002707724443658846,0
1,2,152,0,0,2,0,1,2,3,1,0,0.24506276741898725,0,6.283185307179586,0.08325656894321949,3.3730003045663444,-0.01,0.15,0.1,0.145,1,-0.7,0,0,0,0,0,0,0,0,0,0,0,0,-0.2449148116842236,-0.2449148116842236,-0.2449148116842236,-0.2449148116842236,0.008514399141097674,0.008514399141097674,0.008514399141097674,0.008514399141097674,1.0000000002067324,0,0.0026122570265438953,0
1,2,153,0,0,2,0,1,2,3,1,0,0.24506276748793435,0,6.283185307179586,0.08325656894321942,3.3930003065663445,-0.01,0.15,0.1,0.145,1,-0.7,0,0,0,0,0,0,0,0,0,0,0,0,-0.24491481175349278,-0.24491481175349278,-0.24491481175349278,-0.24491481175349278,0.008514399133031966,0.008514399133031966,0.008514399133031966,0.008514399133031966,1.0000000003134097,0,0.0025201555392227854,0
1,2,154,0,0,2,0,1,2,3,1,0,0.2450627674683979,0,6.283185307179586,0.08325656894321944,3.4130003085663447,-0.01,0.15,0.1,0.145,1,-0.7,0,0,0,0,0,0,0,0,0,0,0,0,-0.24491481173386503,-0.24491481173386503,-0.24491481173386503,-0.24491481173386503,0.008514399135317426,0.008514399135317426,0.008514399135317426,0.008514399135317426,0.9999999994702131,0,0.0024313013052015943,0
1,2,155,0,0,2,0,1,2,3,1,0,0.2450627674566518,0,6.283185307179586,0.08325656894321942,3.433000310566345,-0.01,0.15,0.1,0.145,1,-0.7,0,0,0,0,0,0,0,0,0,0,0,0,-0.24491481172206409,-0.24491481172206409,-0.24491481172206409,-0.24491481172206409,0.008514399136691527,0.008514399136691527,0.008514399136691527,0.008514399136691527,0.9999999999822062,0,0.0023455798568088517,0
1,2,156,0,0,2,0,1,2,3,1,0,0.24506276750114797,0,6.283185307179586,0.08325656894321957,3.453000312566345,-0.01,0.15,0.1,0.145,1,-0.7,0,0,0,0,0,0,0,0,0,0,0,0,-0.2449148117667681,-0.2449148117667681,-0.2449148117667681,-0.2449148117667681,0.008514399131486178,0.008514399131486178,0.008514399131486178,0.008514399131486178,1.0000000000794378,0,0.0022628807221289327,0
1,2,157,0,0,2,0,1,2,3,1,0,0.24506276741766997,0,6.283185307179586,0.08325656894321942,3.4730003145663453,-0.01,0.15,0.1,0.145,1,-0.7,0,0,0,0,0,0,0,0,0,0,0,0,-0.24491481168290016,-0.24491481168290016,-0.24491481168290016,-0.24491481168290016,0.008514399141251808,0.008514399141251808,0.008514399141251808,0.008514399141251808,0.9999999994466116,0,0.002183097342635927,0
1,2,158,0,0,2,0,1,2,3,1,0,0.24506276742651392,0,6.283185307179586,0.08325656894321955,3.4930003165663455,-0.01,0.15,0.1,0.145,1,-0.7,0,0,0,0,0,0,0,0,0,0,0,0,-0.24491481169178544,-0.24491481169178544,-0.24491481169178544,-0.24491481169178544,0.00851439914021718,0.00851439914021718,0.00851439914021718,0.00851439914021718,1.0000000005296297,0,0.00210612693353076,0
1,2,159,0,0,2,0,1,2,3,1,0,0.2450627674855929,0,6.283185307179586,0.08325656894321942,3.5130003185663456,-0.01,0.15,0.1,0.145,1,-0.7,0,0,0,0,0,0,0,0,0,0,0,0,-0.24491481175114035,-0.24491481175114035,-0.24491481175114035,-0.24491481175114035,0.00851439913330593,0.00851439913330593,0.00851439913330593,0.00851439913330593,1.0000000000490612,0,0.0020318702911706443,0
1,2,160,0,0,2,0,1,2,3,1,0,0.24506276746514988,0,6.283185307179586,0.08325656894321955,3.533000320566346,-0.01,0.15,0.1,0.145,1,-0.7,0,0,0,0,0,0,0,0,0,0,0,0,-0.24491481173060187,-0.24491481173060187,-0.24491481173060187,-0.24491481173060187,0.008514399135697414,0.008514399135697414,0.008514399135697414,0.008514399135697414,0.9999999994998952,0,0.001960231747423456,0
1,2,161,0,0,2,0,1,2,3,1,0,0.24506276744172908,0,6.283185307179586,0.08325656894321945,3.553000322566346,-0.01,0.15,0.1,0.145,1,-0.7,0,0,0,0,0,0,0,0,0,0,0,0,-0.24491481170707166,-0.24491481170707166,-0.24491481170707166,-0.24491481170707166,0.00851439913843729,0.00851439913843729,0.00851439913843729,0.00851439913843729,1.0000000000334373,0,0.0018911190032458675,0
1,2,162,0,0,2,0,1,2,3,1,0,0.24506276742304395,0,6.283185307179586,0.0832565689432195,3.573000324566346,-0.01,0.15,0.1,0.145,1,-0.7,0,0,0,0,0,0,0,0,0,0,0,0,-0.24491481168829926,-0.24491481168829926,-0.24491481168829926,-0.24491481168829926,0.008514399140623132,0.008514399140623132,0.008514399140623132,0.008514399140623132,1.0000000001656604,0,0.001824442994477715,0
1,2,163,0,0,2,0,1,2,3,1,0,0.24506276739804156,0,6.283185307179586,0.08325656894321952,3.5930003265663464,-0.01,0.15,0.1,0.145,1,-0.7,0,0,0,0,0,0,0,0,0,0,0,0,-0.24491481166318008,-0.24491481166318008,-0.24491481166318008,-0.24491481166318008,0.008514399143548011,0.008514399143548011,0.008514399143548011,0.008514399143548011,1.0000000002234852,0,0.0017601178104741677,0
1,2,164,0,0,2,0,1,2,3,1,0,0.24506276742950125,0,6.283185307179586,0.08325656894321945,3.6130003285663466,-0.01,0.15,0.1,0.145,1,-0.7,0,0,0,0,0,0,0,0,0,0,0,0,-0.24491481169478674,-0.24491481169478674,-0.24491481169478674,-0.24491481169478674,0.008514399139867733,0.008514399139867733,0.008514399139867733,0.008514399139867733,1.0000000003595613,0,0.0016980605681566315,0
1,2,165,0,0,2,0,1,2,3,1,0,0.24506276745826808,0,6.283185307179586,0.08325656894321956,3.6330003305663467,-0.01,0.15,0.1,0.145,1,-0.7,0,0,0,0,0,0,0,0,0,0,0,0,-0.24491481172368793,-0.24491481172368793,-0.24491481172368793,-0.24491481172368793,0.00851439913650248,0.00851439913650248,0.00851439913650248,0.00851439913650248,0.9999999999524665,0,0.0016381913011767925,0
1,2,166,0,0,2,0,1,2,3,1,0,0.24506276744247005,0,6.283185307179586,0.08325656894321955,3.653000332566347,-0.01,0.15,0.1,0.145,1,-0.7,0,0,0,0,0,0,0,0,0,0,0,0,-0.2449148117078161,-0.2449148117078161,-0.2449148117078161,-0.2449148117078161,0.008514399138350602,0.008514399138350602,0.008514399138350602,0.008514399138350602,0.9999999997886091,0,0.0015804328731491965,0
1,2,167,0,0,2,0,1,2,3,1,0,0.24506276743203473,0,6.283185307179586,0.08325656894321948,3.673000334566347,-0.01,0.15,0.1,0.145,1,-0.7,0,0,0,0,0,0,0,0,0,0,0,0,-0.24491481169733204,-0.24491481169733204,-0.24491481169733204,-0.24491481169733204,0.00851439913957134,0.00851439913957134,0.00851439913957134,0.00851439913957134,1.000000000074989,0,0.0015247108620679364,0
1,2,168,0,0,2,0,1,2,3,1,0,0.24506276743171942,0,6.283185307179586,0.08325656894321942,3.6930003365663473,-0.01,0.15,0.1,0.145,1,-0.7,0,0,0,0,0,0,0,0,0,0,0,0,-0.24491481169701526,-0.24491481169701526,-0.24491481169701526,-0.24491481169701526,0.008514399139608228,0.008514399139608228,0.008514399139608228,0.008514399139608228,1.0000000001066374,0,0.001470953464527052,0
1,2,169,0,0,2,0,1,2,3,1,0,0.24506276747596803,0,6.283185307179586,0.08325656894321952,3.7130003385663475,-0.01,0.15,0.1,0.145,1,-0.7,0,0,0,0,0,0,0,0,0,0,0,0,-0.24491481174147056,-0.24491481174147056,-0.24491481174147056,-0.24491481174147056,0.00851439913443187,0.00851439913443187,0.00851439913443187,0.00851439913443187,1.0000000000957412,0,0.0014190914146507997,0
1,2,170,0,0,2,0,1,2,3,1,0,0.24506276743978528,0,6.283185307179586,0.08325656894321955,3.7330003405663477,-0.01,0.15,0.1,0.145,1,-0.7,0,0,0,0,0,0,0,0,0,0,0,0,-0.24491481170511878,-0.24491481170511878,-0.24491481170511878,-0.24491481170511878,0.008514399138664683,0.008514399138664683,0.008514399138664683,0.008514399138664683,0.9999999996157642,0,0.0013690578855100593,0
1,2,171,0,0,2,0,1,2,3,1,0,0.245062767461262,0,6.283185307179586,0.08325656894321944,3.753000342566348,-0.01,0.15,0.1,0.145,1,-0.7,0,0,0,0,0,0,0,0,0,0,0,0,-0.2449148117266958,-0.2449148117266958,-0.2449148117266958,-0.2449148117266958,0.008514399136152243,0.008514399136152243,0.008514399136152243,0.008514399136152243,1.0000000002014318,0,0.0013207884161344466,0
1,2,172,0,0,2,0,1,2,3,1,0,0.2450627674325024,0,6.283185307179586,0.08325656894321948,3.773000344566348,-0.01,0.15,0.1,0.145,1,-0.7,0,0,0,0,0,0,0,0,0,0,0,0,-0.2449148116978019,-0.2449148116978019,-0.2449148116978019,-0.2449148116978019,0.008514399139516663,0.008514399139516663,0.008514399139516663,0.008514399139516663,0.9999999997803855,0,0.0012742207992681262,0
1,2,173,0,0,2,0,1,2,3,1,0,0.2450627673967985,0,6.283185307179586,0.08325656894321956,3.793000346566348,-0.01,0.15,0.1,0.145,1,-0.7,0,0,0,0,0,0,0,0,0,0,0,0,-0.24491481166193121,-0.24491481166193121,-0.24491481166193121,-0.24491481166193121,0.008514399143693428,0.008514399143693428,0.008514399143693428,0.008514399143693428,1.0000000002169722,0,0.0012292950413175696,0
1,2,174,0,0,2,0,1,2,3,1,0,0.2450627675103035,0,6.283185307179586,0.08325656894321946,3.8130003485663484,-0.01,0.15,0.1,0.145,1,-0.7,0,0,0,0,0,0,0,0,0,0,0,0,-0.2449148117759664,-0.2449148117759664,-0.2449148117759664,-0.2449148117759664,0.008514399130415172,0.008514399130415172,0.008514399130415172,0.008514399130415172,1.0000000004700764,0,0.0011859532494919677,0
1,2,175,0,0,2,0,1,2,3,1,0,0.2450627674468235,0,6.283185307179586,0.08325656894321949,3.8330003505663486,-0.01,0.15,0.1,0.145,1,-0.7,0,0,0,0,0,0,0,0,0,0,0,0,-0.2449148117121899,-0.2449148117121899,-0.2449148117121899,-0.2449148117121899,0.008514399137841324,0.008514399137841324,0.008514399137841324,0.008514399137841324,0.9999999991128679,0,0.0011441395706427882,0
1,2,176,0,0,2,0,1,2,3,1,0,0.24506276738625501,0,6.283185307179586,0.08325656894321949,3.8530003525663488,-0.01,0.15,0.1,0.145,1,-0.7,0,0,0,0,0,0,0,0,0,0,0,0,-0.24491481165133847,-0.24491481165133847,-0.24491481165133847,-0.24491481165133847,0.008514399144926818,0.008514399144926818,0.008514399144926818,0.008514399144926818,1.0000000003160299,0,0.0011038001471820999,0
1,2,177,0,0,2,0,1,2,3,1,0,0.24506276739467595,0,6.283185307179586,0.08325656894321944,3.873000354566349,-0.01,0.15,0.1,0.145,1,-0.7,0,0,0,0,0,0,0,0,0,0,0,0,-0.24491481165979875,-0.24491481165979875,-0.24491481165979875,-0.24491481165979875,0.008514399143941693,0.008514399143941693,0.008514399143941693,0.008514399143941693,1.0000000006099086,0,0.0010648829840082857,0
1,2,178,0,0,2,0,1,2,3,1,0,0.2450627674607629,0,6.283185307179586,0.08325656894321946,3.893000356566349,-0.01,0.15,0.1,0.145,1,-0.7,0,0,0,0,0,0,0,0,0,0,0,0,-0.2449148117261944,-0.2449148117261944,-0.2449148117261944,-0.2449148117261944,0.0085143991362106,0.0085143991362106,0.0085143991362106,0.0085143991362106,1.0000000002573124,0,0.001027337937216975,0
1,2,179,0,0,2,0,1,2,3,1,0,0.24506276743628108,0,6.283185307179586,0.08325656894321955,3.9130003585663493,-0.01,0.15,0.1,0.145,1,-0.7,0,0,0,0,0,0,0,0,0,0,0,0,-0.24491481170159823,-0.24491481170159823,-0.24491481170159823,-0.24491481170159823,0.008514399139074601,0.008514399139074601,0.008514399139074601,0.008514399139074601,0.9999999995863771,0,0.0009911166315692433,0
1,2,180,0,0,2,0,1,2,3,1,0,0.2450627674216335,0,6.283185307179586,0.08325656894321942,3.9330003605663495,-0.01,0.15,0.1,0.145,1,-0.7,0,0,0,0,0,0,0,0,0,0,0,0,-0.2449148116868822,-0.2449148116868822,-0.2449148116868822,-0.2449148116868822,0.008514399140788137,0.008514399140788137,0.008514399140788137,0.008514399140788137,1.0000000001328084,0,0.0009561724014731369,0
1,2,181,0,0,2,0,1,2,3,1,0,0.24506276750384356,0,6.283185307179586,0.08325656894321952,3.9530003625663497,-0.01,0.15,0.1,0.145,1,-0.7,0,0,0,0,0,0,0,0,0,0,0,0,-0.2449148117694763,-0.2449148117694763,-0.2449148117694763,-0.2449148117694763,0.00851439913117083,0.00851439913117083,0.00851439913117083,0.00851439913117083,1.000000000226147,0,0.0009224602130555137,0
1,2,182,0,0,2,0,1,2,3,1,0,0.24506276744527714,0,6.283185307179586,0.08325656894321938,3.97300036456635,-0.01,0.15,0.1,0.145,1,-0.7,0,0,0,0,0,0,0,0,0,0,0,0,-0.2449148117106363,-0.2449148117106363,-0.2449148117106363,-0.2449148117106363,0.008514399138022198,0.008514399138022198,0.008514399138022198,0.008514399138022198,0.9999999992226902,0,0.0008899366264225672,0
1,2,183,0,0,2,0,1,2,3,1,0,0.24506276740640173,0,6.283185307179586,0.08325656894321949,3.99300036656635,-0.01,0.15,0.1,0.145,1,-0.7,0,0,0,0,0,0,0,0,0,0,0,0,-0.2449148116715793,-0.2449148116715793,-0.2449148116715793,-0.2449148116715793,0.008514399142569976,0.008514399142569976,0.008514399142569976,0.008514399142569976,1.0000000003417195,0,0.0008585597453371722,0
1,2,184,0,0,2,0,1,2,3,1,0,0.24506276743475705,0,6.283185307179586,0.08325656894321949,4.013000368566351,-0.01,0.15,0.1,0.145,1,-0.7,0,0,0,0,0,0,0,0,0,0,0,0,-0.24491481170006707,-0.24491481170006707,-0.24491481170006707,-0.24491481170006707,0.00851439913925285,0.00851439913925285,0.00851439913925285,0.00851439913925285,1.0000000003902807,0,0.0008282891293318036,0
1,2,185,0,0,2,0,1,2,3,1,0,0.24506276746580347,0,6.283185307179586,0.08325656894321942,4.0330003705663495,-0.01,0.15,0.1,0.145,1,-0.7,0,0,0,0,0,0,0,0,0,0,0,0,-0.2449148117312585,-0.2449148117312585,-0.2449148117312585,-0.2449148117312585,0.008514399135620953,0.008514399135620953,0.008514399135620953,0.008514399135620953,0.999999999950484,0,0.0007990857755356882,0
1,2,186,0,0,2,0,1,2,3,1,0,0.24506276739907035,0,6.283185307179586,0.08325656894321956,4.053000372566349,-0.01,0.15,0.1,0.145,1,-0.7,0,0,0,0,0,0,0,0,0,0,0,0,-0.2449148116642137,-0.2449148116642137,-0.2449148116642137,-0.2449148116642137,0.008514399143427618,0.008514399143427618,0.008514399143427618,0.008514399143427618,0.9999999997465441,0,0.0007709120582858665,0
1,2,187,0,0,2,0,1,2,3,1,0,0.2450627674731255,0,6.283185307179586,0.08325656894321937,4.073000374566349,-0.01,0.15,0.1,0.145,1,-0.7,0,0,0,0,0,0,0,0,0,0,0,0,-0.24491481173861473,-0.24491481173861473,-0.24491481173861473,-0.24491481173861473,0.0085143991347644,0.0085143991347644,0.0085143991347644,0.0085143991347644,1.0000000006384502,0,0.0007437316774673056,0
1,2,188,0,0,2,0,1,2,3,1,0,0.24506276742522798,0,6.283185307179586,0.0832565689432196,4.093000376566349,-0.01,0.15,0.1,0.145,1,-0.7,0,0,0,0,0,0,0,0,0,0,0,0,-0.24491481169049348,-0.24491481169049348,-0.24491481169049348,-0.24491481169049348,0.00851439914036764,0.00851439914036764,0.00851439914036764,0.00851439914036764,0.9999999995062225,0,0.0007175096009269059,0
1,2,189,0,0,2,0,1,2,3,1,0,0.2450627673745728,0,6.283185307179586,0.08325656894321949,4.1130003785663485,-0.01,0.15,0.1,0.145,1,-0.7,0,0,0,0,0,0,0,0,0,0,0,0,-0.24491481163960171,-0.24491481163960171,-0.24491481163960171,-0.24491481163960171,0.008514399146293448,0.008514399146293448,0.008514399146293448,0.008514399146293448,1.0000000003609024,0,0.0006922120538434896,0
1,2,190,0,0,2,0,1,2,3,1,0,0.24506276742671965,0,6.283185307179586,0.08325656894321945,4.133000380566348,-0.01,0.15,0.1,0.145,1,-0.7,0,0,0,0,0,0,0,0,0,0,0,0,-0.2449148116919921,-0.2449148116919921,-0.2449148116919921,-0.2449148116919921,0.008514399140193118,0.008514399140193118,0.008514399140193118,0.008514399140193118,1.0000000005708767,0,0.0006678064315655285,0
1,2,191,0,0,2,0,1,2,3,1,0,0.24506276749861983,0,6.283185307179586,0.08325656894321937,4.153000382566348,-0.01,0.15,0.1,0.145,1,-0.7,0,0,0,0,0,0,0,0,0,0,0,0,-0.24491481176422816,-0.24491481176422816,-0.24491481176422816,-0.24491481176422816,0.00851439913178197,0.00851439913178197,0.00851439913178197,0.00851439913178197,0.9999999998452065,0,0.0006442612858566571,0
1,2,192,0,0,2,0,1,2,3,1,0,0.24506276738962374,0,6.283185307179586,0.08325656894321956,4.173000384566348,-0.01,0.15,0.1,0.145,1,-0.7,0,0,0,0,0,0,0,0,0,0,0,0,-0.24491481165472295,-0.24491481165472295,-0.24491481165472295,-0.24491481165472295,0.008514399144532727,0.008514399144532727,0.008514399144532727,0.008514399144532727,0.9999999993437143,0,0.0006215462826391811,0
1,2,193,0,0,2,0,1,2,3,1,0,0.24506276743544325,0,6.283185307179586,0.08325656894321935,4.193000386566347,-0.01,0.15,0.1,0.145,1,-0.7,0,0,0,0,0,0,0,0,0,0,0,0,-0.2449148117007565,-0.2449148117007565,-0.2449148117007565,-0.2449148117007565,0.008514399139172584,0.008514399139172584,0.008514399139172584,0.008514399139172584,1.00000000090402,0,0.0005996321575405994,0
1,2,194,0,0,2,0,1,2,3,1,0,0.2450627674417953,0,6.283185307179586,0.0832565689432194,4.213000388566347,-0.01,0.15,0.1,0.145,1,-0.7,0,0,0,0,0,0,0,0,0,0,0,0,-0.24491481170713822,-0.24491481170713822,-0.24491481170713822,-0.24491481170713822,0.008514399138429525,0.008514399138429525,0.008514399138429525,0.008514399138429525,0.9999999998256595,0,0.0005784906616440529,0
1,2,195,0,0,2,0,1,2,3,1,0,0.24506276741135327,0,6.283185307179586,0.08325656894321952,4.233000390566347,-0.01,0.15,0.1,0.145,1,-0.7,0,0,0,0,0,0,0,0,0,0,0,0,-0.24491481167655396,-0.24491481167655396,-0.24491481167655396,-0.24491481167655396,0.008514399141990744,0.008514399141990744,0.008514399141990744,0.008514399141990744,1.0000000000066027,0,0.0005580945638202199,0
1,2,196,0,0,2,0,1,2,3,1,0,0.24506276745443728,0,6.283185307179586,0.08325656894321944,4.253000392566347,-0.01,0.15,0.1,0.145,1,-0.7,0,0,0,0,0,0,0,0,0,0,0,0,-0.24491481171983923,-0.24491481171983923,-0.24491481171983923,-0.24491481171983923,0.008514399136950594,0.008514399136950594,0.008514399136950594,0.008514399136950594,1.0000000002817382,0,0.0005384175805843164,0
1,2,197,0,0,2,0,1,2,3,1,0,0.24506276745358116,0,6.283185307179586,0.0832565689432195,4.273000394566346,-0.01,0.15,0.1,0.145,1,-0.7,0,0,0,0,0,0,0,0,0,0,0,0,-0.2449148117189791,-0.2449148117189791,-0.2449148117189791,-0.2449148117189791,0.00851439913705078,0.00851439913705078,0.00851439913705078,0.00851439913705078,0.9999999997640723,0,0.0005194343550300392,0
1,2,198,0,0,2,0,1,2,3,1,0,0.24506276742097322,0,6.283185307179586,0.08325656894321962,4.293000396566346,-0.01,0.15,0.1,0.145,1,-0.7,0,0,0,0,0,0,0,0,0,0,0,0,-0.24491481168621887,-0.24491481168621887,-0.24491481168621887,-0.24491481168621887,0.00851439914086536,0.00851439914086536,0.00851439914086536,0.00851439914086536,0.9999999999190345,0,0.0005011204313512854,0
1,2,199,0,0,2,0,1,2,3,1,0,0.24506276752201414,0,6.283185307179586,0.08325656894321944,4.313000398566346,-0.01,0.15,0.1,0.145,1,-0.7,0,0,0,0,0,0,0,0,0,0,0,0,-0.24491481178773175,-0.24491481178773175,-0.24491481178773175,-0.24491481178773175,0.008514399129045227,0.008514399129045227,0.008514399129045227,0.008514399129045227,1.0000000003263958,0,0.00048345220988511037,0
1,2,200,0,0,2,0,1,2,3,1,0,0.2450627674406831,0,6.283185307179586,0.08325656894321946,4.333000400566346,-0.01,0.15,0.1,0.145,1,-0.7,0,0,0,0,0,0,0,0,0,0,0,0,-0.24491481170602078,-0.24491481170602078,-0.24491481170602078,-0.24491481170602078,0.008514399138559609,0.008514399138559609,0.008514399138559609,0.008514399138559609,0.9999999990229078,0,0.00046640692128147195,0
1,2,201,0,0,2,0,1,2,3,1,0,0.24506276743167862,0,6.283185307179586,0.08325656894321945,4.353000402566345,-0.01,0.15,0.1,0.145,1,-0.7,0,0,0,0,0,0,0,0,0,0,0,0,-0.24491481169697427,-0.24491481169697427,-0.24491481169697427,-0.24491481169697427,0.008514399139613004,0.008514399139613004,0.008514399139613004,0.008514399139613004,1.0000000004569412,0,0.000449962611325989,0
1,2,202,0,0,2,0,1,2,3,1,0,0.24506276742803662,0,6.283185307179586,0.08325656894321946,4.373000404566345,-0.01,0.15,0.1,0.145,1,-0.7,0,0,0,0,0,0,0,0,0,0,0,0,-0.24491481169331525,-0.24491481169331525,-0.24491481169331525,-0.24491481169331525,0.008514399140039054,0.008514399140039054,0.008514399140039054,0.008514399140039054,1.000000000194353,0,0.00043409808208842135,0
1,2,203,0,0,2,0,1,2,3,1,0,0.24506276747434394,0,6.283185307179586,0.08325656894321949,4.393000406566345,-0.01,0.15,0.1,0.145,1,-0.7,0,0,0,0,0,0,0,0,0,0,0,0,-0.24491481173983887,-0.24491481173983887,-0.24491481173983887,-0.24491481173983887,0.008514399134621875,0.008514399134621875,0.008514399134621875,0.008514399134621875,1.0000000002221325,0,0.0004187928961433285,0
1,2,204,0,0,2,0,1,2,3,1,0,0.24506276743483316,0,6.283185307179586,0.08325656894321953,4.413000408566345,-0.01,0.15,0.1,0.145,1,-0.7,0,0,0,0,0,0,0,0,0,0,0,0,-0.24491481170014354,-0.24491481170014354,-0.24491481170014354,-0.24491481170014354,0.008514399139243992,0.008514399139243992,0.008514399139243992,0.008514399139243992,0.9999999996412328,0,0.0004040273309005775,0
1,2,205,0,0,2,0,1,2,3,1,0,0.24506276745332375,0,6.283185307179586,0.08325656894321956,4.433000410566344,-0.01,0.15,0.1,0.145,1,-0.7,0,0,0,0,0,0,0,0,0,0,0,0,-0.2449148117187205,-0.2449148117187205,-0.2449148117187205,-0.2449148117187205,0.008514399137080863,0.008514399137080863,0.008514399137080863,0.008514399137080863,1.0000000002133582,0,0.00038978236381167705,0
1,2,206,0,0,2,0,1,2,3,1,0,0.2450627674263355,0,6.283185307179586,0.08325656894321937,4.453000412566344,-0.01,0.15,0.1,0.145,1,-0.7,0,0,0,0,0,0,0,0,0,0,0,0,-0.2449148116916062,-0.2449148116916062,-0.2449148116916062,-0.2449148116916062,0.008514399140238047,0.008514399140238047,0.008514399140238047,0.008514399140238047,0.9999999998432871,0,0.00037603963584341817,0
1,2,207,0,0,2,0,1,2,3,1,0,0.24506276746238967,0,6.283185307179586,0.0832565689432195,4.473000414566344,-0.01,0.15,0.1,0.145,1,-0.7,0,0,0,0,0,0,0,0,0,0,0,0,-0.24491481172782878,-0.24491481172782878,-0.24491481172782878,-0.24491481172782878,0.008514399136020295,0.008514399136020295,0.008514399136020295,0.008514399136020295,1.000000000164107,0,0.00036278144260561,0
1,2,208,0,0,2,0,1,2,3,1,0,0.24506276746527222,0,6.283185307179586,0.0832565689432195,4.4930004165663435,-0.01,0.15,0.1,0.145,1,-0.7,0,0,0,0,0,0,0,0,0,0,0,0,-0.24491481173072477,-0.24491481173072477,-0.24491481173072477,-0.24491481173072477,0.008514399135683068,0.008514399135683068,0.008514399135683068,0.008514399135683068,0.9999999997353726,0,0.0003499906977507197,0
1,2,209,0,0,2,0,1,2,3,1,0,0.24506276742329997,0,6.283185307179586,0.08325656894321941,4.513000418566343,-0.01,0.15,0.1,0.145,1,-0.7,0,0,0,0,0,0,0,0,0,0,0,0,-0.24491481168855647,-0.24491481168855647,-0.24491481168855647,-0.24491481168855647,0.008514399140593194,0.008514399140593194,0.008514399140593194,0.008514399140593194,0.9999999998863842,0,0.0003376509229240909,0
1,2,210,0,0,2,0,1,2,3,1,0,0.24506276752035636,0,6.283185307179586,0.08325656894321959,4.533000420566343,-0.01,0.15,0.1,0.145,1,-0.7,0,0,0,0,0,0,0,0,0,0,0,0,-0.24491481178606622,-0.24491481178606622,-0.24491481178606622,-0.24491481178606622,0.008514399129239106,0.008514399129239106,0.008514399129239106,0.008514399129239106,1.0000000003717524,0,0.00032574621738424913,0
1,2,211,0,0,2,0,1,2,3,1,0,0.24506276749999079,0,6.283185307179586,0.08325656894321933,4.553000422566343,-0.01,0.15,0.1,0.145,1,-0.7,0,0,0,0,0,0,0,0,0,0,0,0,-0.2449148117656055,-0.2449148117656055,-0.2449148117656055,-0.2449148117656055,0.008514399131621584,0.008514399131621584,0.008514399131621584,0.008514399131621584,0.9999999990876631,0,0.0003142612386671157,0
1,2,212,0,0,2,0,1,2,3,1,0,0.2450627674832283,0,6.283185307179586,0.08325656894321959,4.5730004245663425,-0.01,0.15,0.1,0.145,1,-0.7,0,0,0,0,0,0,0,0,0,0,0,0,-0.24491481174876475,-0.24491481174876475,-0.24491481174876475,-0.24491481174876475,0.008514399133582528,0.008514399133582528,0.008514399133582528,0.008514399133582528,0.999999999776712,0,0.00030318119379298304,0
1,2,213,0,0,2,0,1,2,3,1,0,0.24506276742671199,0,6.283185307179586,0.08325656894321945,4.593000426566342,-0.01,0.15,0.1,0.145,1,-0.7,0,0,0,0,0,0,0,0,0,0,0,0,-0.24491481169198442,-0.24491481169198442,-0.24491481169198442,-0.24491481169198442,0.00851439914019404,0.00851439914019404,0.00851439914019404,0.00851439914019404,0.999999999868697,0,0.00029249180195382965,0
1,2,214,0,0,2,0,1,2,3,1,0,0.24506276744281763,0,6.283185307179586,0.08325656894321956,4.613000428566342,-0.01,0.15,0.1,0.145,1,-0.7,0,0,0,0,0,0,0,0,0,0,0,0,-0.24491481170816531,-0.24491481170816531,-0.24491481170816531,-0.24491481170816531,0.00851439913830991,0.00851439913830991,0.00851439913830991,0.00851439913830991,1.0000000003938787,0,0.0002821792912625513,0
1,2,215,0,0,2,0,1,2,3,1,0,0.24506276742241315,0,6.283185307179586,0.08325656894321938,4.633000430566342,-0.01,0.15,0.1,0.145,1,-0.7,0,0,0,0,0,0,0,0,0,0,0,0,-0.24491481168766552,-0.24491481168766552,-0.24491481168766552,-0.24491481168766552,0.008514399140696922,0.008514399140696922,0.008514399140696922,0.008514399140696922,0.9999999999220215,0,0.0002722303719653009,0
1,2,216,0,0,2,0,1,2,3,1,0,0.24506276744503322,0,6.283185307179586,0.08325656894321945,4.653000432566341,-0.01,0.15,0.1,0.145,1,-0.7,0,0,0,0,0,0,0,0,0,0,0,0,-0.24491481171039123,-0.24491481171039123,-0.24491481171039123,-0.24491481171039123,0.008514399138050705,0.008514399138050705,0.008514399138050705,0.008514399138050705,1.000000000211962,0,0.0002626322270680472,0
1,2,217,0,0,2,0,1,2,3,1,0,0.24506276747601335,0,6.283185307179586,0.08325656894321948,4.673000434566341,-0.01,0.15,0.1,0.145,1,-0.7,0,0,0,0,0,0,0,0,0,0,0,0,-0.24491481174151608,-0.24491481174151608,-0.24491481174151608,-0.24491481174151608,0.008514399134426531,0.008514399134426531,0.008514399134426531,0.008514399134426531,0.99999999990386,0,0.000253372487352726,0
1,2,218,0,0,2,0,1,2,3,1,0,0.24506276747410782,0,6.283185307179586,0.08325656894321946,4.693000436566341,-0.01,0.15,0.1,0.145,1,-0.7,0,0,0,0,0,0,0,0,0,0,0,0,-0.24491481173960164,-0.24491481173960164,-0.24491481173960164,-0.24491481173960164,0.008514399134649471,0.008514399134649471,0.008514399134649471,0.008514399134649471,0.999999999701565,0,0.0002444392225097949,0
1,2,219,0,0,2,0,1,2,3,1,0,0.24506276748118866,0,6.283185307179586,0.08325656894321949,4.713000438566341,-0.01,0.15,0.1,0.145,1,-0.7,0,0,0,0,0,0,0,0,0,0,0,0,-0.24491481174671556,-0.24491481174671556,-0.24491481174671556,-0.24491481174671556,0.008514399133821134,0.008514399133821134,0.008514399133821134,0.008514399133821134,0.999999999885242,0,0.00023582092214843907,0
1,2,220,0,0,2,0,1,2,3,1,0,0.24506276744370223,0,6.283185307179586,0.08325656894321948,4.73300044056634,-0.01,0.15,0.1,0.145,1,-0.7,0,0,0,0,0,0,0,0,0,0,0,0,-0.24491481170905405,-0.24491481170905405,-0.24491481170905405,-0.24491481170905405,0.008514399138206443,0.008514399138206443,0.008514399138206443,0.008514399138206443,0.9999999998237659,0,0.00022750648067735237,0
1,2,221,0,0,2,0,1,2,3,1,0,0.24506276741066632,0,6.283185307179586,0.0832565689432195,4.75300044256634,-0.01,0.15,0.1,0.145,1,-0.7,0,0,0,0,0,0,0,0,0,0,0,0,-0.24491481167586382,-0.24491481167586382,-0.24491481167586382,-0.24491481167586382,0.008514399142071085,0.008514399142071085,0.008514399142071085,0.008514399142071085,1.0000000001924185,0,0.00021948518566333446,0
1,2,222,0,0,2,0,1,2,3,1,0,0.24506276741794292,0,6.283185307179586,0.08325656894321946,4.77300044456634,-0.01,0.15,0.1,0.145,1,-0.7,0,0,0,0,0,0,0,0,0,0,0,0,-0.24491481168317442,-0.24491481168317442,-0.24491481168317442,-0.24491481168317442,0.00851439914121985,0.00851439914121985,0.00851439914121985,0.00851439914121985,1.0000000003738467,0,0.00021174670064266714,0
1,2,223,0,0,2,0,1,2,3,1,0,0.24506276743058178,0,6.283185307179586,0.08325656894321945,4.79300044656634,-0.01,0.15,0.1,0.145,1,-0.7,0,0,0,0,0,0,0,0,0,0,0,0,-0.2449148116958723,-0.2449148116958723,-0.2449148116958723,-0.2449148116958723,0.008514399139741316,0.008514399139741316,0.008514399139741316,0.008514399139741316,1.0000000001401848,0,0.0002042810543539238,0
1,2,224,0,0,2,0,1,2,3,1,0,0.24506276749883887,0,6.283185307179586,0.08325656894321949,4.813000448566339,-0.01,0.15,0.1,0.145,1,-0.7,0,0,0,0,0,0,0,0,0,0,0,0,-0.2449148117644482,-0.2449148117644482,-0.2449148117644482,-0.2449148117644482,0.008514399131756351,0.008514399131756351,0.008514399131756351,0.008514399131756351,1.0000000000736584,0,0.00019707862779159575,0
1,2,225,0,0,2,0,1,2,3,1,0,0.24506276747986527,0,6.283185307179586,0.08325656894321959,4.833000450566339,-0.01,0.15,0.1,0.145,1,-0.7,0,0,0,0,0,0,0,0,0,0,0,0,-0.24491481174538599,-0.24491481174538599,-0.24491481174538599,-0.24491481174538599,0.008514399133975921,0.008514399133975921,0.008514399133975921,0.008514399133975921,0.9999999993507611,0,0.00019013013980484584,0
1,2,226,0,0,2,0,1,2,3,1,0,0.24506276746896663,0,6.283185307179586,0.08325656894321948,4.853000452566339,-0.01,0.15,0.1,0.145,1,-0.7,0,0,0,0,0,0,0,0,0,0,0,0,-0.24491481173443644,-0.24491481173443644,-0.24491481173443644,-0.24491481173443644,0.008514399135250922,0.008514399135250922,0.008514399135250922,0.008514399135250922,0.9999999999250964,0,0.00018342663882690152,0
1,2,227,0,0,2,0,1,2,3,1,0,0.24506276745537525,0,6.283185307179586,0.0832565689432195,4.873000454566339,-0.01,0.15,0.1,0.145,1,-0.7,0,0,0,0,0,0,0,0,0,0,0,0,-0.24491481172078158,-0.24491481172078158,-0.24491481172078158,-0.24491481172078158,0.008514399136840859,0.008514399136840859,0.008514399136840859,0.008514399136840859,0.9999999999441282,0,0.0001769594856142405,0
1,2,228,0,0,2,0,1,2,3,1,0,0.24506276750278388,0,6.283185307179586,0.08325656894321945,4.893000456566338,-0.01,0.15,0.1,0.145,1,-0.7,0,0,0,0,0,0,0,0,0,0,0,0,-0.24491481176841165,-0.24491481176841165,-0.24491481176841165,-0.24491481176841165,0.008514399131294809,0.008514399131294809,0.008514399131294809,0.008514399131294809,0.999999999980739,0,0.00017072034772354008,0
1,2,229,0,0,2,0,1,2,3,1,0,0.2450627674174672,0,6.283185307179586,0.0832565689432195,4.913000458566338,-0.01,0.15,0.1,0.145,1,-0.7,0,0,0,0,0,0,0,0,0,0,0,0,-0.24491481168269644,-0.24491481168269644,-0.24491481168269644,-0.24491481168269644,0.008514399141275537,0.008514399141275537,0.008514399141275537,0.008514399141275537,0.9999999994926672,0,0.00016470118527659206,0
1,2,230,0,0,2,0,1,2,3,1,0,0.24506276750523015,0,6.283185307179586,0.08325656894321949,4.933000460566338,-0.01,0.15,0.1,0.145,1,-0.7,0,0,0,0,0,0,0,0,0,0,0,0,-0.24491481177086935,-0.24491481177086935,-0.24491481177086935,-0.24491481177086935,0.008514399131008635,0.008514399131008635,0.008514399131008635,0.008514399131008635,1.0000000006107452,0,0.00015889424449492507,0
1,2,231,0,0,2,0,1,2,3,1,0,0.2450627674240562,0,6.283185307179586,0.08325656894321935,4.9530004625663375,-0.01,0.15,0.1,0.145,1,-0.7,0,0,0,0,0,0,0,0,0,0,0,0,-0.24491481168931623,-0.24491481168931623,-0.24491481168931623,-0.24491481168931623,0.008514399140504721,0.008514399140504721,0.008514399140504721,0.008514399140504721,0.9999999992772093,0,0.00015329203953961116,0
1,2,232,0,0,2,0,1,2,3,1,0,0.24506276745736408,0,6.283185307179586,0.08325656894321945,4.973000464566337,-0.01,0.15,0.1,0.145,1,-0.7,0,0,0,0,0,0,0,0,0,0,0,0,-0.24491481172277968,-0.24491481172277968,-0.24491481172277968,-0.24491481172277968,0.008514399136608205,0.008514399136608205,0.008514399136608205,0.008514399136608205,1.0000000004996874,0,0.00014788735607720207,0
1,2,233,0,0,2,0,1,2,3,1,0,0.2450627674568736,0,6.283185307179586,0.08325656894321949,4.993000466566337,-0.01,0.15,0.1,0.145,1,-0.7,0,0,0,0,0,0,0,0,0,0,0,0,-0.24491481172228693,-0.24491481172228693,-0.24491481172228693,-0.24491481172228693,0.008514399136665598,0.008514399136665598,0.008514399136665598,0.008514399136665598,0.9999999998235864,0,0.00014267322630487437,0
1,2,234,0,0,2,0,1,2,3,1,0,0.24506276745369052,0,6.283185307179586,0.08325656894321941,5.013000468566337,-0.01,0.15,0.1,0.145,1,-0.7,0,0,0,0,0,0,0,0,0,0,0,0,-0.244914811719089,-0.244914811719089,-0.244914811719089,-0.244914811719089,0.008514399137037965,0.008514399137037965,0.008514399137037965,0.008514399137037965,0.999999999948523,0,0.00013764293410229188,0
1,2,235,0,0,2,0,1,2,3,1,0,0.24506276745319863,0,6.283185307179586,0.08325656894321952,5.0330004705663365,-0.01,0.15,0.1,0.145,1,-0.7,0,0,0,0,0,0,0,0,0,0,0,0,-0.24491481171859478,-0.24491481171859478,-0.24491481171859478,-0.24491481171859478,0.008514399137095488,0.008514399137095488,0.008514399137095488,0.008514399137095488,1.0000000000018812,0,0.0001327899969979601,0
1,2,236,0,0,2,0,1,2,3,1,0,0.24506276746078198,0,6.283185307179586,0.0832565689432194,5.053000472566336,-0.01,0.15,0.1,0.145,1,-0.7,0,0,0,0,0,0,0,0,0,0,0,0,-0.24491481172621354,-0.24491481172621354,-0.24491481172621354,-0.24491481172621354,0.008514399136208396,0.008514399136208396,0.008514399136208396,0.008514399136208396,1.0000000000040359,0,0.0001281081619918723,0
1,2,237,0,0,2,0,1,2,3,1,0,0.24506276741750113,0,6.283185307179586,0.08325656894321949,5.073000474566336,-0.01,0.15,0.1,0.145,1,-0.7,0,0,0,0,0,0,0,0,0,0,0,0,-0.24491481168273055,-0.24491481168273055,-0.24491481168273055,-0.24491481168273055,0.008514399141271552,0.008514399141271552,0.008514399141271552,0.008514399141271552,0.9999999999054978,0,0.0001235913964465303,0
1,2,238,0,0,2,0,1,2,3,1,0,0.24506276749743658,0,6.283185307179586,0.08325656894321949,5.093000476566336,-0.01,0.15,0.1,0.145,1,-0.7,0,0,0,0,0,0,0,0,0,0,0,0,-0.2449148117630394,-0.2449148117630394,-0.2449148117630394,-0.2449148117630394,0.008514399131920399,0.008514399131920399,0.008514399131920399,0.008514399131920399,1.0000000003971525,0,0.00011923388084710977,0
1,2,239,0,0,2,0,1,2,3,1,0,0.24506276740213992,0,6.283185307179586,0.08325656894321945,5.113000478566335,-0.01,0.15,0.1,0.145,1,-0.7,0,0,0,0,0,0,0,0,0,0,0,0,-0.2449148116672976,-0.2449148116672976,-0.2449148116672976,-0.2449148116672976,0.008514399143068532,0.008514399143068532,0.008514399143068532,0.008514399143068532,0.9999999993147952,0,0.00011502999911082158,0
1,2,240,0,0,2,0,1,2,3,1,0,0.24506276742337527,0,6.283185307179586,0.08325656894321949,5.133000480566335,-0.01,0.15,0.1,0.145,1,-0.7,0,0,0,0,0,0,0,0,0,0,0,0,-0.2449148116886321,-0.2449148116886321,-0.2449148116886321,-0.2449148116886321,0.008514399140584382,0.008514399140584382,0.008514399140584382,0.008514399140584382,1.0000000007455387,0,0.00011097433696827017,0
1,2,241,0,0,2,0,1,2,3,1,0,0.2450627674470164,0,6.283185307179586,0.08325656894321948,5.153000482566335,-0.01,0.15,0.1,0.145,1,-0.7,0,0,0,0,0,0,0,0,0,0,0,0,-0.24491481171238372,-0.24491481171238372,-0.24491481171238372,-0.24491481171238372,0.008514399137818702,0.008514399137818702,0.008514399137818702,0.008514399137818702,0.9999999999849472,0,0.00010706166582519153,0
1,2,242,0,0,2,0,1,2,3,1,0,0.2450627673973708,0,6.283185307179586,0.08325656894321934,5.173000484566335,-0.01,0.15,0.1,0.145,1,-0.7,0,0,0,0,0,0,0,0,0,0,0,0,-0.24491481166250617,-0.24491481166250617,-0.24491481166250617,-0.24491481166250617,0.008514399143626469,0.008514399143626469,0.008514399143626469,0.008514399143626469,0.999999999875282,0,0.00010328694577419345,0
1,2,243,0,0,2,0,1,2,3,1,0,0.2450627674786506,0,6.283185307179586,0.08325656894321955,5.193000486566334,-0.01,0.15,0.1,0.145,1,-0.7,0,0,0,0,0,0,0,0,0,0,0,0,-0.24491481174416566,-0.24491481174416566,-0.24491481174416566,-0.24491481174416566,0.00851439913411807,0.00851439913411807,0.00851439913411807,0.00851439913411807,1.0000000004691358,0,9.964531310618495e-05,0
1,2,244,0,0,2,0,1,2,3,1,0,0.24506276741824826,0,6.283185307179586,0.08325656894321956,5.213000488566334,-0.01,0.15,0.1,0.145,1,-0.7,0,0,0,0,0,0,0,0,0,0,0,0,-0.24491481168348114,-0.24491481168348114,-0.24491481168348114,-0.24491481168348114,0.00851439914118415,0.00851439914118415,0.00851439914118415,0.00851439914118415,0.9999999993616502,0,9.613207414399957e-05,0
1,2,245,0,0,2,0,1,2,3,1,0,0.24506276742416933,0,6.283185307179586,0.08325656894321944,5.233000490566334,-0.01,0.15,0.1,0.145,1,-0.7,0,0,0,0,0,0,0,0,0,0,0,0,-0.24491481168942988,-0.24491481168942988,-0.24491481168942988,-0.24491481168942988,0.008514399140491472,0.008514399140491472,0.008514399140491472,0.008514399140491472,1.000000000485091,0,9.27427040944973e-05,0
1,2,246,0,0,2,0,1,2,3,1,0,0.24506276743545316,0,6.283185307179586,0.08325656894321948,5.253000492566334,-0.01,0.15,0.1,0.145,1,-0.7,0,0,0,0,0,0,0,0,0,0,0,0,-0.24491481170076643,-0.24491481170076643,-0.24491481170076643,-0.24491481170076643,0.008514399139171434,0.008514399139171434,0.008514399139171434,0.008514399139171434,1.0000000000954596,0,8.947283383325639e-05,0
1,2,247,0,0,2,0,1,2,3,1,0,0.24506276740931515,0,6.283185307179586,0.08325656894321937,5.273000494566333,-0.01,0.15,0.1,0.145,1,-0.7,0,0,0,0,0,0,0,0,0,0,0,0,-0.24491481167450635,-0.24491481167450635,-0.24491481167450635,-0.24491481167450635,0.008514399142229154,0.008514399142229154,0.008514399142229154,0.008514399142229154,1.0000000000004636,0,8.631825096145154e-05,0
1,2,248,0,0,2,0,1,2,3,1,0,0.24506276746146038,0,6.283185307179586,0.0832565689432195,5.293000496566333,-0.01,0.15,0.1,0.145,1,-0.7,0,0,0,0,0,0,0,0,0,0,0,0,-0.24491481172689514,-0.24491481172689514,-0.24491481172689514,-0.24491481172689514,0.008514399136129022,0.008514399136129022,0.008514399136129022,0.008514399136129022,1.000000000380325,0,8.327489078900734e-05,0
1,2,249,0,0,2,0,1,2,3,1,0,0.24506276742750796,0,6.283185307179586,0.08325656894321949,5.313000498566333,-0.01,0.15,0.1,0.145,1,-0.7,0,0,0,0,0,0,0,0,0,0,0,0,-0.24491481169278412,-0.24491481169278412,-0.24491481169278412,-0.24491481169278412,0.008514399140100923,0.008514399140100923,0.008514399140100923,0.008514399140100923,0.9999999996224744,0,8.03388312434751e-05,0
1,2,250,0,0,2,0,1,2,3,1,0,0.24506276748537217,0,6.283185307179586,0.08325656894321959,5.333000500566333,-0.01,0.15,0.1,0.145,1,-0.7,0,0,0,0,0,0,0,0,0,0,0,0,-0.24491481175091862,-0.24491481175091862,-0.24491481175091862,-0.24491481175091862,0.008514399133331744,0.008514399133331744,0.008514399133331744,0.008514399133331744,1.0000000003054588,0,7.750629020656542e-05,0
1,2,251,0,0,2,0,1,2,3,1,0,0.24506276740387767,0,6.283185307179586,0.08325656894321948,5.353000502566332,-0.01,0.15,0.1,0.145,1,-0.7,0,0,0,0,0,0,0,0,0,0,0,0,-0.24491481166904347,-0.24491481166904347,-0.24491481166904347,-0.24491481166904347,0.008514399142865274,0.008514399142865274,0.008514399142865274,0.008514399142865274,0.9999999994606288,0,7.477361671038108e-05,0
1,2,252,0,0,2,0,1,2,3,1,0,0.24506276745211106,0,6.283185307179586,0.0832565689432195,5.373000504566332,-0.01,0.15,0.1,0.145,1,-0.7,0,0,0,0,0,0,0,0,0,0,0,0,-0.24491481171750215,-0.24491481171750215,-0.24491481171750215,-0.24491481171750215,0.008514399137222742,0.008514399137222742,0.008514399137222742,0.008514399137222742,1.0000000006364047,0,7.21372910742957e-05,0
1,2,253,0,0,2,0,1,2,3,1,0,0.24506276741720462,0,6.283185307179586,0.08325656894321948,5.393000506566332,-0.01,0.15,0.1,0.145,1,-0.7,0,0,0,0,0,0,0,0,0,0,0,0,-0.24491481168243265,-0.24491481168243265,-0.24491481168243265,-0.24491481168243265,0.008514399141306224,0.008514399141306224,0.008514399141306224,0.008514399141306224,0.999999999706592,0,6.959391468891402e-05,0
1,2,254,0,0,2,0,1,2,3,1,0,0.24506276740198782,0,6.283185307179586,0.08325656894321944,5.4130005085663315,-0.01,0.15,0.1,0.145,1,-0.7,0,0,0,0,0,0,0,0,0,0,0,0,-0.24491481166714477,-0.24491481166714477,-0.24491481166714477,-0.24491481166714477,0.008514399143086333,0.008514399143086333,0.008514399143086333,0.008514399143086333,1.0000000003858016,0,6.714021183560407e-05,0
1,2,255,0,0,2,0,1,2,3,1,0,0.24506276746505418,0,6.283185307179586,0.08325656894321949,5.433000510566331,-0.01,0.15,0.1,0.145,1,-0.7,0,0,0,0,0,0,0,0,0,0,0,0,-0.24491481173050572,-0.24491481173050572,-0.24491481173050572,-0.24491481173050572,0.008514399135708584,0.008514399135708584,0.008514399135708584,0.008514399135708584,1.0000000003333653,0,6.47730200160138e-05,0
1,2,256,0,0,2,0,1,2,3,1,0,0.24506276745308286,0,6.283185307179586,0.0832565689432195,5.453000512566331,-0.01,0.15,0.1,0.145,1,-0.7,0,0,0,0,0,0,0,0,0,0,0,0,-0.24491481171847848,-0.24491481171847848,-0.24491481171847848,-0.24491481171847848,0.008514399137109059,0.008514399137109059,0.008514399137109059,0.008514399137109059,0.9999999995689404,0,6.24892890618305e-05,0
1,2,257,0,0,2,0,1,2,3,1,0,0.24506276740431673,0,6.283185307179586,0.08325656894321952,5.473000514566331,-0.01,0.15,0.1,0.145,1,-0.7,0,0,0,0,0,0,0,0,0,0,0,0,-0.24491481166948456,-0.24491481166948456,-0.24491481166948456,-0.24491481166948456,0.00851439914281389,0.00851439914281389,0.00851439914281389,0.00851439914281389,1.0000000000670752,0,6.028607702398133e-05,0
1,2,258,0,0,2,0,1,2,3,1,0,0.24506276747570893,0,6.283185307179586,0.08325656894321948,5.4930005165663305,-0.01,0.15,0.1,0.145,1,-0.7,0,0,0,0,0,0,0,0,0,0,0,0,-0.24491481174121024,-0.24491481174121024,-0.24491481174121024,-0.24491481174121024,0.008514399134462163,0.008514399134462163,0.008514399134462163,0.008514399134462163,1.0000000005119691,0,5.8160544591923185e-05,0
1,2,259,0,0,2,0,1,2,3,1,0,0.24506276741374938,0,6.283185307179586,0.08325656894321935,5.51300051856633,-0.01,0.15,0.1,0.145,1,-0.7,0,0,0,0,0,0,0,0,0,0,0,0,-0.2449148116789613,-0.2449148116789613,-0.2449148116789613,-0.2449148116789613,0.008514399141710418,0.008514399141710418,0.008514399141710418,0.008514399141710418,0.9999999994702939,0,5.610995251270995e-05,0
1,2,260,0,0,2,0,1,2,3,1,0,0.24506276747733569,0,6.283185307179586,0.08325656894321942,5.53300052056633,-0.01,0.15,0.1,0.145,1,-0.7,0,0,0,0,0,0,0,0,0,0,0,0,-0.2449148117428446,-0.2449148117428446,-0.2449148117428446,-0.2449148117428446,0.008514399134271836,0.008514399134271836,0.008514399134271836,0.008514399134271836,1.0000000004560725,0,5.4131659699421495e-05,0
1,2,261,0,0,2,0,1,2,3,1,0,0.24506276750599224,0,6.283185307179586,0.08325656894321945,5.55300052256633,-0.01,0.15,0.1,0.145,1,-0.7,0,0,0,0,0,0,0,0,0,0,0,0,-0.244914811771635,-0.244914811771635,-0.244914811771635,-0.244914811771635,0.008514399130919493,0.008514399130919493,0.008514399130919493,0.008514399130919493,0.9999999995000337,0,5.222311580089155e-05,0
1,2,262,0,0,2,0,1,2,3,1,0,0.24506276740639046,0,6.283185307179586,0.08325656894321946,5.573000524566329,-0.01,0.15,0.1,0.145,1,-0.7,0,0,0,0,0,0,0,0,0,0,0,0,-0.24491481167156798,-0.24491481167156798,-0.24491481167156798,-0.24491481167156798,0.008514399142571294,0.008514399142571294,0.008514399142571294,0.008514399142571294,0.9999999995550475,0,5.038186257650087e-05,0
1,2,263,0,0,2,0,1,2,3,1,0,0.245062767396403,0,6.283185307179586,0.08325656894321948,5.593000526566329,-0.01,0.15,0.1,0.145,1,-0.7,0,0,0,0,0,0,0,0,0,0,0,0,-0.2449148116615339,-0.2449148116615339,-0.2449148116615339,-0.2449148116615339,0.008514399143739703,0.008514399143739703,0.008514399143739703,0.008514399143739703,1.000000000703663,0,4.860552755176429e-05,0
1,2,264,0,0,2,0,1,2,3,1,0,0.24506276744379565,0,6.283185307179586,0.08325656894321957,5.613000528566329,-0.01,0.15,0.1,0.145,1,-0.7,0,0,0,0,0,0,0,0,0,0,0,0,-0.2449148117091479,-0.2449148117091479,-0.2449148117091479,-0.2449148117091479,0.00851439913819549,0.00851439913819549,0.00851439913819549,0.00851439913819549,1.0000000002864002,0,4.689182109611706e-05,0
1,2,265,0,0,2,0,1,2,3,1,0,0.24506276745738936,0,6.283185307179586,0.08325656894321933,5.633000530566329,-0.01,0.15,0.1,0.145,1,-0.7,0,0,0,0,0,0,0,0,0,0,0,0,-0.2449148117228051,-0.2449148117228051,-0.2449148117228051,-0.2449148117228051,0.008514399136605271,0.008514399136605271,0.008514399136605271,0.008514399136605271,0.999999999816767,0,4.523853550499576e-05,0
1,2,266,0,0,2,0,1,2,3,1,0,0.24506276745153635,0,6.283185307179586,0.08325656894321956,5.653000532566328,-0.01,0.15,0.1,0.145,1,-0.7,0,0,0,0,0,0,0,0,0,0,0,0,-0.24491481171692475,-0.24491481171692475,-0.24491481171692475,-0.24491481171692475,0.00851439913728996,0.00851439913728996,0.00851439913728996,0.00851439913728996,0.999999999864114,0,4.364354070311044e-05,0
1,2,267,0,0,2,0,1,2,3,1,0,0.2450627674965432,0,6.283185307179586,0.08325656894321946,5.673000534566328,-0.01,0.15,0.1,0.145,1,-0.7,0,0,0,0,0,0,0,0,0,0,0,0,-0.24491481176214183,-0.24491481176214183,-0.24491481176214183,-0.24491481176214183,0.008514399132024906,0.008514399132024906,0.008514399132024906,0.008514399132024906,1.0000000000059988,0,4.210478133434231e-05,0
1,2,268,0,0,2,0,1,2,3,1,0,0.24506276740818908,0,6.283185307179586,0.08325656894321953,5.693000536566328,-0.01,0.15,0.1,0.145,1,-0.7,0,0,0,0,0,0,0,0,0,0,0,0,-0.244914811673375,-0.244914811673375,-0.244914811673375,-0.244914811673375,0.008514399142360922,0.008514399142360922,0.008514399142360922,0.008514399142360922,0.999999999500643,0,4.0620274524968046e-05,0
1,2,269,0,0,2,0,1,2,3,1,0,0.2450627674764805,0,6.283185307179586,0.08325656894321942,5.713000538566328,-0.01,0.15,0.1,0.145,1,-0.7,0,0,0,0,0,0,0,0,0,0,0,0,-0.2449148117419854,-0.2449148117419854,-0.2449148117419854,-0.2449148117419854,0.008514399134371903,0.008514399134371903,0.008514399134371903,0.008514399134371903,1.0000000006771064,0,3.9188108010436856e-05,0
1,2,270,0,0,2,0,1,2,3,1,0,0.24506276746525366,0,6.283185307179586,0.08325656894321946,5.733000540566327,-0.01,0.15,0.1,0.145,1,-0.7,0,0,0,0,0,0,0,0,0,0,0,0,-0.24491481173070612,-0.24491481173070612,-0.24491481173070612,-0.24491481173070612,0.008514399135685267,0.008514399135685267,0.008514399135685267,0.008514399135685267,0.9999999995078586,0,3.780643548465753e-05,0
1,2,271,0,0,2,0,1,2,3,1,0,0.2450627674082623,0,6.283185307179586,0.08325656894321941,5.753000542566327,-0.01,0.15,0.1,0.145,1,-0.7,0,0,0,0,0,0,0,0,0,0,0,0,-0.24491481167344856,-0.24491481167344856,-0.24491481167344856,-0.24491481167344856,0.008514399142352354,0.008514399142352354,0.008514399142352354,0.008514399142352354,1.0000000000042206,0,3.6473477557144736e-05,0
1,2,272,0,0,2,0,1,2,3,1,0,0.24506276749295072,0,6.283185307179586,0.08325656894321952,5.773000544566327,-0.01,0.15,0.1,0.145,1,-0.7,0,0,0,0,0,0,0,0,0,0,0,0,-0.24491481175853258,-0.24491481175853258,-0.24491481175853258,-0.24491481175853258,0.008514399132445151,0.008514399132445151,0.008514399132445151,0.008514399132445151,1.0000000004606378,0,3.518751632259475e-05,0
1,2,273,0,0,2,0,1,2,3,1,0,0.24506276740241983,0,6.283185307179586,0.0832565689432195,5.793000546566327,-0.01,0.15,0.1,0.145,1,-0.7,0,0,0,0,0,0,0,0,0,0,0,0,-0.2449148116675788,-0.2449148116675788,-0.2449148116675788,-0.2449148116675788,0.008514399143035836,0.008514399143035836,0.008514399143035836,0.008514399143035836,0.999999999324853,0,3.394689442842965e-05,0
1,2,274,0,0,2,0,1,2,3,1,0,0.24506276741255562,0,6.283185307179586,0.08325656894321944,5.813000548566326,-0.01,0.15,0.1,0.145,1,-0.7,0,0,0,0,0,0,0,0,0,0,0,0,-0.24491481167776194,-0.24491481167776194,-0.24491481167776194,-0.24491481167776194,0.008514399141850062,0.008514399141850062,0.008514399141850062,0.008514399141850062,1.0000000006853131,0,3.2750014200949766e-05,0
1,2,275,0,0,2,0,1,2,3,1,0,0.24506276746662628,0,6.283185307179586,0.08325656894321938,5.833000550566326,-0.01,0.15,0.1,0.145,1,-0.7,0,0,0,0,0,0,0,0,0,0,0,0,-0.24491481173208515,-0.24491481173208515,-0.24491481173208515,-0.24491481173208515,0.008514399135524701,0.008514399135524701,0.008514399135524701,0.008514399135524701,1.000000000126768,0,3.1595332517060874e-05,0
1,2,276,0,0,2,0,1,2,3,1,0,0.2450627674994913,0,6.283185307179586,0.08325656894321962,5.853000552566326,-0.01,0.15,0.1,0.145,1,-0.7,0,0,0,0,0,0,0,0,0,0,0,0,-0.2449148117651037,-0.2449148117651037,-0.2449148117651037,-0.2449148117651037,0.008514399131679984,0.008514399131679984,0.008514399131679984,0.008514399131679984,0.9999999996100559,0,3.048136196535856e-05,0
1,2,277,0,0,2,0,1,2,3,1,0,0.2450627673933319,0,6.283185307179586,0.08325656894321938,5.8730005545663255,-0.01,0.15,0.1,0.145,1,-0.7,0,0,0,0,0,0,0,0,0,0,0,0,-0.24491481165844844,-0.24491481165844844,-0.24491481165844844,-0.24491481165844844,0.008514399144098931,0.008514399144098931,0.008514399144098931,0.008514399144098931,0.9999999995659206,0,2.9406667244073374e-05,0
1,2,278,0,0,2,0,1,2,3,1,0,0.2450627674297079,0,6.283185307179586,0.0832565689432195,5.893000556566325,-0.01,0.15,0.1,0.145,1,-0.7,0,0,0,0,0,0,0,0,0,0,0,0,-0.24491481169499432,-0.24491481169499432,-0.24491481169499432,-0.24491481169499432,0.008514399139843566,0.008514399139843566,0.008514399139843566,0.008514399139843566,1.0000000008892602,0,2.8369863739393352e-05,0
1,2,279,0,0,2,0,1,2,3,1,0,0.24506276742094846,0,6.283185307179586,0.08325656894321945,5.913000558566325,-0.01,0.15,0.1,0.145,1,-0.7,0,0,0,0,0,0,0,0,0,0,0,0,-0.24491481168619397,-0.24491481168619397,-0.24491481168619397,-0.24491481168619397,0.008514399140868274,0.008514399140868274,0.008514399140868274,0.008514399140868274,0.9999999998997957,0,2.7369614890329915e-05,0
1,2,280,0,0,2,0,1,2,3,1,0,0.24506276751506909,0,6.283185307179586,0.08325656894321957,5.933000560566325,-0.01,0.15,0.1,0.145,1,-0.7,0,0,0,0,0,0,0,0,0,0,0,0,-0.24491481178075425,-0.24491481178075425,-0.24491481178075425,-0.24491481178075425,0.008514399129857686,0.008514399129857686,0.008514399129857686,0.008514399129857686,1.0000000001574385,0,2.640463245571774e-05,0
1,2,281,0,0,2,0,1,2,3,1,0,0.2450627674749934,0,6.283185307179586,0.08325656894321946,5.9530005625663245,-0.01,0.15,0.1,0.145,1,-0.7,0,0,0,0,0,0,0,0,0,0,0,0,-0.24491481174049134,-0.24491481174049134,-0.24491481174049134,-0.24491481174049134,0.008514399134545868,0.008514399134545868,0.008514399134545868,0.008514399134545868,0.9999999991848121,0,2.5473672618015126e-05,0
1,2,282,0,0,2,0,1,2,3,1,0,0.24506276745133296,0,6.283185307179586,0.08325656894321946,5.973000564566324,-0.01,0.15,0.1,0.145,1,-0.7,0,0,0,0,0,0,0,0,0,0,0,0,-0.24491481171672042,-0.24491481171672042,-0.24491481171672042,-0.24491481171672042,0.008514399137313746,0.008514399137313746,0.008514399137313746,0.008514399137313746,1.0000000001030376,0,2.4575536340551173e-05,0
1,2,283,0,0,2,0,1,2,3,1,0,0.2450627674716104,0,6.283185307179586,0.08325656894321948,5.993000566566324,-0.01,0.15,0.1,0.145,1,-0.7,0,0,0,0,0,0,0,0,0,0,0,0,-0.24491481173709256,-0.24491481173709256,-0.24491481173709256,-0.24491481173709256,0.008514399134941652,0.008514399134941652,0.008514399134941652,0.008514399134941652,1.0000000001108855,0,2.3709065914179076e-05,0
1,2,284,0,0,2,0,1,2,3,1,0,0.24506276744732233,0,6.283185307179586,0.0832565689432195,6.013000568566324,-0.01,0.15,0.1,0.145,1,-0.7,0,0,0,0,0,0,0,0,0,0,0,0,-0.24491481171269103,-0.24491481171269103,-0.24491481171269103,-0.24491481171269103,0.008514399137782912,0.008514399137782912,0.008514399137782912,0.008514399137782912,0.9999999997656399,0,2.2873144960850516e-05,0
1,2,285,0,0,2,0,1,2,3,1,0,0.24506276747773867,0,6.283185307179586,0.08325656894321938,6.033000570566323,-0.01,0.15,0.1,0.145,1,-0.7,0,0,0,0,0,0,0,0,0,0,0,0,-0.24491481174324947,-0.24491481174324947,-0.24491481174324947,-0.24491481174324947,0.008514399134224696,0.008514399134224696,0.008514399134224696,0.008514399134224696,1.0000000001606395,0,2.2066696535510373e-05,0
1,2,286,0,0,2,0,1,2,3,1,0,0.2450627674160549,0,6.283185307179586,0.08325656894321949,6.053000572566323,-0.01,0.15,0.1,0.145,1,-0.7,0,0,0,0,0,0,0,0,0,0,0,0,-0.24491481168127757,-0.24491481168127757,-0.24491481168127757,-0.24491481168127757,0.008514399141440723,0.008514399141440723,0.008514399141440723,0.008514399141440723,0.9999999996946816,0,2.1288681305909672e-05,0
1,2,287,0,0,2,0,1,2,3,1,0,0.2450627674921994,0,6.283185307179586,0.08325656894321946,6.073000574566323,-0.01,0.15,0.1,0.145,1,-0.7,0,0,0,0,0,0,0,0,0,0,0,0,-0.24491481175777774,-0.24491481175777774,-0.24491481175777774,-0.24491481175777774,0.008514399132533063,0.008514399132533063,0.008514399132533063,0.008514399132533063,1.000000000544306,0,2.0538097062591036e-05,0
1,2,288,0,0,2,0,1,2,3,1,0,0.24506276744666783,0,6.283185307179586,0.08325656894321952,6.093000576566323,-0.01,0.15,0.1,0.145,1,-0.7,0,0,0,0,0,0,0,0,0,0,0,0,-0.2449148117120335,-0.2449148117120335,-0.2449148117120335,-0.2449148117120335,0.008514399137859485,0.008514399137859485,0.008514399137859485,0.008514399137859485,0.9999999993865725,0,1.9813976252036135e-05,0
1,2,289,0,0,2,0,1,2,3,1,0,0.2450627674534127,0,6.283185307179586,0.08325656894321949,6.113000578566322,-0.01,0.15,0.1,0.145,1,-0.7,0,0,0,0,0,0,0,0,0,0,0,0,-0.24491481171880988,-0.24491481171880988,-0.24491481171880988,-0.24491481171880988,0.008514399137070463,0.008514399137070463,0.008514399137070463,0.008514399137070463,1.0000000002471197,0,1.9115386331864576e-05,0
1,2,290,0,0,2,0,1,2,3,1,0,0.2450627674036264,0,6.283185307179586,0.08325656894321944,6.133000580566322,-0.01,0.15,0.1,0.145,1,-0.7,0,0,0,0,0,0,0,0,0,0,0,0,-0.244914811668791,-0.244914811668791,-0.244914811668791,-0.244914811668791,0.00851439914289468,0.00851439914289468,0.00851439914289468,0.00851439914289468,0.9999999999403375,0,1.8441426760655428e-05,0
1,2,291,0,0,2,0,1,2,3,1,0,0.24506276741477673,0,6.283185307179586,0.08325656894321955,6.153000582566322,-0.01,0.15,0.1,0.145,1,-0.7,0,0,0,0,0,0,0,0,0,0,0,0,-0.24491481167999343,-0.24491481167999343,-0.24491481167999343,-0.24491481167999343,0.008514399141590263,0.008514399141590263,0.008514399141590263,0.008514399141590263,1.0000000004911875,0,1.7791229376376738e-05,0
1,2,292,0,0,2,0,1,2,3,1,0,0.24506276744143002,0,6.283185307179586,0.0832565689432194,6.173000584566322,-0.01,0.15,0.1,0.145,1,-0.7,0,0,0,0,0,0,0,0,0,0,0,0,-0.2449148117067712,-0.2449148117067712,-0.2449148117067712,-0.2449148117067712,0.008514399138472252,0.008514399138472252,0.008514399138472252,0.008514399138472252,1.000000000117808,0,1.716395618010951e-05,0
1,2,293,0,0,2,0,1,2,3,1,0,0.24506276743786923,0,6.283185307179586,0.08325656894321942,6.193000586566321,-0.01,0.15,0.1,0.145,1,-0.7,0,0,0,0,0,0,0,0,0,0,0,0,-0.2449148117031938,-0.2449148117031938,-0.2449148117031938,-0.2449148117031938,0.008514399138888795,0.008514399138888795,0.008514399138888795,0.008514399138888795,0.9999999999084661,0,1.655879904643747e-05,0
1,2,294,0,0,2,0,1,2,3,1,0,0.24506276744534014,0,6.283185307179586,0.08325656894321944,6.213000588566321,-0.01,0.15,0.1,0.145,1,-0.7,0,0,0,0,0,0,0,0,0,0,0,0,-0.2449148117106996,-0.2449148117106996,-0.2449148117106996,-0.2449148117106996,0.00851439913801482,0.00851439913801482,0.00851439913801482,0.00851439913801482,1.0000000001135554,0,1.597497824512204e-05,0
1,2,295,0,0,2,0,1,2,3,1,0,0.24506276745550207,0,6.283185307179586,0.08325656894321952,6.233000590566321,-0.01,0.15,0.1,0.145,1,-0.7,0,0,0,0,0,0,0,0,0,0,0,0,-0.24491481172090898,-0.24491481172090898,-0.24491481172090898,-0.24491481172090898,0.008514399136826055,0.008514399136826055,0.008514399136826055,0.008514399136826055,0.9999999999731504,0,1.5411741441450976e-05,0
1,2,296,0,0,2,0,1,2,3,1,0,0.2450627674205274,0,6.283185307179586,0.08325656894321953,6.253000592566321,-0.01,0.15,0.1,0.145,1,-0.7,0,0,0,0,0,0,0,0,0,0,0,0,-0.24491481168577095,-0.24491481168577095,-0.24491481168577095,-0.24491481168577095,0.00851439914091754,0.00851439914091754,0.00851439914091754,0.00851439914091754,0.9999999999054019,0,1.486836292707057e-05,0
1,2,297,0,0,2,0,1,2,3,1,0,0.24506276744444516,0,6.283185307179586,0.0832565689432195,6.27300059456632,-0.01,0.15,0.1,0.145,1,-0.7,0,0,0,0,0,0,0,0,0,0,0,0,-0.24491481170980045,-0.24491481170980045,-0.24491481170980045,-0.24491481170980045,0.00851439913811954,0.00851439913811954,0.00851439913811954,0.00851439913811954,1.0000000003865122,0,1.4344142591215218e-05,0
1,2,298,0,0,2,0,1,2,3,1,0,0.24506276748273353,0,6.283185307179586,0.0832565689432195,6.29300059656632,-0.01,0.15,0.1,0.145,1,-0.7,0,0,0,0,0,0,0,0,0,0,0,0,-0.24491481174826765,-0.24491481174826765,-0.24491481174826765,-0.24491481174826765,0.00851439913364041,0.00851439913364041,0.00851439913364041,0.00851439913364041,0.9999999998764526,0,1.383840484430396e-05,0
1,2,299,0,0,2,0,1,2,3,1,0,0.24506276744598085,0,6.283185307179586,0.08325656894321942,6.31300059856632,-0.01,0.15,0.1,0.145,1,-0.7,0,0,0,0,0,0,0,0,0,0,0,0,-0.2449148117113433,-0.2449148117113433,-0.2449148117113433,-0.2449148117113433,0.008514399137939895,0.008514399137939895,0.008514399137939895,0.008514399137939895,0.999999999586791,0,1.3350498128994227e-05,0
1,2,300,0,0,2,0,1,2,3,1,0,0.24506276741367847,0,6.283185307179586,0.0832565689432196,6.3330006005663195,-0.01,0.15,0.1,0.145,1,-0.7,0,0,0,0,0,0,0,0,0,0,0,0,-0.24491481167889004,-0.24491481167889004,-0.24491481167889004,-0.24491481167889004,0.008514399141718722,0.008514399141718722,0.008514399141718722,0.008514399141718722,1.0000000002058105,0,1.2879793827226018e-05,0
1,2,301,0,0,2,0,1,2,3,1,0,0.24506276744502536,0,6.283185307179586,0.08325656894321937,6.353000602566319,-0.01,0.15,0.1,0.145,1,-0.7,0,0,0,0,0,0,0,0,0,0,0,0,-0.24491481171038335,-0.24491481171038335,-0.24491481171038335,-0.24491481171038335,0.008514399138051623,0.008514399138051623,0.008514399138051623,0.008514399138051623,1.000000000318094,0,1.2425685315306838e-05,0
1,2,302,0,0,2,0,1,2,3,1,0,0.24506276739770513,0,6.283185307179586,0.08325656894321942,6.373000604566319,-0.01,0.15,0.1,0.145,1,-0.7,0,0,0,0,0,0,0,0,0,0,0,0,-0.2449148116628421,-0.2449148116628421,-0.2449148116628421,-0.2449148116628421,0.008514399143587354,0.008514399143587354,0.008514399143587354,0.008514399143587354,0.999999999843002,0,1.1987587454654512e-05,0
1,2,303,0,0,2,0,1,2,3,1,0,0.2450627674711651,0,6.283185307179586,0.08325656894321952,6.393000606566319,-0.01,0.15,0.1,0.145,1,-0.7,0,0,0,0,0,0,0,0,0,0,0,0,-0.24491481173664517,-0.24491481173664517,-0.24491481173664517,-0.24491481173664517,0.008514399134993711,0.008514399134993711,0.008514399134993711,0.008514399134993711,1.0000000005084413,0,1.156493589181708e-05,0
1,2,304,0,0,2,0,1,2,3,1,0,0.24506276742204114,0,6.283185307179586,0.08325656894321942,6.4130006085663185,-0.01,0.15,0.1,0.145,1,-0.7,0,0,0,0,0,0,0,0,0,0,0,0,-0.24491481168729176,-0.24491481168729176,-0.24491481168729176,-0.24491481168729176,0.008514399140740411,0.008514399140740411,0.008514399140740411,0.008514399140740411,0.9999999994828208,0,1.1157185814190386e-05,0
1,2,305,0,0,2,0,1,2,3,1,0,0.24506276745092023,0,6.283185307179586,0.08325656894321942,6.433000610566318,-0.01,0.15,0.1,0.145,1,-0.7,0,0,0,0,0,0,0,0,0,0,0,0,-0.24491481171630575,-0.24491481171630575,-0.24491481171630575,-0.24491481171630575,0.008514399137362056,0.008514399137362056,0.008514399137362056,0.008514399137362056,1.0000000003829985,0,1.0763812098645169e-05,0
1,2,306,0,0,2,0,1,2,3,1,0,0.2450627674894134,0,6.283185307179586,0.08325656894321955,6.453000612566318,-0.01,0.15,0.1,0.145,1,-0.7,0,0,0,0,0,0,0,0,0,0,0,0,-0.24491481175497873,-0.24491481175497873,-0.24491481175497873,-0.24491481175497873,0.008514399132858968,0.008514399132858968,0.008514399132858968,0.008514399132858968,0.999999999845695,0,1.038430762952401e-05,0
1,2,307,0,0,2,0,1,2,3,1,0,0.2450627673942676,0,6.283185307179586,0.08325656894321946,6.473000614566318,-0.01,0.15,0.1,0.145,1,-0.7,0,0,0,0,0,0,0,0,0,0,0,0,-0.2449148116593885,-0.2449148116593885,-0.2449148116593885,-0.2449148116593885,0.008514399143989503,0.008514399143989503,0.008514399143989503,0.008514399143989503,0.9999999996083986,0,1.0018183537057322e-05,0
1,2,308,0,0,2,0,1,2,3,1,0,0.2450627674548436,0,6.283185307179586,0.0832565689432195,6.493000616566317,-0.01,0.15,0.1,0.145,1,-0.7,0,0,0,0,0,0,0,0,0,0,0,0,-0.24491481172024746,-0.24491481172024746,-0.24491481172024746,-0.24491481172024746,0.00851439913690308,0.00851439913690308,0.00851439913690308,0.00851439913690308,1.000000000758554,0,9.664968136469182e-06,0
1,2,309,0,0,2,0,1,2,3,1,0,0.24506276743470548,0,6.283185307179586,0.08325656894321957,6.513000618566317,-0.01,0.15,0.1,0.145,1,-0.7,0,0,0,0,0,0,0,0,0,0,0,0,-0.24491481170001525,-0.24491481170001525,-0.24491481170001525,-0.24491481170001525,0.008514399139258924,0.008514399139258924,0.008514399139258924,0.008514399139258924,0.9999999996883933,0,9.32420605737879e-06,0
1,2,310,0,0,2,0,1,2,3,1,0,0.24506276746422948,0,6.283185307179586,0.08325656894321945,6.533000620566317,-0.01,0.15,0.1,0.145,1,-0.7,0,0,0,0,0,0,0,0,0,0,0,0,-0.24491481172967716,-0.24491481172967716,-0.24491481172967716,-0.24491481172967716,0.008514399135805052,0.008514399135805052,0.008514399135805052,0.008514399135805052,1.0000000001387814,0,8.995458478796782e-06,0
1,2,311,0,0,2,0,1,2,3,1,0,0.24506276744981628,0,6.283185307179586,0.08325656894321946,6.553000622566317,-0.01,0.15,0.1,0.145,1,-0.7,0,0,0,0,0,0,0,0,0,0,0,0,-0.24491481171519663,-0.24491481171519663,-0.24491481171519663,-0.24491481171519663,0.008514399137491196,0.008514399137491196,0.008514399137491196,0.008514399137491196,0.9999999997517115,0,8.67830164062426e-06,0
1,2,312,0,0,2,0,1,2,3,1,0,0.24506276743718206,0,6.283185307179586,0.08325656894321956,6.573000624566316,-0.01,0.15,0.1,0.145,1,-0.7,0,0,0,0,0,0,0,0,0,0,0,0,-0.2449148117025034,-0.2449148117025034,-0.2449148117025034,-0.2449148117025034,0.008514399138969174,0.008514399138969174,0.008514399138969174,0.008514399138969174,1.000000000022279,0,8.372326981794304e-06,0
1,2,313,0,0,2,0,1,2,3,1,0,0.2450627674792501,0,6.283185307179586,0.08325656894321935,6.593000626566316,-0.01,0.15,0.1,0.145,1,-0.7,0,0,0,0,0,0,0,0,0,0,0,0,-0.24491481174476795,-0.24491481174476795,-0.24491481174476795,-0.24491481174476795,0.008514399134047928,0.008514399134047928,0.008514399134047928,0.008514399134047928,1.0000000001260023,0,8.077140191124023e-06,0
1,2,314,0,0,2,0,1,2,3,1,0,0.2450627674301229,0,6.283185307179586,0.08325656894321957,6.613000628566316,-0.01,0.15,0.1,0.145,1,-0.7,0,0,0,0,0,0,0,0,0,0,0,0,-0.24491481169541127,-0.24491481169541127,-0.24491481169541127,-0.24491481169541127,0.008514399139794987,0.008514399139794987,0.008514399139794987,0.008514399139794987,0.9999999996032471,0,7.79236090005268e-06,0
1,2,315,0,0,2,0,1,2,3,1,0,0.24506276744851202,0,6.283185307179586,0.08325656894321942,6.633000630566316,-0.01,0.15,0.1,0.145,1,-0.7,0,0,0,0,0,0,0,0,0,0,0,0,-0.2449148117138863,-0.2449148117138863,-0.2449148117138863,-0.2449148117138863,0.008514399137643755,0.008514399137643755,0.008514399137643755,0.008514399137643755,1.0000000003127028,0,7.517622261654112e-06,0
1,2,316,0,0,2,0,1,2,3,1,0,0.24506276741638416,0,6.283185307179586,0.08325656894321946,6.653000632566315,-0.01,0.15,0.1,0.145,1,-0.7,0,0,0,0,0,0,0,0,0,0,0,0,-0.24491481168160836,-0.24491481168160836,-0.24491481168160836,-0.24491481168160836,0.00851439914140219,0.00851439914140219,0.00851439914140219,0.00851439914140219,0.9999999999679385,0,7.252570143391573e-06,0
1,2,317,0,0,2,0,1,2,3,1,0,0.24506276738716762,0,6.283185307179586,0.08325656894321946,6.673000634566315,-0.01,0.15,0.1,0.145,1,-0.7,0,0,0,0,0,0,0,0,0,0,0,0,-0.24491481165225534,-0.24491481165225534,-0.24491481165225534,-0.24491481165225534,0.00851439914482009,0.00851439914482009,0.00851439914482009,0.00851439914482009,1.0000000004057004,0,6.9968631269499866e-06,0
1,2,318,0,0,2,0,1,2,3,1,0,0.24506276748412748,0,6.283185307179586,0.08325656894321952,6.693000636566315,-0.01,0.15,0.1,0.145,1,-0.7,0,0,0,0,0,0,0,0,0,0,0,0,-0.24491481174966812,-0.24491481174966812,-0.24491481174966812,-0.24491481174966812,0.008514399133477311,0.008514399133477311,0.008514399133477311,0.008514399133477311,1.0000000004851444,0,6.75017167011616e-06,0
1,2,319,0,0,2,0,1,2,3,1,0,0.2450627674995287,0,6.283185307179586,0.08325656894321946,6.713000638566315,-0.01,0.15,0.1,0.145,1,-0.7,0,0,0,0,0,0,0,0,0,0,0,0,-0.24491481176514127,-0.24491481176514127,-0.24491481176514127,-0.24491481176514127,0.00851439913167564,0.00851439913167564,0.00851439913167564,0.00851439913167564,0.9999999993193054,0,6.512177863109241e-06,0
1,2,320,0,0,2,0,1,2,3,1,0,0.24506276748805608,0,6.283185307179586,0.08325656894321953,6.733000640566314,-0.01,0.15,0.1,0.145,1,-0.7,0,0,0,0,0,0,0,0,0,0,0,0,-0.24491481175361507,-0.24491481175361507,-0.24491481175361507,-0.24491481175361507,0.008514399133017755,0.008514399133017755,0.008514399133017755,0.008514399133017755,0.999999999665242,0,6.282575175217593e-06,0
1,2,321,0,0,2,0,1,2,3,1,0,0.24506276748557068,0,6.283185307179586,0.08325656894321948,6.753000642566314,-0.01,0.15,0.1,0.145,1,-0.7,0,0,0,0,0,0,0,0,0,0,0,0,-0.24491481175111807,-0.24491481175111807,-0.24491481175111807,-0.24491481175111807,0.008514399133308502,0.008514399133308502,0.008514399133308502,0.008514399133308502,0.9999999998770033,0,6.061067683150502e-06,0
1,2,322,0,0,2,0,1,2,3,1,0,0.24506276744900368,0,6.283185307179586,0.08325656894321946,6.773000644566314,-0.01,0.15,0.1,0.145,1,-0.7,0,0,0,0,0,0,0,0,0,0,0,0,-0.24491481171438026,-0.24491481171438026,-0.24491481171438026,-0.24491481171438026,0.00851439913758625,0.00851439913758625,0.00851439913758625,0.00851439913758625,0.9999999998085336,0,5.847369967749837e-06,0
1,2,323,0,0,2,0,1,2,3,1,0,0.2450627674614737,0,6.283185307179586,0.08325656894321948,6.7930006465663135,-0.01,0.15,0.1,0.145,1,-0.7,0,0,0,0,0,0,0,0,0,0,0,0,-0.24491481172690852,-0.24491481172690852,-0.24491481172690852,-0.24491481172690852,0.008514399136127428,0.008514399136127428,0.008514399136127428,0.008514399136127428,1.0000000001437108,0,5.6412067022777474e-06,0
1,2,324,0,0,2,0,1,2,3,1,0,0.24506276742370806,0,6.283185307179586,0.0832565689432194,6.813000648566313,-0.01,0.15,0.1,0.145,1,-0.7,0,0,0,0,0,0,0,0,0,0,0,0,-0.24491481168896648,-0.24491481168896648,-0.24491481168896648,-0.24491481168896648,0.008514399140545434,0.008514399140545434,0.008514399140545434,0.008514399140545434,0.9999999998672333,0,5.442312198106837e-06,0
1,2,325,0,0,2,0,1,2,3,1,0,0.2450627675034287,0,6.283185307179586,0.08325656894321955,6.833000650566313,-0.01,0.15,0.1,0.145,1,-0.7,0,0,0,0,0,0,0,0,0,0,0,0,-0.2449148117690595,-0.2449148117690595,-0.2449148117690595,-0.2449148117690595,0.008514399131219373,0.008514399131219373,0.008514399131219373,0.008514399131219373,1.0000000003075442,0,5.250430233855263e-06,0
1,2,326,0,0,2,0,1,2,3,1,0,0.24506276746238212,0,6.283185307179586,0.08325656894321935,6.853000652566313,-0.01,0.15,0.1,0.145,1,-0.7,0,0,0,0,0,0,0,0,0,0,0,0,-0.24491481172782117,-0.24491481172782117,-0.24491481172782117,-0.24491481172782117,0.008514399136021162,0.008514399136021162,0.008514399136021162,0.008514399136021162,0.999999999305782,0,5.065313481910857e-06,0
1,2,327,0,0,2,0,1,2,3,1,0,0.2450627674314548,0,6.283185307179586,0.08325656894321948,6.8730006545663125,-0.01,0.15,0.1,0.145,1,-0.7,0,0,0,0,0,0,0,0,0,0,0,0,-0.24491481169674942,-0.24491481169674942,-0.24491481169674942,-0.24491481169674942,0.008514399139639174,0.008514399139639174,0.008514399139639174,0.008514399139639174,1.0000000001449418,0,4.886723538618958e-06,0
1,2,328,0,0,2,0,1,2,3,1,0,0.24506276739896732,0,6.283185307179586,0.08325656894321948,6.893000656566312,-0.01,0.15,0.1,0.145,1,-0.7,0,0,0,0,0,0,0,0,0,0,0,0,-0.24491481166411017,-0.24491481166411017,-0.24491481166411017,-0.24491481166411017,0.00851439914343971,0.00851439914343971,0.00851439914343971,0.00851439914343971,1.0000000002196217,0,4.71443019333664e-06,0
1,2,329,0,0,2,0,1,2,3,1,0,0.245062767439095,0,6.283185307179586,0.0832565689432196,6.913000658566312,-0.01,0.15,0.1,0.145,1,-0.7,0,0,0,0,0,0,0,0,0,0,0,0,-0.24491481170442528,-0.24491481170442528,-0.24491481170442528,-0.24491481170442528,0.008514399138745415,0.008514399138745415,0.008514399138745415,0.008514399138745415,1.000000000409269,0,4.548211472195188e-06,0
1,2,330,0,0,2,0,1,2,3,1,0,0.24506276744038322,0,6.283185307179586,0.08325656894321948,6.933000660566312,-0.01,0.15,0.1,0.145,1,-0.7,0,0,0,0,0,0,0,0,0,0,0,0,-0.24491481170571952,-0.24491481170571952,-0.24491481170571952,-0.24491481170571952,0.0085143991385947,0.0085143991385947,0.0085143991385947,0.0085143991385947,0.9999999997982627,0,4.3878531727462326e-06,0
1,2,331,0,0,2,0,1,2,3,1,0,0.24506276748651962,0,6.283185307179586,0.08325656894321945,6.953000662566311,-0.01,0.15,0.1,0.145,1,-0.7,0,0,0,0,0,0,0,0,0,0,0,0,-0.24491481175207142,-0.24491481175207142,-0.24491481175207142,-0.24491481175207142,0.00851439913319747,0.00851439913319747,0.00851439913319747,0.00851439913319747,1.0000000000439115,0,4.233148720445817e-06,0
1,2,332,0,0,2,0,1,2,3,1,0,0.24506276739901497,0,6.283185307179586,0.08325656894321942,6.973000664566311,-0.01,0.15,0.1,0.145,1,-0.7,0,0,0,0,0,0,0,0,0,0,0,0,-0.24491481166415804,-0.24491481166415804,-0.24491481166415804,-0.24491481166415804,0.008514399143434133,0.008514399143434133,0.008514399143434133,0.008514399143434133,0.9999999995446878,0,4.083898730726981e-06,0
1,2,333,0,0,2,0,1,2,3,1,0,0.24506276745109173,0,6.283185307179586,0.08325656894321953,6.993000666566311,-0.01,0.15,0.1,0.145,1,-0.7,0,0,0,0,0,0,0,0,0,0,0,0,-0.24491481171647805,-0.24491481171647805,-0.24491481171647805,-0.24491481171647805,0.008514399137341967,0.008514399137341967,0.008514399137341967,0.008514399137341967,1.0000000007346408,0,3.939910959963288e-06,0
1,2,334,0,0,2,0,1,2,3,1,0,0.24506276742182756,0,6.283185307179586,0.08325656894321938,7.013000668566311,-0.01,0.15,0.1,0.145,1,-0.7,0,0,0,0,0,0,0,0,0,0,0,0,-0.24491481168707718,-0.24491481168707718,-0.24491481168707718,-0.24491481168707718,0.008514399140765435,0.008514399140765435,0.008514399140765435,0.008514399140765435,0.9999999997065974,0,3.800999768748234e-06,0
1,2,335,0,0,2,0,1,2,3,1,0,0.24506276748914144,0,6.283185307179586,0.08325656894321955,7.03300067056631,-0.01,0.15,0.1,0.145,1,-0.7,0,0,0,0,0,0,0,0,0,0,0,0,-0.24491481175470547,-0.24491481175470547,-0.24491481175470547,-0.24491481175470547,0.008514399132890753,0.008514399132890753,0.008514399132890753,0.008514399132890753,1.0000000003005312,0,3.6669862728208367e-06,0
1,2,336,0,0,2,0,1,2,3,1,0,0.24506276742401562,0,6.283185307179586,0.08325656894321935,7.05300067256631,-0.01,0.15,0.1,0.145,1,-0.7,0,0,0,0,0,0,0,0,0,0,0,0,-0.24491481168927545,-0.24491481168927545,-0.24491481168927545,-0.24491481168927545,0.008514399140509433,0.008514399140509433,0.008514399140509433,0.008514399140509433,0.9999999993870183,0,3.537697712216021e-06,0
1,2,337,0,0,2,0,1,2,3,1,0,0.24506276744135716,0,6.283185307179586,0.08325656894321948,7.07300067456631,-0.01,0.15,0.1,0.145,1,-0.7,0,0,0,0,0,0,0,0,0,0,0,0,-0.24491481170669802,-0.24491481170669802,-0.24491481170669802,-0.24491481170669802,0.008514399138480767,0.008514399138480767,0.008514399138480767,0.008514399138480767,1.0000000004503775,0,3.412967582478249e-06,0
1,2,338,0,0,2,0,1,2,3,1,0,0.245062767368353,0,6.283185307179586,0.08325656894321953,7.09300067656631,-0.01,0.15,0.1,0.145,1,-0.7,0,0,0,0,0,0,0,0,0,0,0,0,-0.24491481163335285,-0.24491481163335285,-0.24491481163335285,-0.24491481163335285,0.008514399147021075,0.008514399147021075,0.008514399147021075,0.008514399147021075,0.9999999999082583,0,3.292635079320584e-06,0
1,2,339,0,0,2,0,1,2,3,1,0,0.24506276745107972,0,6.283185307179586,0.08325656894321949,7.113000678566309,-0.01,0.15,0.1,0.145,1,-0.7,0,0,0,0,0,0,0,0,0,0,0,0,-0.24491481171646598,-0.24491481171646598,-0.24491481171646598,-0.24491481171646598,0.00851439913734339,0.00851439913734339,0.00851439913734339,0.00851439913734339,1.000000000811898,0,3.1765452242587073e-06,0
1,2,340,0,0,2,0,1,2,3,1,0,0.2450627673893949,0,6.283185307179586,0.08325656894321944,7.133000680566309,-0.01,0.15,0.1,0.145,1,-0.7,0,0,0,0,0,0,0,0,0,0,0,0,-0.24491481165449303,-0.24491481165449303,-0.24491481165449303,-0.24491481165449303,0.008514399144559549,0.008514399144559549,0.008514399144559549,0.008514399144559549,0.9999999995770423,0,3.0645483520090888e-06,0
1,2,341,0,0,2,0,1,2,3,1,0,0.24506276743051564,0,6.283185307179586,0.0832565689432196,7.153000682566309,-0.01,0.15,0.1,0.145,1,-0.7,0,0,0,0,0,0,0,0,0,0,0,0,-0.24491481169580584,-0.24491481169580584,-0.24491481169580584,-0.24491481169580584,0.008514399139749053,0.008514399139749053,0.008514399139749053,0.008514399139749053,1.0000000006128218,0,2.956500254027002e-06,0
1,2,342,0,0,2,0,1,2,3,1,0,0.24506276747461275,0,6.283185307179586,0.08325656894321942,7.173000684566309,-0.01,0.15,0.1,0.145,1,-0.7,0,0,0,0,0,0,0,0,0,0,0,0,-0.24491481174010893,-0.24491481174010893,-0.24491481174010893,-0.24491481174010893,0.008514399134590378,0.008514399134590378,0.008514399134590378,0.008514399134590378,0.9999999998976232,0,2.8522616157124013e-06,0
1,2,343,0,0,2,0,1,2,3,1,0,0.24506276738416324,0,6.283185307179586,0.08325656894321948,7.193000686566308,-0.01,0.15,0.1,0.145,1,-0.7,0,0,0,0,0,0,0,0,0,0,0,0,-0.24491481164923692,-0.24491481164923692,-0.24491481164923692,-0.24491481164923692,0.008514399145171546,0.008514399145171546,0.008514399145171546,0.008514399145171546,0.9999999996207727,0,2.7516981755977013e-06,0
1,2,344,0,0,2,0,1,2,3,1,0,0.24506276747932196,0,6.283185307179586,0.08325656894321953,7.213000688566308,-0.01,0.15,0.1,0.145,1,-0.7,0,0,0,0,0,0,0,0,0,0,0,0,-0.24491481174484014,-0.24491481174484014,-0.24491481174484014,-0.24491481174484014,0.008514399134039508,0.008514399134039508,0.008514399134039508,0.008514399134039508,1.0000000008189716,0,2.654680372750076e-06,0
1,2,345,0,0,2,0,1,2,3,1,0,0.2450627674584779,0,6.283185307179586,0.0832565689432195,7.233000690566308,-0.01,0.15,0.1,0.145,1,-0.7,0,0,0,0,0,0,0,0,0,0,0,0,-0.24491481172389873,-0.24491481172389873,-0.24491481172389873,-0.24491481172389873,0.00851439913647793,0.00851439913647793,0.00851439913647793,0.00851439913647793,0.9999999993580815,0,2.561083117879874e-06,0
1,2,346,0,0,2,0,1,2,3,1,0,0.24506276745404926,0,6.283185307179586,0.08325656894321948,7.2530006925663075,-0.01,0.15,0.1,0.145,1,-0.7,0,0,0,0,0,0,0,0,0,0,0,0,-0.2449148117194494,-0.2449148117194494,-0.2449148117194494,-0.2449148117194494,0.00851439913699599,0.00851439913699599,0.00851439913699599,0.00851439913699599,1.0000000000408367,0,2.470785903556906e-06,0
1,2,347,0,0,2,0,1,2,3,1,0,0.24506276740743962,0,6.283185307179586,0.08325656894321946,7.273000694566307,-0.01,0.15,0.1,0.145,1,-0.7,0,0,0,0,0,0,0,0,0,0,0,0,-0.24491481167262205,-0.24491481167262205,-0.24491481167262205,-0.24491481167262205,0.008514399142448559,0.008514399142448559,0.008514399142448559,0.008514399142448559,0.9999999999602185,0,2.3836723233092105e-06,0
1,2,348,0,0,2,0,1,2,3,1,0,0.24506276745944558,0,6.283185307179586,0.08325656894321953,7.293000696566307,-0.01,0.15,0.1,0.145,1,-0.7,0,0,0,0,0,0,0,0,0,0,0,0,-0.24491481172487092,-0.24491481172487092,-0.24491481172487092,-0.24491481172487092,0.008514399136364701,0.008514399136364701,0.008514399136364701,0.008514399136364701,1.0000000004374439,0,2.2996301537416116e-06,0
1,2,349,0,0,2,0,1,2,3,1,0,0.24506276748457542,0,6.283185307179586,0.08325656894321945,7.313000698566307,-0.01,0.15,0.1,0.145,1,-0.7,0,0,0,0,0,0,0,0,0,0,0,0,-0.24491481175011814,-0.24491481175011814,-0.24491481175011814,-0.24491481175011814,0.008514399133424921,0.008514399133424921,0.008514399133424921,0.008514399133424921,0.9999999996348894,0,2.218551074687907e-06,0
1,2,350,0,0,2,0,1,2,3,1,0,0.24506276747682001,0,6.283185307179586,0.0832565689432195,7.3330007005663065,-0.01,0.15,0.1,0.145,1,-0.7,0,0,0,0,0,0,0,0,0,0,0,0,-0.24491481174232652,-0.24491481174232652,-0.24491481174232652,-0.24491481174232652,0.008514399134332174,0.008514399134332174,0.008514399134332174,0.008514399134332174,0.9999999996746283,0,2.140330649316836e-06,0
1,2,351,0,0,2,0,1,2,3,1,0,0.24506276737900232,0,6.283185307179586,0.08325656894321949,7.353000702566306,-0.01,0.15,0.1,0.145,1,-0.7,0,0,0,0,0,0,0,0,0,0,0,0,-0.2449148116440519,-0.2449148116440519,-0.2449148116440519,-0.2449148116440519,0.008514399145775281,0.008514399145775281,0.008514399145775281,0.008514399145775281,0.9999999998832951,0,2.064868078816689e-06,0
1,2,352,0,0,2,0,1,2,3,1,0,0.24506276739680988,0,6.283185307179586,0.08325656894321949,7.373000704566306,-0.01,0.15,0.1,0.145,1,-0.7,0,0,0,0,0,0,0,0,0,0,0,0,-0.24491481166194265,-0.24491481166194265,-0.24491481166194265,-0.24491481166194265,0.00851439914369211,0.00851439914369211,0.00851439914369211,0.00851439914369211,1.0000000008613465,0,1.9920661368292837e-06,0
1,2,353,0,0,2,0,1,2,3,1,0,0.24506276742445193,0,6.283185307179586,0.08325656894321941,7.393000706566306,-0.01,0.15,0.1,0.145,1,-0.7,0,0,0,0,0,0,0,0,0,0,0,0,-0.2449148116897138,-0.2449148116897138,-0.2449148116897138,-0.2449148116897138,0.008514399140458422,0.008514399140458422,0.008514399140458422,0.008514399140458422,1.0000000001858727,0,1.921830979683705e-06,0
1,2,354,0,0,2,0,1,2,3,1,0,0.24506276746403793,0,6.283185307179586,0.08325656894321948,7.413000708566305,-0.01,0.15,0.1,0.145,1,-0.7,0,0,0,0,0,0,0,0,0,0,0,0,-0.24491481172948473,-0.24491481172948473,-0.24491481172948473,-0.24491481172948473,0.008514399135827482,0.008514399135827482,0.008514399135827482,0.008514399135827482,0.9999999999777085,0,1.8540721415638103e-06,0
1,2,355,0,0,2,0,1,2,3,1,0,0.2450627674222839,0,6.283185307179586,0.08325656894321949,7.433000710566305,-0.01,0.15,0.1,0.145,1,-0.7,0,0,0,0,0,0,0,0,0,0,0,0,-0.24491481168753565,-0.24491481168753565,-0.24491481168753565,-0.24491481168753565,0.008514399140712042,0.008514399140712042,0.008514399140712042,0.008514399140712042,0.9999999996946443,0,1.7887023055490403e-06,0
1,2,356,0,0,2,0,1,2,3,1,0,0.24506276740531774,0,6.283185307179586,0.08325656894321956,7.453000712566305,-0.01,0.15,0.1,0.145,1,-0.7,0,0,0,0,0,0,0,0,0,0,0,0,-0.24491481167049023,-0.24491481167049023,-0.24491481167049023,-0.24491481167049023,0.008514399142696812,0.008514399142696812,0.008514399142696812,0.008514399142696812,1.0000000003259508,0,1.7256372546589322e-06,0
1,2,357,0,0,2,0,1,2,3,1,0,0.24506276748492903,0,6.283185307179586,0.08325656894321944,7.473000714566305,-0.01,0.15,0.1,0.145,1,-0.7,0,0,0,0,0,0,0,0,0,0,0,0,-0.24491481175047342,-0.24491481175047342,-0.24491481175047342,-0.24491481175047342,0.008514399133383532,0.008514399133383532,0.008514399133383532,0.008514399133383532,1.000000000255028,0,1.6647957067405613e-06,0
1,2,358,0,0,2,0,1,2,3,1,0,0.24506276747605324,0,6.283185307179586,0.08325656894321937,7.493000716566304,-0.01,0.15,0.1,0.145,1,-0.7,0,0,0,0,0,0,0,0,0,0,0,0,-0.24491481174155616,-0.24491481174155616,-0.24491481174155616,-0.24491481174155616,0.00851439913442189,0.00851439913442189,0.00851439913442189,0.00851439913442189,0.9999999993388435,0,1.6060992650540434e-06,0
1,2,359,0,0,2,0,1,2,3,1,0,0.2450627674423478,0,6.283185307179586,0.08325656894321956,7.513000718566304,-0.01,0.15,0.1,0.145,1,-0.7,0,0,0,0,0,0,0,0,0,0,0,0,-0.24491481170769328,-0.24491481170769328,-0.24491481170769328,-0.24491481170769328,0.008514399138364876,0.008514399138364876,0.008514399138364876,0.008514399138364876,0.9999999999102496,0,1.54947232694444e-06,0
1,2,360,0,0,2,0,1,2,3,1,0,0.24506276741309274,0,6.283185307179586,0.08325656894321955,7.533000720566304,-0.01,0.15,0.1,0.145,1,-0.7,0,0,0,0,0,0,0,0,0,0,0,0,-0.24491481167830156,-0.24491481167830156,-0.24491481167830156,-0.24491481167830156,0.00851439914178727,0.00851439914178727,0.00851439914178727,0.00851439914178727,1.000000000197474,0,1.4948419070197282e-06,0
1,2,361,0,0,2,0,1,2,3,1,0,0.2450627674089117,0,6.283185307179586,0.08325656894321946,7.553000722566304,-0.01,0.15,0.1,0.145,1,-0.7,0,0,0,0,0,0,0,0,0,0,0,0,-0.244914811674101,-0.244914811674101,-0.244914811674101,-0.244914811674101,0.008514399142276368,0.008514399142276368,0.008514399142276368,0.008514399142276368,1.0000000003331362,0,1.4421376136445498e-06,0
1,2,362,0,0,2,0,1,2,3,1,0,0.24506276741393795,0,6.283185307179586,0.08325656894321949,7.573000724566303,-0.01,0.15,0.1,0.145,1,-0.7,0,0,0,0,0,0,0,0,0,0,0,0,-0.24491481167915072,-0.24491481167915072,-0.24491481167915072,-0.24491481167915072,0.00851439914168837,0.00851439914168837,0.00851439914168837,0.00851439914168837,1.000000000221016,0,1.391291535924065e-06,0
1,2,363,0,0,2,0,1,2,3,1,0,0.24506276746891126,0,6.283185307179586,0.08325656894321941,7.593000726566303,-0.01,0.15,0.1,0.145,1,-0.7,0,0,0,0,0,0,0,0,0,0,0,0,-0.24491481173438082,-0.24491481173438082,-0.24491481173438082,-0.24491481173438082,0.008514399135257353,0.008514399135257353,0.008514399135257353,0.008514399135257353,1.000000000120009,0,1.34223816102894e-06,0
1,2,364,0,0,2,0,1,2,3,1,0,0.24506276743870137,0,6.283185307179586,0.08325656894321942,7.613000728566303,-0.01,0.15,0.1,0.145,1,-0.7,0,0,0,0,0,0,0,0,0,0,0,0,-0.2449148117040298,-0.2449148117040298,-0.2449148117040298,-0.2449148117040298,0.00851439913879147,0.00851439913879147,0.00851439913879147,0.00851439913879147,0.9999999995867732,0,1.2949142776206777e-06,0
1,2,365,0,0,2,0,1,2,3,1,0,0.24506276751136508,0,6.283185307179586,0.08325656894321946,7.633000730566303,-0.01,0.15,0.1,0.145,1,-0.7,0,0,0,0,0,0,0,0,0,0,0,0,-0.24491481177703295,-0.24491481177703295,-0.24491481177703295,-0.24491481177703295,0.008514399130290978,0.008514399130290978,0.008514399130290978,0.008514399130290978,1.0000000001828333,0,1.2492589245372706e-06,0
1,2,366,0,0,2,0,1,2,3,1,0,0.2450627674540141,0,6.283185307179586,0.08325656894321959,7.653000732566302,-0.01,0.15,0.1,0.145,1,-0.7,0,0,0,0,0,0,0,0,0,0,0,0,-0.24491481171941404,-0.24491481171941404,-0.24491481171941404,-0.24491481171941404,0.008514399137000113,0.008514399137000113,0.008514399137000113,0.008514399137000113,0.999999999309761,0,1.2052132475734832e-06,0
1,2,367,0,0,2,0,1,2,3,1,0,0.24506276745942265,0,6.283185307179586,0.08325656894321941,7.673000734566302,-0.01,0.15,0.1,0.145,1,-0.7,0,0,0,0,0,0,0,0,0,0,0,0,-0.2449148117248479,-0.2449148117248479,-0.2449148117248479,-0.2449148117248479,0.008514399136367406,0.008514399136367406,0.008514399136367406,0.008514399136367406,1.000000000262336,0,1.1627205259789788e-06,0
1,2,368,0,0,2,0,1,2,3,1,0,0.24506276747290634,0,6.283185307179586,0.08325656894321955,7.693000736566302,-0.01,0.15,0.1,0.145,1,-0.7,0,0,0,0,0,0,0,0,0,0,0,0,-0.24491481173839455,-0.24491481173839455,-0.24491481173839455,-0.24491481173839455,0.008514399134790051,0.008514399134790051,0.008514399134790051,0.008514399134790051,0.999999999908038,0,1.1217259767484436e-06,0
1,2,369,0,0,2,0,1,2,3,1,0,0.2450627674418235,0,6.283185307179586,0.08325656894321945,7.7130007385663015,-0.01,0.15,0.1,0.145,1,-0.7,0,0,0,0,0,0,0,0,0,0,0,0,-0.24491481170716653,-0.24491481170716653,-0.24491481170716653,-0.24491481170716653,0.008514399138426235,0.008514399138426235,0.008514399138426235,0.008514399138426235,0.9999999998320064,0,1.0821767924743665e-06,0
1,2,370,0,0,2,0,1,2,3,1,0,0.24506276751361344,0,6.283185307179586,0.08325656894321953,7.733000740566301,-0.01,0.15,0.1,0.145,1,-0.7,0,0,0,0,0,0,0,0,0,0,0,0,-0.2449148117792918,-0.2449148117792918,-0.2449148117792918,-0.2449148117792918,0.008514399130027961,0.008514399130027961,0.008514399130027961,0.008514399130027961,1.000000000199531,0,1.0440220153102135e-06,0
1,2,371,0,0,2,0,1,2,3,1,0,0.24506276746077157,0,6.283185307179586,0.0832565689432194,7.753000742566301,-0.01,0.15,0.1,0.145,1,-0.7,0,0,0,0,0,0,0,0,0,0,0,0,-0.2449148117262031,-0.2449148117262031,-0.2449148117262031,-0.2449148117262031,0.008514399136209577,0.008514399136209577,0.008514399136209577,0.008514399136209577,0.9999999992759108,0,1.0072124672206623e-06,0
1,2,372,0,0,2,0,1,2,3,1,0,0.24506276750003295,0,6.283185307179586,0.08325656894321948,7.773000744566301,-0.01,0.15,0.1,0.145,1,-0.7,0,0,0,0,0,0,0,0,0,0,0,0,-0.24491481176564786,-0.24491481176564786,-0.24491481176564786,-0.24491481176564786,0.008514399131616616,0.008514399131616616,0.008514399131616616,0.008514399131616616,1.0000000002190035,0,9.717007439637958e-07,0
1,2,373,0,0,2,0,1,2,3,1,0,0.24506276741132135,0,6.283185307179586,0.08325656894321938,7.7930007465663005,-0.01,0.15,0.1,0.145,1,-0.7,0,0,0,0,0,0,0,0,0,0,0,0,-0.2449148116765219,-0.2449148116765219,-0.2449148116765219,-0.2449148116765219,0.008514399141994455,0.008514399141994455,0.008514399141994455,0.008514399141994455,0.9999999995137756,0,9.37441060735456e-07,0
1,2,374,0,0,2,0,1,2,3,1,0,0.24506276743080346,0,6.283185307179586,0.08325656894321953,7.8130007485663,-0.01,0.15,0.1,0.145,1,-0.7,0,0,0,0,0,0,0,0,0,0,0,0,-0.24491481169609502,-0.24491481169609502,-0.24491481169609502,-0.24491481169609502,0.008514399139715361,0.008514399139715361,0.008514399139715361,0.008514399139715361,1.000000000698373,0,9.043892994975532e-07,0
1,2,375,0,0,2,0,1,2,3,1,0,0.24506276741377445,0,6.283185307179586,0.08325656894321948,7.8330007505663,-0.01,0.15,0.1,0.145,1,-0.7,0,0,0,0,0,0,0,0,0,0,0,0,-0.24491481167898646,-0.24491481167898646,-0.24491481167898646,-0.24491481167898646,0.00851439914170751,0.00851439914170751,0.00851439914170751,0.00851439914170751,1.000000000043416,0,8.725028457502391e-07,0
1,2,376,0,0,2,0,1,2,3,1,0,0.24506276739552688,0,6.283185307179586,0.08325656894321945,7.8530007525663,-0.01,0.15,0.1,0.145,1,-0.7,0,0,0,0,0,0,0,0,0,0,0,0,-0.24491481166065365,-0.24491481166065365,-0.24491481166065365,-0.24491481166065365,0.008514399143842164,0.008514399143842164,0.008514399143842164,0.008514399143842164,1.000000000264393,0,8.417406332708317e-07,0
1,2,377,0,0,2,0,1,2,3,1,0,0.2450627674445123,0,6.283185307179586,0.08325656894321949,7.873000754566299,-0.01,0.15,0.1,0.145,1,-0.7,0,0,0,0,0,0,0,0,0,0,0,0,-0.2449148117098679,-0.2449148117098679,-0.2449148117098679,-0.2449148117098679,0.008514399138111665,0.008514399138111665,0.008514399138111665,0.008514399138111665,1.0000000004025047,0,8.120630162873613e-07,0
1,2,378,0,0,2,0,1,2,3,1,0,0.24506276744955896,0,6.283185307179586,0.0832565689432195,7.893000756566299,-0.01,0.15,0.1,0.145,1,-0.7,0,0,0,0,0,0,0,0,0,0,0,0,-0.24491481171493812,-0.24491481171493812,-0.24491481171493812,-0.24491481171493812,0.008514399137521299,0.008514399137521299,0.008514399137521299,0.008514399137521299,0.9999999997712994,0,7.834317515421861e-07,0
1,2,379,0,0,2,0,1,2,3,1,0,0.245062767418096,0,6.283185307179586,0.08325656894321949,7.913000758566299,-0.01,0.15,0.1,0.145,1,-0.7,0,0,0,0,0,0,0,0,0,0,0,0,-0.24491481168332818,-0.24491481168332818,-0.24491481168332818,-0.24491481168332818,0.008514399141201957,0.008514399141201957,0.008514399141201957,0.008514399141201957,0.9999999999460609,0,7.558099569202952e-07,0
1,2,380,0,0,2,0,1,2,3,1,0,0.2450627674272316,0,6.283185307179586,0.08325656894321944,7.933000760566299,-0.01,0.15,0.1,0.145,1,-0.7,0,0,0,0,0,0,0,0,0,0,0,0,-0.24491481169250648,-0.24491481169250648,-0.24491481169250648,-0.24491481169250648,0.008514399140133227,0.008514399140133227,0.008514399140133227,0.008514399140133227,1.0000000003298748,0,7.291620368460128e-07,0
1,2,381,0,0,2,0,1,2,3,1,0,0.24506276748660083,0,6.283185307179586,0.08325656894321952,7.953000762566298,-0.01,0.15,0.1,0.145,1,-0.7,0,0,0,0,0,0,0,0,0,0,0,0,-0.24491481175215302,-0.24491481175215302,-0.24491481175215302,-0.24491481175215302,0.008514399133187963,0.008514399133187963,0.008514399133187963,0.008514399133187963,1.0000000001192664,0,7.034536505232514e-07,0
1,2,382,0,0,2,0,1,2,3,1,0,0.2450627675002709,0,6.283185307179586,0.08325656894321944,7.973000764566298,-0.01,0.15,0.1,0.145,1,-0.7,0,0,0,0,0,0,0,0,0,0,0,0,-0.24491481176588692,-0.24491481176588692,-0.24491481176588692,-0.24491481176588692,0.008514399131588813,0.008514399131588813,0.008514399131588813,0.008514399131588813,0.9999999994958113,0,6.786516743678401e-07,0
1,2,383,0,0,2,0,1,2,3,1,0,0.24506276741707708,0,6.283185307179586,0.08325656894321957,7.993000766566298,-0.01,0.15,0.1,0.145,1,-0.7,0,0,0,0,0,0,0,0,0,0,0,0,-0.24491481168230453,-0.24491481168230453,-0.24491481168230453,-0.24491481168230453,0.008514399141321152,0.008514399141321152,0.008514399141321152,0.008514399141321152,0.9999999996606217,0,6.547241563656146e-07,0
1,2,384,0,0,2,0,1,2,3,1,0,0.2450627674654096,0,6.283185307179586,0.08325656894321938,8.013000768566297,-0.01,0.15,0.1,0.145,1,-0.7,0,0,0,0,0,0,0,0,0,0,0,0,-0.2449148117308628,-0.2449148117308628,-0.2449148117308628,-0.2449148117308628,0.008514399135667042,0.008514399135667042,0.008514399135667042,0.008514399135667042,1.0000000006261356,0,6.316402653311873e-07,0
1,2,385,0,0,2,0,1,2,3,1,0,0.24506276748686565,0,6.283185307179586,0.08325656894321956,8.0330007705663,-0.01,0.15,0.1,0.145,1,-0.7,0,0,0,0,0,0,0,0,0,0,0,0,-0.24491481175241908,-0.24491481175241908,-0.24491481175241908,-0.24491481175241908,0.008514399133157007,0.008514399133157007,0.008514399133157007,0.008514399133157007,0.9999999996634887,0,6.093702435594974e-07,0
1,2,386,0,0,2,0,1,2,3,1,0,0.24506276747005043,0,6.283185307179586,0.08325656894321942,8.053000772566298,-0.01,0.15,0.1,0.145,1,-0.7,0,0,0,0,0,0,0,0,0,0,0,0,-0.24491481173552532,-0.24491481173552532,-0.24491481173552532,-0.24491481173552532,0.008514399135124126,0.008514399135124126,0.008514399135124126,0.008514399135124126,0.9999999996759161,0,5.878854105105434e-07,0
1,2,387,0,0,2,0,1,2,3,1,0,0.24506276746131006,0,6.283185307179586,0.08325656894321952,8.073000774566298,-0.01,0.15,0.1,0.145,1,-0.7,0,0,0,0,0,0,0,0,0,0,0,0,-0.24491481172674412,-0.24491481172674412,-0.24491481172674412,-0.24491481172674412,0.008514399136146605,0.008514399136146605,0.008514399136146605,0.008514399136146605,0.9999999999656826,0,5.67158078839742e-07,0
1,2,388,0,0,2,0,1,2,3,1,0,0.24506276746064473,0,6.283185307179586,0.08325656894321944,8.093000776566297,-0.01,0.15,0.1,0.145,1,-0.7,0,0,0,0,0,0,0,0,0,0,0,0,-0.24491481172607568,-0.24491481172607568,-0.24491481172607568,-0.24491481172607568,0.00851439913622441,0.00851439913622441,0.00851439913622441,0.00851439913622441,0.9999999999825686,0,5.471615384288447e-07,0
1,2,389,0,0,2,0,1,2,3,1,0,0.24506276740945981,0,6.283185307179586,0.08325656894321944,8.113000778566297,-0.01,0.15,0.1,0.145,1,-0.7,0,0,0,0,0,0,0,0,0,0,0,0,-0.24491481167465168,-0.24491481167465168,-0.24491481167465168,-0.24491481167465168,0.008514399142212236,0.008514399142212236,0.008514399142212236,0.008514399142212236,0.9999999999353228,0,5.278700246237694e-07,0
1,2,390,0,0,2,0,1,2,3,1,0,0.24506276747905328,0,6.283185307179586,0.08325656894321953,8.133000780566297,-0.01,0.15,0.1,0.145,1,-0.7,0,0,0,0,0,0,0,0,0,0,0,0,-0.24491481174457022,-0.24491481174457022,-0.24491481174457022,-0.24491481174457022,0.008514399134070937,0.008514399134070937,0.008514399134070937,0.008514399134070937,1.0000000004580336,0,5.092586825628088e-07,0
1,2,391,0,0,2,0,1,2,3,1,0,0.24506276745449307,0,6.283185307179586,0.08325656894321949,8.153000782566297,-0.01,0.15,0.1,0.145,1,-0.7,0,0,0,0,0,0,0,0,0,0,0,0,-0.2449148117198953,-0.2449148117198953,-0.2449148117198953,-0.2449148117198953,0.008514399136944076,0.008514399136944076,0.008514399136944076,0.008514399136944076,0.9999999994935749,0,4.913035224001527e-07,0
1,2,392,0,0,2,0,1,2,3,1,0,0.24506276743529543,0,6.283185307179586,0.08325656894321946,8.173000784566296,-0.01,0.15,0.1,0.145,1,-0.7,0,0,0,0,0,0,0,0,0,0,0,0,-0.24491481170060797,-0.24491481170060797,-0.24491481170060797,-0.24491481170060797,0.008514399139189886,0.008514399139189886,0.008514399139189886,0.008514399139189886,1.0000000001208225,0,4.7398142170381496e-07,0
1,2,393,0,0,2,0,1,2,3,1,0,0.24506276742621733,0,6.283185307179586,0.08325656894321948,8.193000786566296,-0.01,0.15,0.1,0.145,1,-0.7,0,0,0,0,0,0,0,0,0,0,0,0,-0.24491481169148746,-0.24491481169148746,-0.24491481169148746,-0.24491481169148746,0.008514399140251877,0.008514399140251877,0.008514399140251877,0.008514399140251877,1.0000000001439808,0,4.572700517110086e-07,0
1,2,394,0,0,2,0,1,2,3,1,0,0.24506276742725885,0,6.283185307179586,0.08325656894321948,8.213000788566296,-0.01,0.15,0.1,0.145,1,-0.7,0,0,0,0,0,0,0,0,0,0,0,0,-0.24491481169253385,-0.24491481169253385,-0.24491481169253385,-0.24491481169253385,0.008514399140130078,0.008514399140130078,0.008514399140130078,0.008514399140130078,1.0000000001488747,0,4.4114788149794827e-07,0
1,2,395,0,0,2,0,1,2,3,1,0,0.24506276747824615,0,6.283185307179586,0.08325656894321953,8.233000790566296,-0.01,0.15,0.1,0.145,1,-0.7,0,0,0,0,0,0,0,0,0,0,0,0,-0.24491481174375931,-0.24491481174375931,-0.24491481174375931,-0.24491481174375931,0.008514399134165379,0.008514399134165379,0.008514399134165379,0.008514399134165379,1.0000000001029647,0,4.255941375076436e-07,0
1,2,396,0,0,2,0,1,2,3,1,0,0.24506276744880565,0,6.283185307179586,0.0832565689432195,8.253000792566295,-0.01,0.15,0.1,0.145,1,-0.7,0,0,0,0,0,0,0,0,0,0,0,0,-0.24491481171418128,-0.24491481171418128,-0.24491481171418128,-0.24491481171418128,0.008514399137609442,0.008514399137609442,0.008514399137609442,0.008514399137609442,0.9999999995700648,0,4.105887770438424e-07,0
1,2,397,0,0,2,0,1,2,3,1,0,0.24506276746393016,0,6.283185307179586,0.08325656894321948,8.273000794566295,-0.01,0.15,0.1,0.145,1,-0.7,0,0,0,0,0,0,0,0,0,0,0,0,-0.24491481172937643,-0.24491481172937643,-0.24491481172937643,-0.24491481172937643,0.008514399135840114,0.008514399135840114,0.008514399135840114,0.008514399135840114,1.0000000001355573,0,3.9611247089432876e-07,0
1,2,398,0,0,2,0,1,2,3,1,0,0.2450627673950023,0,6.283185307179586,0.08325656894321944,8.293000796566295,-0.01,0.15,0.1,0.145,1,-0.7,0,0,0,0,0,0,0,0,0,0,0,0,-0.24491481166012663,-0.24491481166012663,-0.24491481166012663,-0.24491481166012663,0.008514399143903536,0.008514399143903536,0.008514399143903536,0.008514399143903536,0.999999999845322,0,3.821465592722395e-07,0
1,2,399,0,0,2,0,1,2,3,1,0,0.2450627674450311,0,6.283185307179586,0.08325656894321946,8.313000798566295,-0.01,0.15,0.1,0.145,1,-0.7,0,0,0,0,0,0,0,0,0,0,0,0,-0.24491481171038912,-0.24491481171038912,-0.24491481171038912,-0.24491481171038912,0.008514399138050984,0.008514399138050984,0.008514399138050984,0.008514399138050984,1.000000000596728,0,3.686730534254008e-07,0
1,2,400,0,0,2,0,1,2,3,1,0,0.24506276741343122,0,6.283185307179586,0.08325656894321955,8.333000800566294,-0.01,0.15,0.1,0.145,1,-0.7,0,0,0,0,0,0,0,0,0,0,0,0,-0.24491481167864163,-0.24491481167864163,-0.24491481167864163,-0.24491481167864163,0.008514399141747672,0.008514399141747672,0.008514399141747672,0.008514399141747672,0.9999999997586784,0,3.556745836658339e-07,0
1,2,401,0,0,2,0,1,2,3,1,0,0.24506276745473146,0,6.283185307179586,0.08325656894321942,8.353000802566294,-0.01,0.15,0.1,0.145,1,-0.7,0,0,0,0,0,0,0,0,0,0,0,0,-0.2449148117201348,-0.2449148117201348,-0.2449148117201348,-0.2449148117201348,0.00851439913691618,0.00851439913691618,0.00851439913691618,0.00851439913691618,1.0000000003512053,0,3.4313441105665855e-07,0
1,2,402,0,0,2,0,1,2,3,1,0,0.24506276746286176,0,6.283185307179586,0.08325656894321955,8.373000804566294,-0.01,0.15,0.1,0.145,1,-0.7,0,0,0,0,0,0,0,0,0,0,0,0,-0.24491481172830307,-0.24491481172830307,-0.24491481172830307,-0.24491481172830307,0.008514399135965092,0.008514399135965092,0.008514399135965092,0.008514399135965092,0.9999999997672813,0,3.310363693581669e-07,0
1,2,403,0,0,2,0,1,2,3,1,0,0.2450627674739685,0,6.283185307179586,0.08325656894321948,8.393000806566294,-0.01,0.15,0.1,0.145,1,-0.7,0,0,0,0,0,0,0,0,0,0,0,0,-0.24491481173946167,-0.24491481173946167,-0.24491481173946167,-0.24491481173946167,0.008514399134665757,0.008514399134665757,0.008514399134665757,0.008514399134665757,0.999999999898213,0,3.1936487567274054e-07,0
1,2,404,0,0,2,0,1,2,3,1,0,0.24506276744589173,0,6.283185307179586,0.08325656894321949,8.413000808566293,-0.01,0.15,0.1,0.145,1,-0.7,0,0,0,0,0,0,0,0,0,0,0,0,-0.24491481171125376,-0.24491481171125376,-0.24491481171125376,-0.24491481171125376,0.008514399137950327,0.008514399137950327,0.008514399137950327,0.008514399137950327,0.9999999998333617,0,3.0810488838240203e-07,0
1,2,405,0,0,2,0,1,2,3,1,0,0.24506276742255062,0,6.283185307179586,0.08325656894321949,8.433000810566293,-0.01,0.15,0.1,0.145,1,-0.7,0,0,0,0,0,0,0,0,0,0,0,0,-0.24491481168780363,-0.24491481168780363,-0.24491481168780363,-0.24491481168780363,0.008514399140680811,0.008514399140680811,0.008514399140680811,0.008514399140680811,1.0000000001783942,0,2.9724190049168605e-07,0
1,2,406,0,0,2,0,1,2,3,1,0,0.2450627674461024,0,6.283185307179586,0.08325656894321944,8.453000812566293,-0.01,0.15,0.1,0.145,1,-0.7,0,0,0,0,0,0,0,0,0,0,0,0,-0.2449148117114654,-0.2449148117114654,-0.2449148117114654,-0.2449148117114654,0.008514399137925632,0.008514399137925632,0.008514399137925632,0.008514399137925632,1.0000000002571596,0,2.8676191306112456e-07,0
1,2,407,0,0,2,0,1,2,3,1,0,0.24506276748339814,0,6.283185307179586,0.08325656894321946,8.473000814566293,-0.01,0.15,0.1,0.145,1,-0.7,0,0,0,0,0,0,0,0,0,0,0,0,-0.24491481174893537,-0.24491481174893537,-0.24491481174893537,-0.24491481174893537,0.008514399133562662,0.008514399133562662,0.008514399133562662,0.008514399133562662,0.9999999998879456,0,2.7665142199575436e-07,0
1,2,408,0,0,2,0,1,2,3,1,0,0.24506276739181448,0,6.283185307179586,0.08325656894321944,8.493000816566292,-0.01,0.15,0.1,0.145,1,-0.7,0,0,0,0,0,0,0,0,0,0,0,0,-0.24491481165692391,-0.24491481165692391,-0.24491481165692391,-0.24491481165692391,0.008514399144276482,0.008514399144276482,0.008514399144276482,0.008514399144276482,0.9999999996163709,0,2.668974012128844e-07,0
1,2,409,0,0,2,0,1,2,3,1,0,0.24506276743829852,0,6.283185307179586,0.08325656894321959,8.513000818566292,-0.01,0.15,0.1,0.145,1,-0.7,0,0,0,0,0,0,0,0,0,0,0,0,-0.24491481170362508,-0.24491481170362508,-0.24491481170362508,-0.24491481170362508,0.0085143991388386,0.0085143991388386,0.0085143991388386,0.0085143991388386,1.0000000007953016,0,2.574872854002665e-07,0
1,2,410,0,0,2,0,1,2,3,1,0,0.24506276744560138,0,6.283185307179586,0.08325656894321946,8.533000820566292,-0.01,0.15,0.1,0.145,1,-0.7,0,0,0,0,0,0,0,0,0,0,0,0,-0.24491481171096205,-0.24491481171096205,-0.24491481171096205,-0.24491481171096205,0.008514399137984257,0.008514399137984257,0.008514399137984257,0.008514399137984257,0.9999999998002771,0,2.4840894147908984e-07,0
1,2,411,0,0,2,0,1,2,3,1,0,0.24506276744958463,0,6.283185307179586,0.08325656894321944,8.553000822566291,-0.01,0.15,0.1,0.145,1,-0.7,0,0,0,0,0,0,0,0,0,0,0,0,-0.24491481171496393,-0.24491481171496393,-0.24491481171496393,-0.24491481171496393,0.008514399137518261,0.008514399137518261,0.008514399137518261,0.008514399137518261,1.000000000008109,0,2.396506791412476e-07,0
1,2,412,0,0,2,0,1,2,3,1,0,0.24506276751009673,0,6.283185307179586,0.08325656894321944,8.573000824566291,-0.01,0.15,0.1,0.145,1,-0.7,0,0,0,0,0,0,0,0,0,0,0,0,-0.24491481177575866,-0.24491481177575866,-0.24491481177575866,-0.24491481177575866,0.008514399130439358,0.008514399130439358,0.008514399130439358,0.008514399130439358,0.9999999999725375,0,2.3120121033159413e-07,0
1,2,413,0,0,2,0,1,2,3,1,0,0.24506276744030628,0,6.283185307179586,0.08325656894321956,8.593000826566291,-0.01,0.15,0.1,0.145,1,-0.7,0,0,0,0,0,0,0,0,0,0,0,0,-0.24491481170564222,-0.24491481170564222,-0.24491481170564222,-0.24491481170564222,0.008514399138603688,0.008514399138603688,0.008514399138603688,0.008514399138603688,0.9999999993708002,0,2.2304964694696342e-07,0
1,2,414,0,0,2,0,1,2,3,1,0,0.24506276750235018,0,6.283185307179586,0.0832565689432194,8.61300082856629,-0.01,0.15,0.1,0.145,1,-0.7,0,0,0,0,0,0,0,0,0,0,0,0,-0.24491481176797592,-0.24491481176797592,-0.24491481176797592,-0.24491481176797592,0.008514399131345546,0.008514399131345546,0.008514399131345546,0.008514399131345546,1.00000000041595,0,2.1518548997923388e-07,0
1,2,415,0,0,2,0,1,2,3,1,0,0.2450627674765387,0,6.283185307179586,0.0832565689432195,8.63300083056629,-0.01,0.15,0.1,0.145,1,-0.7,0,0,0,0,0,0,0,0,0,0,0,0,-0.2449148117420439,-0.2449148117420439,-0.2449148117420439,-0.2449148117420439,0.008514399134365075,0.008514399134365075,0.008514399134365075,0.008514399134365075,0.9999999994284288,0,2.0759859919004654e-07,0
1,2,416,0,0,2,0,1,2,3,1,0,0.2450627674135896,0,6.283185307179586,0.08325656894321948,8.65300083256629,-0.01,0.15,0.1,0.145,1,-0.7,0,0,0,0,0,0,0,0,0,0,0,0,-0.24491481167880075,-0.24491481167880075,-0.24491481167880075,-0.24491481167880075,0.008514399141729122,0.008514399141729122,0.008514399141729122,0.008514399141729122,0.9999999999976126,0,2.0027920564357348e-07,0
1,2,417,0,0,2,0,1,2,3,1,0,0.24506276751538675,0,6.283185307179586,0.08325656894321942,8.67300083456629,-0.01,0.15,0.1,0.145,1,-0.7,0,0,0,0,0,0,0,0,0,0,0,0,-0.24491481178107338,-0.24491481178107338,-0.24491481178107338,-0.24491481178107338,0.00851439912982052,0.00851439912982052,0.00851439912982052,0.00851439912982052,1.000000000503798,0,1.9321787500046182e-07,0
1,2,418,0,0,2,0,1,2,3,1,0,0.2450627674937537,0,6.283185307179586,0.08325656894321948,8.69300083656629,-0.01,0.15,0.1,0.145,1,-0.7,0,0,0,0,0,0,0,0,0,0,0,0,-0.2449148117593393,-0.2449148117593393,-0.2449148117593393,-0.2449148117593393,0.008514399132351202,0.008514399132351202,0.008514399132351202,0.008514399132351202,0.9999999990994617,0,1.864055055793162e-07,0
1,2,419,0,0,2,0,1,2,3,1,0,0.24506276748586434,0,6.283185307179586,0.08325656894321944,8.71300083856629,-0.01,0.15,0.1,0.145,1,-0.7,0,0,0,0,0,0,0,0,0,0,0,0,-0.24491481175141308,-0.24491481175141308,-0.24491481175141308,-0.24491481175141308,0.008514399133274156,0.008514399133274156,0.008514399133274156,0.008514399133274156,0.9999999998658211,0,1.7983332635994523e-07,0
1,2,420,0,0,2,0,1,2,3,1,0,0.2450627674385072,0,6.283185307179586,0.08325656894321948,8.73300084056629,-0.01,0.15,0.1,0.145,1,-0.7,0,0,0,0,0,0,0,0,0,0,0,0,-0.24491481170383475,-0.24491481170383475,-0.24491481170383475,-0.24491481170383475,0.008514399138814141,0.008514399138814141,0.008514399138814141,0.008514399138814141,0.9999999998661178,0,1.7349286407355297e-07,0
1,2,421,0,0,2,0,1,2,3,1,0,0.24506276744313965,0,6.283185307179586,0.08325656894321946,8.753000842566289,-0.01,0.15,0.1,0.145,1,-0.7,0,0,0,0,0,0,0,0,0,0,0,0,-0.24491481170848883,-0.24491481170848883,-0.24491481170848883,-0.24491481170848883,0.008514399138272257,0.008514399138272257,0.008514399138272257,0.008514399138272257,1.0000000002787832,0,1.6737595097076843e-07,0
1,2,422,0,0,2,0,1,2,3,1,0,0.2450627674055929,0,6.283185307179586,0.08325656894321952,8.773000844566289,-0.01,0.15,0.1,0.145,1,-0.7,0,0,0,0,0,0,0,0,0,0,0,0,-0.2449148116707667,-0.2449148116707667,-0.2449148116707667,-0.2449148116707667,0.008514399142664622,0.008514399142664622,0.008514399142664622,0.008514399142664622,1.0000000000017977,0,1.6147470344410916e-07,0
1,2,423,0,0,2,0,1,2,3,1,0,0.2450627674191272,0,6.283185307179586,0.08325656894321944,8.793000846566288,-0.01,0.15,0.1,0.145,1,-0.7,0,0,0,0,0,0,0,0,0,0,0,0,-0.24491481168436421,-0.24491481168436421,-0.24491481168436421,-0.24491481168436421,0.008514399141081323,0.008514399141081323,0.008514399141081323,0.008514399141081323,1.0000000004722178,0,1.5578151978809556e-07,0
1,2,424,0,0,2,0,1,2,3,1,0,0.24506276738985597,0,6.283185307179586,0.08325656894321955,8.813000848566288,-0.01,0.15,0.1,0.145,1,-0.7,0,0,0,0,0,0,0,0,0,0,0,0,-0.24491481165495624,-0.24491481165495624,-0.24491481165495624,-0.24491481165495624,0.00851439914450559,0.00851439914450559,0.00851439914450559,0.00851439914450559,1.0000000000989715,0,1.502890621616099e-07,0
1,2,425,0,0,2,0,1,2,3,1,0,0.24506276742753422,0,6.283185307179586,0.08325656894321948,8.833000850566288,-0.01,0.15,0.1,0.145,1,-0.7,0,0,0,0,0,0,0,0,0,0,0,0,-0.24491481169281049,-0.24491481169281049,-0.24491481169281049,-0.24491481169281049,0.008514399140097823,0.008514399140097823,0.008514399140097823,0.008514399140097823,1.000000000487221,0,1.449902554636648e-07,0
1,2,426,0,0,2,0,1,2,3,1,0,0.24506276738024765,0,6.283185307179586,0.08325656894321944,8.853000852566288,-0.01,0.15,0.1,0.145,1,-0.7,0,0,0,0,0,0,0,0,0,0,0,0,-0.24491481164530307,-0.24491481164530307,-0.24491481164530307,-0.24491481164530307,0.008514399145629592,0.008514399145629592,0.008514399145629592,0.008514399145629592,0.9999999999121307,0,1.398782699248791e-07,0
1,2,427,0,0,2,0,1,2,3,1,0,0.24506276737145025,0,6.283185307179586,0.08325656894321946,8.873000854566287,-0.01,0.15,0.1,0.145,1,-0.7,0,0,0,0,0,0,0,0,0,0,0,0,-0.24491481163646456,-0.24491481163646456,-0.24491481163646456,-0.24491481163646456,0.008514399146658759,0.008514399146658759,0.008514399146658759,0.008514399146658759,1.0000000005850147,0,1.3494652143665137e-07,0
1,2,428,0,0,2,0,1,2,3,1,0,0.2450627674295991,0,6.283185307179586,0.08325656894321946,8.893000856566287,-0.01,0.15,0.1,0.145,1,-0.7,0,0,0,0,0,0,0,0,0,0,0,0,-0.24491481169488502,-0.24491481169488502,-0.24491481169488502,-0.24491481169488502,0.008514399139856285,0.008514399139856285,0.008514399139856285,0.008514399139856285,1.000000000470365,0,1.3018865273333017e-07,0
1,2,429,0,0,2,0,1,2,3,1,0,0.24506276744919353,0,6.283185307179586,0.08325656894321944,8.913000858566287,-0.01,0.15,0.1,0.145,1,-0.7,0,0,0,0,0,0,0,0,0,0,0,0,-0.244914811714571,-0.244914811714571,-0.244914811714571,-0.244914811714571,0.008514399137564042,0.008514399137564042,0.008514399137564042,0.008514399137564042,0.9999999997905853,0,1.255985337232458e-07,0
1,2,430,0,0,2,0,1,2,3,1,0,0.24506276743794622,0,6.283185307179586,0.08325656894321945,8.933000860566287,-0.01,0.15,0.1,0.145,1,-0.7,0,0,0,0,0,0,0,0,0,0,0,0,-0.24491481170327115,-0.24491481170327115,-0.24491481170327115,-0.24491481170327115,0.00851439913887979,0.00851439913887979,0.00851439913887979,0.00851439913887979,0.999999999917339,0,1.2117025139968597e-07,0
1,2,431,0,0,2,0,1,2,3,1,0,0.24506276743744548,0,6.283185307179586,0.08325656894321945,8.953000862566286,-0.01,0.15,0.1,0.145,1,-0.7,0,0,0,0,0,0,0,0,0,0,0,0,-0.24491481170276808,-0.24491481170276808,-0.24491481170276808,-0.24491481170276808,0.008514399138938351,0.008514399138938351,0.008514399138938351,0.008514399138938351,1.0000000000996252,0,1.1689809908788432e-07,0
1,2,432,0,0,2,0,1,2,3,1,0,0.24506276749256217,0,6.283185307179586,0.0832565689432195,8.973000864566286,-0.01,0.15,0.1,0.145,1,-0.7,0,0,0,0,0,0,0,0,0,0,0,0,-0.2449148117581422,-0.2449148117581422,-0.2449148117581422,-0.2449148117581422,0.008514399132490587,0.008514399132490587,0.008514399132490587,0.008514399132490587,1.00000000004324,0,1.1277657163087857e-07,0
1,2,433,0,0,2,0,1,2,3,1,0,0.24506276744814154,0,6.283185307179586,0.08325656894321945,8.993000866566286,-0.01,0.15,0.1,0.145,1,-0.7,0,0,0,0,0,0,0,0,0,0,0,0,-0.24491481171351406,-0.24491481171351406,-0.24491481171351406,-0.24491481171351406,0.008514399137687118,0.008514399137687118,0.008514399137687118,0.008514399137687118,0.9999999994718003,0,1.0880035814522681e-07,0
1,2,434,0,0,2,0,1,2,3,1,0,0.24506276746201042,0,6.283185307179586,0.08325656894321952,9.013000868566285,-0.01,0.15,0.1,0.145,1,-0.7,0,0,0,0,0,0,0,0,0,0,0,0,-0.24491481172744772,-0.24491481172744772,-0.24491481172744772,-0.24491481172744772,0.008514399136064662,0.008514399136064662,0.008514399136064662,0.008514399136064662,1.0000000002229505,0,1.0496433706453104e-07,0
1,2,435,0,0,2,0,1,2,3,1,0,0.2450627674794825,0,6.283185307179586,0.08325656894321938,9.033000870566285,-0.01,0.15,0.1,0.145,1,-0.7,0,0,0,0,0,0,0,0,0,0,0,0,-0.24491481174500143,-0.24491481174500143,-0.24491481174500143,-0.24491481174500143,0.008514399134020722,0.008514399134020722,0.008514399134020722,0.008514399134020722,0.9999999998614513,0,1.0126356317578787e-07,0
1,2,436,0,0,2,0,1,2,3,1,0,0.2450627675068537,0,6.283185307179586,0.08325656894321949,9.053000872566285,-0.01,0.15,0.1,0.145,1,-0.7,0,0,0,0,0,0,0,0,0,0,0,0,-0.2449148117725005,-0.2449148117725005,-0.2449148117725005,-0.2449148117725005,0.008514399130818733,0.008514399130818733,0.008514399130818733,0.008514399130818733,0.9999999997582734,0,9.769326934070731e-08,0
1,2,437,0,0,2,0,1,2,3,1,0,0.24506276745980568,0,6.283185307179586,0.08325656894321949,9.073000874566285,-0.01,0.15,0.1,0.145,1,-0.7,0,0,0,0,0,0,0,0,0,0,0,0,-0.24491481172523272,-0.24491481172523272,-0.24491481172523272,-0.24491481172523272,0.008514399136322612,0.008514399136322612,0.008514399136322612,0.008514399136322612,0.9999999995480309,0,9.424885485050954e-08,0
1,2,438,0,0,2,0,1,2,3,1,0,0.24506276742259225,0,6.283185307179586,0.0832565689432195,9.093000876566284,-0.01,0.15,0.1,0.145,1,-0.7,0,0,0,0,0,0,0,0,0,0,0,0,-0.24491481168784546,-0.24491481168784546,-0.24491481168784546,-0.24491481168784546,0.00851439914067596,0.00851439914067596,0.00851439914067596,0.00851439914067596,1.0000000001823963,0,9.092588229485908e-08,0
1,2,439,0,0,2,0,1,2,3,1,0,0.24506276738353322,0,6.283185307179586,0.08325656894321955,9.113000878566284,-0.01,0.15,0.1,0.145,1,-0.7,0,0,0,0,0,0,0,0,0,0,0,0,-0.24491481164860399,-0.24491481164860399,-0.24491481164860399,-0.24491481164860399,0.008514399145245231,0.008514399145245231,0.008514399145245231,0.008514399145245231,1.0000000003303349,0,8.77200688156095e-08,0
1,2,440,0,0,2,0,1,2,3,1,0,0.24506276744882205,0,6.283185307179586,0.08325656894321941,9.133000880566284,-0.01,0.15,0.1,0.145,1,-0.7,0,0,0,0,0,0,0,0,0,0,0,0,-0.24491481171419777,-0.24491481171419777,-0.24491481171419777,-0.24491481171419777,0.008514399137607476,0.008514399137607476,0.008514399137607476,0.008514399137607476,1.000000000546443,0,8.462728415475838e-08,0
1,2,441,0,0,2,0,1,2,3,1,0,0.24506276748122674,0,6.283185307179586,0.08325656894321949,9.153000882566284,-0.01,0.15,0.1,0.145,1,-0.7,0,0,0,0,0,0,0,0,0,0,0,0,-0.2449148117467538,-0.2449148117467538,-0.2449148117467538,-0.2449148117467538,0.008514399133816679,0.008514399133816679,0.008514399133816679,0.008514399133816679,0.9999999996564632,0,8.164354231188652e-08,0
1,2,442,0,0,2,0,1,2,3,1,0,0.2450627674329156,0,6.283185307179586,0.08325656894321948,9.173000884566283,-0.01,0.15,0.1,0.145,1,-0.7,0,0,0,0,0,0,0,0,0,0,0,0,-0.24491481169821702,-0.24491481169821702,-0.24491481169821702,-0.24491481169821702,0.008514399139468283,0.008514399139468283,0.008514399139468283,0.008514399139468283,0.999999999657625,0,7.876500023610213e-08,0
1,2,443,0,0,2,0,1,2,3,1,0,0.24506276746288744,0,6.283185307179586,0.08325656894321948,9.193000886566283,-0.01,0.15,0.1,0.145,1,-0.7,0,0,0,0,0,0,0,0,0,0,0,0,-0.24491481172832885,-0.24491481172832885,-0.24491481172832885,-0.24491481172832885,0.008514399135962074,0.008514399135962074,0.008514399135962074,0.008514399135962074,1.0000000003375398,0,7.598794865772312e-08,0
1,2,444,0,0,2,0,1,2,3,1,0,0.24506276744829308,0,6.283185307179586,0.0832565689432195,9.213000888566283,-0.01,0.15,0.1,0.145,1,-0.7,0,0,0,0,0,0,0,0,0,0,0,0,-0.24491481171366633,-0.24491481171366633,-0.24491481171366633,-0.24491481171366633,0.008514399137669357,0.008514399137669357,0.008514399137669357,0.008514399137669357,0.9999999997672653,0,7.330880793002312e-08,0
1,2,445,0,0,2,0,1,2,3,1,0,0.2450627674447306,0,6.283185307179586,0.08325656894321944,9.233000890566283,-0.01,0.15,0.1,0.145,1,-0.7,0,0,0,0,0,0,0,0,0,0,0,0,-0.2449148117100872,-0.2449148117100872,-0.2449148117100872,-0.2449148117100872,0.008514399138086132,0.008514399138086132,0.008514399138086132,0.008514399138086132,1.0000000001101057,0,7.072412743332991e-08,0
1,2,446,0,0,2,0,1,2,3,1,0,0.2450627674575843,0,6.283185307179586,0.08325656894321949,9.253000892566282,-0.01,0.15,0.1,0.145,1,-0.7,0,0,0,0,0,0,0,0,0,0,0,0,-0.24491481172300095,-0.24491481172300095,-0.24491481172300095,-0.24491481172300095,0.008514399136582447,0.008514399136582447,0.008514399136582447,0.008514399136582447,1.0000000000518448,0,6.823057591771082e-08,0
1,2,447,0,0,2,0,1,2,3,1,0,0.24506276742558783,0,6.283185307179586,0.08325656894321942,9.273000894566282,-0.01,0.15,0.1,0.145,1,-0.7,0,0,0,0,0,0,0,0,0,0,0,0,-0.24491481169085502,-0.24491481169085502,-0.24491481169085502,-0.24491481169085502,0.008514399140325538,0.008514399140325538,0.008514399140325538,0.008514399140325538,0.9999999998635651,0,6.582494056858392e-08,0
1,2,448,0,0,2,0,1,2,3,1,0,0.2450627673863622,0,6.283185307179586,0.08325656894321948,9.293000896566282,-0.01,0.15,0.1,0.145,1,-0.7,0,0,0,0,0,0,0,0,0,0,0,0,-0.24491481165144616,-0.24491481165144616,-0.24491481165144616,-0.24491481165144616,0.008514399144914293,0.008514399144914293,0.008514399144914293,0.008514399144914293,1.0000000002873186,0,6.35041220942169e-08,0
1,2,449,0,0,2,0,1,2,3,1,0,0.24506276741345526,0,6.283185307179586,0.08325656894321949,9.313000898566282,-0.01,0.15,0.1,0.145,1,-0.7,0,0,0,0,0,0,0,0,0,0,0,0,-0.24491481167866577,-0.24491481167866577,-0.24491481167866577,-0.24491481167866577,0.008514399141744858,0.008514399141744858,0.008514399141744858,0.008514399141744858,1.0000000005141132,0,6.126512963106942e-08,0
1,2,450,0,0,2,0,1,2,3,1,0,0.24506276744619634,0,6.283185307179586,0.08325656894321945,9.333000900566281,-0.01,0.15,0.1,0.145,1,-0.7,0,0,0,0,0,0,0,0,0,0,0,0,-0.2449148117115598,-0.2449148117115598,-0.2449148117115598,-0.2449148117115598,0.008514399137914653,0.008514399137914653,0.008514399137914653,0.008514399137914653,1.0000000000314841,0,5.910507788690238e-08,0
1,2,451,0,0,2,0,1,2,3,1,0,0.2450627674287049,0,6.283185307179586,0.08325656894321949,9.353000902566281,-0.01,0.15,0.1,0.145,1,-0.7,0,0,0,0,0,0,0,0,0,0,0,0,-0.24491481169398663,-0.24491481169398663,-0.24491481169398663,-0.24491481169398663,0.008514399139960873,0.008514399139960873,0.008514399139960873,0.008514399139960873,0.9999999998369518,0,5.7021184199461294e-08,0
1,2,452,0,0,2,0,1,2,3,1,0,0.245062767514088,0,6.283185307179586,0.08325656894321945,9.37300090456628,-0.01,0.15,0.1,0.145,1,-0.7,0,0,0,0,0,0,0,0,0,0,0,0,-0.2449148117797686,-0.2449148117797686,-0.2449148117797686,-0.2449148117797686,0.008514399129972457,0.008514399129972457,0.008514399129972457,0.008514399129972457,1.0000000001990195,0,5.5010763556843856e-08,0
1,2,453,0,0,2,0,1,2,3,1,0,0.24506276746498365,0,6.283185307179586,0.08325656894321946,9.39300090656628,-0.01,0.15,0.1,0.145,1,-0.7,0,0,0,0,0,0,0,0,0,0,0,0,-0.24491481173043486,-0.24491481173043486,-0.24491481173043486,-0.24491481173043486,0.008514399135716852,0.008514399135716852,0.008514399135716852,0.008514399135716852,0.9999999991862083,0,5.307122450732267e-08,0
1,2,454,0,0,2,0,1,2,3,1,0,0.24506276747058578,0,6.283185307179586,0.08325656894321946,9.41300090856628,-0.01,0.15,0.1,0.145,1,-0.7,0,0,0,0,0,0,0,0,0,0,0,0,-0.24491481173606316,-0.24491481173606316,-0.24491481173606316,-0.24491481173606316,0.008514399135061511,0.008514399135061511,0.008514399135061511,0.008514399135061511,1.0000000001575629,0,5.120006960643272e-08,0
1,2,455,0,0,2,0,1,2,3,1,0,0.24506276749055889,0,6.283185307179586,0.08325656894321957,9.43300091056628,-0.01,0.15,0.1,0.145,1,-0.7,0,0,0,0,0,0,0,0,0,0,0,0,-0.24491481175612956,-0.24491481175612956,-0.24491481175612956,-0.24491481175612956,0.008514399132724986,0.008514399132724986,0.008514399132724986,0.008514399132724986,0.9999999998574509,0,4.939488621148537e-08,0
1,2,456,0,0,2,0,1,2,3,1,0,0.24506276742381058,0,6.283185307179586,0.08325656894321944,9.45300091256628,-0.01,0.15,0.1,0.145,1,-0.7,0,0,0,0,0,0,0,0,0,0,0,0,-0.24491481168906948,-0.24491481168906948,-0.24491481168906948,-0.24491481168906948,0.00851439914053344,0.00851439914053344,0.00851439914053344,0.00851439914053344,0.9999999996949605,0,4.765334902344028e-08,0
1,2,457,0,0,2,0,1,2,3,1,0,0.24506276745631206,0,6.283185307179586,0.08325656894321948,9.47300091456628,-0.01,0.15,0.1,0.145,1,-0.7,0,0,0,0,0,0,0,0,0,0,0,0,-0.24491481172172275,-0.24491481172172275,-0.24491481172172275,-0.24491481172172275,0.008514399136731273,0.008514399136731273,0.008514399136731273,0.008514399136731273,1.000000000452303,0,4.5973214412504416e-08,0
1,2,458,0,0,2,0,1,2,3,1,0,0.24506276744963196,0,6.283185307179586,0.08325656894321945,9.49300091656628,-0.01,0.15,0.1,0.145,1,-0.7,0,0,0,0,0,0,0,0,0,0,0,0,-0.24491481171501145,-0.24491481171501145,-0.24491481171501145,-0.24491481171501145,0.008514399137512787,0.008514399137512787,0.008514399137512787,0.008514399137512787,0.9999999997747153,0,4.435231639274677e-08,0
1,2,459,0,0,2,0,1,2,3,1,0,0.24506276741091348,0,6.283185307179586,0.08325656894321957,9.513000918566279,-0.01,0.15,0.1,0.145,1,-0.7,0,0,0,0,0,0,0,0,0,0,0,0,-0.24491481167611212,-0.24491481167611212,-0.24491481167611212,-0.24491481167611212,0.008514399142042191,0.008514399142042191,0.008514399142042191,0.008514399142042191,1.0000000000118163,0,4.278856747642908e-08,0
1,2,460,0,0,2,0,1,2,3,1,0,0.245062767374821,0,6.283185307179586,0.08325656894321941,9.533000920566279,-0.01,0.15,0.1,0.145,1,-0.7,0,0,0,0,0,0,0,0,0,0,0,0,-0.24491481163985104,-0.24491481163985104,-0.24491481163985104,-0.24491481163985104,0.008514399146264453,0.008514399146264453,0.008514399146264453,0.008514399146264453,1.0000000003867413,0,4.127995238819279e-08,0
1,2,461,0,0,2,0,1,2,3,1,0,0.24506276747951078,0,6.283185307179586,0.08325656894321952,9.553000922566278,-0.01,0.15,0.1,0.145,1,-0.7,0,0,0,0,0,0,0,0,0,0,0,0,-0.24491481174502983,-0.24491481174502983,-0.24491481174502983,-0.24491481174502983,0.008514399134017418,0.008514399134017418,0.008514399134017418,0.008514399134017418,1.0000000005625438,0,3.9824527121779454e-08,0
1,2,462,0,0,2,0,1,2,3,1,0,0.2450627674434231,0,6.283185307179586,0.08325656894321955,9.573000924566278,-0.01,0.15,0.1,0.145,1,-0.7,0,0,0,0,0,0,0,0,0,0,0,0,-0.24491481170877358,-0.24491481170877358,-0.24491481170877358,-0.24491481170877358,0.00851439913823908,0.00851439913823908,0.00851439913823908,0.00851439913823908,0.9999999993027622,0,3.842041587181124e-08,0
1,2,463,0,0,2,0,1,2,3,1,0,0.2450627674710092,0,6.283185307179586,0.08325656894321935,9.593000926566278,-0.01,0.15,0.1,0.145,1,-0.7,0,0,0,0,0,0,0,0,0,0,0,0,-0.24491481173648855,-0.24491481173648855,-0.24491481173648855,-0.24491481173648855,0.008514399135011959,0.008514399135011959,0.008514399135011959,0.008514399135011959,1.0000000002086118,0,3.70658108019715e-08,0
1,2,464,0,0,2,0,1,2,3,1,0,0.24506276746542402,0,6.283185307179586,0.08325656894321946,9.613000928566278,-0.01,0.15,0.1,0.145,1,-0.7,0,0,0,0,0,0,0,0,0,0,0,0,-0.24491481173087729,-0.24491481173087729,-0.24491481173087729,-0.24491481173087729,0.00851439913566532,0.00851439913566532,0.00851439913566532,0.00851439913566532,0.9999999997562163,0,3.575896513265784e-08,0
1,2,465,0,0,2,0,1,2,3,1,0,0.24506276745714614,0,6.283185307179586,0.08325656894321956,9.633000930566277,-0.01,0.15,0.1,0.145,1,-0.7,0,0,0,0,0,0,0,0,0,0,0,0,-0.24491481172256074,-0.24491481172256074,-0.24491481172256074,-0.24491481172256074,0.008514399136633688,0.008514399136633688,0.008514399136633688,0.008514399136633688,0.9999999999602842,0,3.449819572846178e-08,0
1,2,466,0,0,2,0,1,2,3,1,0,0.24506276749972972,0,6.283185307179586,0.0832565689432194,9.653000932566277,-0.01,0.15,0.1,0.145,1,-0.7,0,0,0,0,0,0,0,0,0,0,0,0,-0.24491481176534322,-0.24491481176534322,-0.24491481176534322,-0.24491481176534322,0.00851439913165213,0.00851439913165213,0.00851439913165213,0.00851439913165213,1.0000000000333564,0,3.3281877773320756e-08,0
1,2,467,0,0,2,0,1,2,3,1,0,0.24506276741434646,0,6.283185307179586,0.08325656894321953,9.673000934566277,-0.01,0.15,0.1,0.145,1,-0.7,0,0,0,0,0,0,0,0,0,0,0,0,-0.24491481167956114,-0.24491481167956114,-0.24491481167956114,-0.24491481167956114,0.008514399141640578,0.008514399141640578,0.008514399141640578,0.008514399141640578,0.9999999995277165,0,3.2108443899008164e-08,0
1,2,468,0,0,2,0,1,2,3,1,0,0.24506276743744257,0,6.283185307179586,0.08325656894321946,9.693000936566277,-0.01,0.15,0.1,0.145,1,-0.7,0,0,0,0,0,0,0,0,0,0,0,0,-0.24491481170276513,-0.24491481170276513,-0.24491481170276513,-0.24491481170276513,0.008514399138938703,0.008514399138938703,0.008514399138938703,0.008514399138938703,1.0000000006162537,0,3.097638279241036e-08,0
1,2,469,0,0,2,0,1,2,3,1,0,0.24506276746861372,0,6.283185307179586,0.0832565689432194,9.713000938566276,-0.01,0.15,0.1,0.145,1,-0.7,0,0,0,0,0,0,0,0,0,0,0,0,-0.2449148117340819,-0.2449148117340819,-0.2449148117340819,-0.2449148117340819,0.008514399135292209,0.008514399135292209,0.008514399135292209,0.008514399135292209,0.9999999999500453,0,2.9884234714597076e-08,0
1,2,470,0,0,2,0,1,2,3,1,0,0.24506276746122924,0,6.283185307179586,0.08325656894321957,9.733000940566276,-0.01,0.15,0.1,0.145,1,-0.7,0,0,0,0,0,0,0,0,0,0,0,0,-0.2449148117266629,-0.2449148117266629,-0.2449148117266629,-0.2449148117266629,0.008514399136156035,0.008514399136156035,0.008514399136156035,0.008514399136156035,0.999999999738403,0,2.8830593122618112e-08,0
1,2,471,0,0,2,0,1,2,3,1,0,0.2450627674565358,0,6.283185307179586,0.08325656894321945,9.753000942566276,-0.01,0.15,0.1,0.145,1,-0.7,0,0,0,0,0,0,0,0,0,0,0,0,-0.24491481172194754,-0.24491481172194754,-0.24491481172194754,-0.24491481172194754,0.008514399136705092,0.008514399136705092,0.008514399136705092,0.008514399136705092,0.9999999999637552,0,2.7814100358600407e-08,0
1,2,472,0,0,2,0,1,2,3,1,0,0.24506276742547176,0,6.283185307179586,0.08325656894321942,9.773000944566276,-0.01,0.15,0.1,0.145,1,-0.7,0,0,0,0,0,0,0,0,0,0,0,0,-0.2449148116907384,-0.2449148116907384,-0.2449148116907384,-0.2449148116907384,0.008514399140339095,0.008514399140339095,0.008514399140339095,0.008514399140339095,0.9999999999597549,0,2.68334464614583e-08,0
1,2,473,0,0,2,0,1,2,3,1,0,0.24506276745241,0,6.283185307179586,0.08325656894321945,9.793000946566275,-0.01,0.15,0.1,0.145,1,-0.7,0,0,0,0,0,0,0,0,0,0,0,0,-0.2449148117178025,-0.2449148117178025,-0.2449148117178025,-0.2449148117178025,0.008514399137187777,0.008514399137187777,0.008514399137187777,0.008514399137187777,1.0000000003138112,0,2.5887367981554885e-08,0
1,2,474,0,0,2,0,1,2,3,1,0,0.24506276742911523,0,6.283185307179586,0.08325656894321959,9.813000948566275,-0.01,0.15,0.1,0.145,1,-0.7,0,0,0,0,0,0,0,0,0,0,0,0,-0.24491481169439888,-0.24491481169439888,-0.24491481169439888,-0.24491481169439888,0.008514399139912863,0.008514399139912863,0.008514399139912863,0.008514399139912863,0.999999999851088,0,2.4974645616432906e-08,0
1,2,475,0,0,2,0,1,2,3,1,0,0.245062767443462,0,6.283185307179586,0.08325656894321938,9.833000950566275,-0.01,0.15,0.1,0.145,1,-0.7,0,0,0,0,0,0,0,0,0,0,0,0,-0.24491481170881269,-0.24491481170881269,-0.24491481170881269,-0.24491481170881269,0.008514399138234558,0.008514399138234558,0.008514399138234558,0.008514399138234558,1.000000000217053,0,2.4094103706622136e-08,0
1,2,476,0,0,2,0,1,2,3,1,0,0.24506276746049996,0,6.283185307179586,0.0832565689432195,9.853000952566275,-0.01,0.15,0.1,0.145,1,-0.7,0,0,0,0,0,0,0,0,0,0,0,0,-0.24491481172593021,-0.24491481172593021,-0.24491481172593021,-0.24491481172593021,0.008514399136241396,0.008514399136241396,0.008514399136241396,0.008514399136241396,0.9999999999595595,0,2.3244607291729964e-08,0
1,2,477,0,0,2,0,1,2,3,1,0,0.2450627674326879,0,6.283185307179586,0.08325656894321956,9.873000954566274,-0.01,0.15,0.1,0.145,1,-0.7,0,0,0,0,0,0,0,0,0,0,0,0,-0.24491481169798826,-0.24491481169798826,-0.24491481169798826,-0.24491481169798826,0.008514399139494958,0.008514399139494958,0.008514399139494958,0.008514399139494958,0.9999999998795559,0,2.2425061983518976e-08,0
1,2,478,0,0,2,0,1,2,3,1,0,0.24506276746854902,0,6.283185307179586,0.08325656894321952,9.893000956566274,-0.01,0.15,0.1,0.145,1,-0.7,0,0,0,0,0,0,0,0,0,0,0,0,-0.24491481173401689,-0.24491481173401689,-0.24491481173401689,-0.24491481173401689,0.008514399135299748,0.008514399135299748,0.008514399135299748,0.008514399135299748,1.0000000002308198,0,2.1634411849517972e-08,0
1,2,479,0,0,2,0,1,2,3,1,0,0.2450627675107256,0,6.283185307179586,0.08325656894321938,9.913000958566274,-0.01,0.15,0.1,0.145,1,-0.7,0,0,0,0,0,0,0,0,0,0,0,0,-0.24491481177639046,-0.24491481177639046,-0.24491481177639046,-0.24491481177639046,0.008514399130365773,0.008514399130365773,0.008514399130365773,0.008514399130365773,0.9999999996907967,0,2.0871637819852676e-08,0
1,2,480,0,0,2,0,1,2,3,1,0,0.245062767470144,0,6.283185307179586,0.08325656894321956,9.933000960566273,-0.01,0.15,0.1,0.145,1,-0.7,0,0,0,0,0,0,0,0,0,0,0,0,-0.2449148117356193,-0.2449148117356193,-0.2449148117356193,-0.2449148117356193,0.008514399135113163,0.008514399135113163,0.008514399135113163,0.008514399135113163,0.9999999994669793,0,2.013575730550486e-08,0
1,2,481,0,0,2,0,1,2,3,1,0,0.24506276743492514,0,6.283185307179586,0.08325656894321937,9.953000962566273,-0.01,0.15,0.1,0.145,1,-0.7,0,0,0,0,0,0,0,0,0,0,0,0,-0.24491481170023593,-0.24491481170023593,-0.24491481170023593,-0.24491481170023593,0.00851439913923322,0.00851439913923322,0.00851439913923322,0.00851439913923322,1.0000000001209486,0,1.942582223105169e-08,0
1,2,482,0,0,2,0,1,2,3,1,0,0.24506276749118702,0,6.283185307179586,0.08325656894321949,9.973000964566273,-0.01,0.15,0.1,0.145,1,-0.7,0,0,0,0,0,0,0,0,0,0,0,0,-0.2449148117567606,-0.2449148117567606,-0.2449148117567606,-0.2449148117567606,0.008514399132651503,0.008514399132651503,0.008514399132651503,0.008514399132651503,1.0000000002339569,0,1.874091755083468e-08,0
1,2,483,0,0,2,0,1,2,3,1,0,0.2450627674733188,0,6.283185307179586,0.08325656894321949,9.993000966566273,-0.01,0.15,0.1,0.145,1,-0.7,0,0,0,0,0,0,0,0,0,0,0,0,-0.24491481173880894,-0.24491481173880894,-0.24491481173880894,-0.24491481173880894,0.008514399134741746,0.008514399134741746,0.008514399134741746,0.008514399134741746,0.9999999994933297,0,1.808016068262367e-08,0
1,2,484,0,0,2,0,1,2,3,1,0,0.24506276747816205,0,6.283185307179586,0.0832565689432195,10.013000968566272,-0.01,0.15,0.1,0.145,1,-0.7,0,0,0,0,0,0,0,0,0,0,0,0,-0.2449148117436748,-0.2449148117436748,-0.2449148117436748,-0.2449148117436748,0.008514399134175179,0.008514399134175179,0.008514399134175179,0.008514399134175179,0.9999999999817035,0,1.7442700635813092e-08,0
1,2,485,0,0,2,0,1,2,3,1,0,0.24506276744416425,0,6.283185307179586,0.08325656894321949,10.033000970566272,-0.01,0.15,0.1,0.145,1,-0.7,0,0,0,0,0,0,0,0,0,0,0,0,-0.2449148117095182,-0.2449148117095182,-0.2449148117095182,-0.2449148117095182,0.008514399138152405,0.008514399138152405,0.008514399138152405,0.008514399138152405,0.9999999998296403,0,1.6827715686255865e-08,0
1,2,486,0,0,2,0,1,2,3,1,0,0.24506276747383796,0,6.283185307179586,0.08325656894321952,10.053000972566272,-0.01,0.15,0.1,0.145,1,-0.7,0,0,0,0,0,0,0,0,0,0,0,0,-0.24491481173933052,-0.24491481173933052,-0.24491481173933052,-0.24491481173933052,0.008514399134681048,0.008514399134681048,0.008514399134681048,0.008514399134681048,1.0000000002230358,0,1.6234413618327504e-08,0
1,2,487,0,0,2,0,1,2,3,1,0,0.24506276747062636,0,6.283185307179586,0.08325656894321953,10.073000974566272,-0.01,0.15,0.1,0.145,1,-0.7,0,0,0,0,0,0,0,0,0,0,0,0,-0.24491481173610394,-0.24491481173610394,-0.24491481173610394,-0.24491481173610394,0.008514399135056767,0.008514399135056767,0.008514399135056767,0.008514399135056767,0.9999999997339017,0,1.5662029719058816e-08,0
1,2,488,0,0,2,0,1,2,3,1,0,0.2450627674311891,0,6.283185307179586,0.08325656894321944,10.093000976566271,-0.01,0.15,0.1,0.145,1,-0.7,0,0,0,0,0,0,0,0,0,0,0,0,-0.24491481169648247,-0.24491481169648247,-0.24491481169648247,-0.24491481169648247,0.008514399139670272,0.008514399139670272,0.008514399139670272,0.008514399139670272,0.9999999999315854,0,1.5109826717574627e-08,0
1,2,489,0,0,2,0,1,2,3,1,0,0.24506276748294412,0,6.283185307179586,0.08325656894321948,10.113000978566271,-0.01,0.15,0.1,0.145,1,-0.7,0,0,0,0,0,0,0,0,0,0,0,0,-0.2449148117484792,-0.2449148117484792,-0.2449148117484792,-0.2449148117484792,0.008514399133615782,0.008514399133615782,0.008514399133615782,0.008514399133615782,1.0000000002743086,0,1.4577093008670883e-08,0
1,2,490,0,0,2,0,1,2,3,1,0,0.24506276745489705,0,6.283185307179586,0.08325656894321948,10.13300098056627,-0.01,0.15,0.1,0.145,1,-0.7,0,0,0,0,0,0,0,0,0,0,0,0,-0.24491481172030113,-0.24491481172030113,-0.24491481172030113,-0.24491481172030113,0.008514399136896804,0.008514399136896804,0.008514399136896804,0.008514399136896804,0.9999999995136761,0,1.4063141956988865e-08,0
1,2,491,0,0,2,0,1,2,3,1,0,0.24506276743759603,0,6.283185307179586,0.08325656894321942,10.15300098256627,-0.01,0.15,0.1,0.145,1,-0.7,0,0,0,0,0,0,0,0,0,0,0,0,-0.24491481170291932,-0.24491481170291932,-0.24491481170291932,-0.24491481170291932,0.00851439913892076,0.00851439913892076,0.00851439913892076,0.00851439913892076,1.000000000110731,0,1.3567311689394213e-08,0
1,2,492,0,0,2,0,1,2,3,1,0,0.24506276743041427,0,6.283185307179586,0.0832565689432195,10.17300098456627,-0.01,0.15,0.1,0.145,1,-0.7,0,0,0,0,0,0,0,0,0,0,0,0,-0.244914811695704,-0.244914811695704,-0.244914811695704,-0.244914811695704,0.008514399139760917,0.008514399139760917,0.008514399139760917,0.008514399139760917,1.000000000158984,0,1.3088963052516665e-08,0
1,2,493,0,0,2,0,1,2,3,1,0,0.24506276753177453,0,6.283185307179586,0.08325656894321948,10.19300098656627,-0.01,0.15,0.1,0.145,1,-0.7,0,0,0,0,0,0,0,0,0,0,0,0,-0.24491481179753774,-0.24491481179753774,-0.24491481179753774,-0.24491481179753774,0.008514399127903416,0.008514399127903416,0.008514399127903416,0.008514399127903416,1.000000000132534,0,1.2627479755954929e-08,0
1,2,494,0,0,2,0,1,2,3,1,0,0.24506276745677222,0,6.283185307179586,0.08325656894321945,10.21300098856627,-0.01,0.15,0.1,0.145,1,-0.7,0,0,0,0,0,0,0,0,0,0,0,0,-0.24491481172218507,-0.24491481172218507,-0.24491481172218507,-0.24491481172218507,0.008514399136677443,0.008514399136677443,0.008514399136677443,0.008514399136677443,0.9999999990298285,0,1.218226704084369e-08,0
1,2,495,0,0,2,0,1,2,3,1,0,0.24506276748911596,0,6.283185307179586,0.08325656894321941,10.23300099056627,-0.01,0.15,0.1,0.145,1,-0.7,0,0,0,0,0,0,0,0,0,0,0,0,-0.24491481175467988,-0.24491481175467988,-0.24491481175467988,-0.24491481175467988,0.00851439913289378,0.00851439913289378,0.00851439913289378,0.00851439913289378,1.0000000003697984,0,1.1752751684713111e-08,0
1,2,496,0,0,2,0,1,2,3,1,0,0.24506276744103342,0,6.283185307179586,0.0832565689432196,10.25300099256627,-0.01,0.15,0.1,0.145,1,-0.7,0,0,0,0,0,0,0,0,0,0,0,0,-0.24491481170637278,-0.24491481170637278,-0.24491481170637278,-0.24491481170637278,0.008514399138518642,0.008514399138518642,0.008514399138518642,0.008514399138518642,0.9999999996295585,0,1.1338379692266411e-08,0
1,2,497,0,0,2,0,1,2,3,1,0,0.24506276745571154,0,6.283185307179586,0.08325656894321946,10.273000994566269,-0.01,0.15,0.1,0.145,1,-0.7,0,0,0,0,0,0,0,0,0,0,0,0,-0.24491481172111945,-0.24491481172111945,-0.24491481172111945,-0.24491481172111945,0.00851439913680155,0.00851439913680155,0.00851439913680155,0.00851439913680155,1.000000000320533,0,1.0938617558037819e-08,0
1,2,498,0,0,2,0,1,2,3,1,0,0.24506276747937672,0,6.283185307179586,0.08325656894321946,10.293000996566269,-0.01,0.15,0.1,0.145,1,-0.7,0,0,0,0,0,0,0,0,0,0,0,0,-0.24491481174489516,-0.24491481174489516,-0.24491481174489516,-0.24491481174489516,0.00851439913403311,0.00851439913403311,0.00851439913403311,0.00851439913403311,0.9999999998919655,0,1.055294989021736e-08,0
1,2,499,0,0,2,0,1,2,3,1,0,0.24506276745938746,0,6.283185307179586,0.08325656894321942,10.313000998566269,-0.01,0.15,0.1,0.145,1,-0.7,0,0,0,0,0,0,0,0,0,0,0,0,-0.24491481172481253,-0.24491481172481253,-0.24491481172481253,-0.24491481172481253,0.008514399136371538,0.008514399136371538,0.008514399136371538,0.008514399136371538,0.9999999996962927,0,1.0180879902490995e-08,0
1,2,500,24,4,2,0,1,2,3,1,0,0.24506276745042985,0,6.283185307179586,0.08325656894321962,10.333001000566268,-0.01,0.15,0.1,0.145,1,-0.7,0,0,0,0,0,0,0,0,0,0,0,0,-0.24491481171581306,-0.24491481171581306,-0.24491481171581306,-0.24491481171581306,0.008514399137419415,0.008514399137419415,0.008514399137419415,0.008514399137419415,1.0000000000393463,0,9.821928201589544e-09,0
1,2,501,0,0,2,0,1,2,3,1,0,0.24506276740467609,0,6.283185307179586,0.08325656894321942,10.353001002566268,-0.01,0.15,0.1,0.145,1,-0.7,0,0,0,0,0,0,0,0,0,0,0,0,-0.24491481166984558,-0.24491481166984558,-0.24491481166984558,-0.24491481166984558,0.008514399142771857,0.008514399142771857,0.008514399142771857,0.008514399142771857,1.0000000000126192,0,9.475632182652205e-09,0
1,2,502,0,0,2,0,1,2,3,1,0,0.24506276747432149,0,6.283185307179586,0.0832565689432194,10.373001004566268,-0.01,0.15,0.1,0.145,1,-0.7,0,0,0,0,0,0,0,0,0,0,0,0,-0.2449148117398163,-0.2449148117398163,-0.2449148117398163,-0.2449148117398163,0.0085143991346245,0.0085143991346245,0.0085143991346245,0.0085143991346245,1.0000000004745324,0,9.141545716329487e-09,0
1,2,503,0,0,2,0,1,2,3,1,0,0.2450627674213741,0,6.283185307179586,0.0832565689432196,10.393001006566267,-0.01,0.15,0.1,0.145,1,-0.7,0,0,0,0,0,0,0,0,0,0,0,0,-0.2449148116866216,-0.2449148116866216,-0.2449148116866216,-0.2449148116866216,0.008514399140818503,0.008514399140818503,0.008514399140818503,0.008514399140818503,0.9999999995299085,0,8.819238150902022e-09,0
1,2,504,0,0,2,0,1,2,3,1,0,0.2450627674242638,0,6.283185307179586,0.08325656894321949,10.413001008566267,-0.01,0.15,0.1,0.145,1,-0.7,0,0,0,0,0,0,0,0,0,0,0,0,-0.2449148116895248,-0.2449148116895248,-0.2449148116895248,-0.2449148116895248,0.008514399140480421,0.008514399140480421,0.008514399140480421,0.008514399140480421,1.0000000004215437,0,8.508294497215148e-09,0
1,2,505,0,0,2,0,1,2,3,1,0,0.24506276744328406,0,6.283185307179586,0.08325656894321953,10.433001010566267,-0.01,0.15,0.1,0.145,1,-0.7,0,0,0,0,0,0,0,0,0,0,0,0,-0.2449148117086339,-0.2449148117086339,-0.2449148117086339,-0.2449148117086339,0.008514399138255387,0.008514399138255387,0.008514399138255387,0.008514399138255387,1.0000000001432099,0,8.208313810405514e-09,0
1,2,506,0,0,2,0,1,2,3,1,0,0.24506276741115643,0,6.283185307179586,0.08325656894321955,10.453001012566267,-0.01,0.15,0.1,0.145,1,-0.7,0,0,0,0,0,0,0,0,0,0,0,0,-0.2449148116763562,-0.2449148116763562,-0.2449148116763562,-0.2449148116763562,0.008514399142013789,0.008514399142013789,0.008514399142013789,0.008514399142013789,0.9999999999251337,0,7.918909685182397e-09,0
1,2,507,0,0,2,0,1,2,3,1,0,0.24506276745227165,0,6.283185307179586,0.0832565689432195,10.473001014566266,-0.01,0.15,0.1,0.145,1,-0.7,0,0,0,0,0,0,0,0,0,0,0,0,-0.24491481171766347,-0.24491481171766347,-0.24491481171766347,-0.24491481171766347,0.00851439913720394,0.00851439913720394,0.00851439913720394,0.00851439913720394,1.0000000003669314,0,7.639709258922066e-09,0
1,2,508,0,0,2,0,1,2,3,1,0,0.24506276740637603,0,6.283185307179586,0.08325656894321944,10.493001016566266,-0.01,0.15,0.1,0.145,1,-0.7,0,0,0,0,0,0,0,0,0,0,0,0,-0.2449148116715535,-0.2449148116715535,-0.2449148116715535,-0.2449148116715535,0.008514399142572971,0.008514399142572971,0.008514399142572971,0.008514399142572971,0.9999999997787796,0,7.370352641370457e-09,0
1,2,509,0,0,2,0,1,2,3,1,0,0.24506276742742683,0,6.283185307179586,0.0832565689432194,10.513001018566266,-0.01,0.15,0.1,0.145,1,-0.7,0,0,0,0,0,0,0,0,0,0,0,0,-0.24491481169270263,-0.24491481169270263,-0.24491481169270263,-0.24491481169270263,0.008514399140110398,0.008514399140110398,0.008514399140110398,0.008514399140110398,1.000000000477641,0,7.110492947822867e-09,0
1,2,510,0,0,2,0,1,2,3,1,0,0.24506276745088348,0,6.283185307179586,0.08325656894321952,10.533001020566266,-0.01,0.15,0.1,0.145,1,-0.7,0,0,0,0,0,0,0,0,0,0,0,0,-0.24491481171626883,-0.24491481171626883,-0.24491481171626883,-0.24491481171626883,0.008514399137366345,0.008514399137366345,0.008514399137366345,0.008514399137366345,0.9999999999849614,0,6.859795154641333e-09,0
1,2,511,0,0,2,0,1,2,3,1,0,0.24506276749409517,0,6.283185307179586,0.08325656894321953,10.553001022566265,-0.01,0.15,0.1,0.145,1,-0.7,0,0,0,0,0,0,0,0,0,0,0,0,-0.24491481175968235,-0.24491481175968235,-0.24491481175968235,-0.24491481175968235,0.00851439913231124,0.00851439913231124,0.00851439913231124,0.00851439913231124,0.9999999998673097,0,6.61793634717673e-09,0
1,2,512,0,0,2,0,1,2,3,1,0,0.24506276746255,0,6.283185307179586,0.08325656894321937,10.573001024566265,-0.01,0.15,0.1,0.145,1,-0.7,0,0,0,0,0,0,0,0,0,0,0,0,-0.24491481172798985,-0.24491481172798985,-0.24491481172798985,-0.24491481172798985,0.008514399136001563,0.008514399136001563,0.008514399136001563,0.008514399136001563,0.9999999995452953,0,6.384604848651144e-09,0
1,2,513,0,0,2,0,1,2,3,1,0,0.24506276738791416,0,6.283185307179586,0.08325656894321952,10.593001026566265,-0.01,0.15,0.1,0.145,1,-0.7,0,0,0,0,0,0,0,0,0,0,0,0,-0.24491481165300538,-0.24491481165300538,-0.24491481165300538,-0.24491481165300538,0.008514399144732737,0.008514399144732737,0.008514399144732737,0.008514399144732737,1.0000000000965343,0,6.15950008010754e-09,0
1,2,514,0,0,2,0,1,2,3,1,0,0.24506276739930818,0,6.283185307179586,0.08325656894321948,10.613001028566265,-0.01,0.15,0.1,0.145,1,-0.7,0,0,0,0,0,0,0,0,0,0,0,0,-0.24491481166445261,-0.24491481166445261,-0.24491481166445261,-0.24491481166445261,0.008514399143399803,0.008514399143399803,0.008514399143399803,0.008514399143399803,1.0000000006879866,0,5.942331931523696e-09,0
1,2,515,0,0,2,0,1,2,3,1,0,0.2450627674205363,0,6.283185307179586,0.08325656894321945,10.633001030566264,-0.01,0.15,0.1,0.145,1,-0.7,0,0,0,0,0,0,0,0,0,0,0,0,-0.24491481168577986,-0.24491481168577986,-0.24491481168577986,-0.24491481168577986,0.008514399140916491,0.008514399140916491,0.008514399140916491,0.008514399140916491,1.0000000001818492,0,5.732820504366559e-09,0
1,2,516,0,0,2,0,1,2,3,1,0,0.24506276749262484,0,6.283185307179586,0.08325656894321946,10.653001032566264,-0.01,0.15,0.1,0.145,1,-0.7,0,0,0,0,0,0,0,0,0,0,0,0,-0.24491481175820518,-0.24491481175820518,-0.24491481175820518,-0.24491481175820518,0.008514399132483298,0.008514399132483298,0.008514399132483298,0.008514399132483298,1.000000000039467,0,5.53069593484556e-09,0
1,2,517,0,0,2,0,1,2,3,1,0,0.2450627674714758,0,6.283185307179586,0.08325656894321955,10.673001034566264,-0.01,0.15,0.1,0.145,1,-0.7,0,0,0,0,0,0,0,0,0,0,0,0,-0.24491481173695734,-0.24491481173695734,-0.24491481173695734,-0.24491481173695734,0.008514399134957362,0.008514399134957362,0.008514399134957362,0.008514399134957362,0.9999999994116351,0,5.335697732554746e-09,0
1,2,518,0,0,2,0,1,2,3,1,0,0.24506276741318922,0,6.283185307179586,0.0832565689432195,10.693001036566264,-0.01,0.15,0.1,0.145,1,-0.7,0,0,0,0,0,0,0,0,0,0,0,0,-0.24491481167839851,-0.24491481167839851,-0.24491481167839851,-0.24491481167839851,0.008514399141775954,0.008514399141775954,0.008514399141775954,0.008514399141775954,0.9999999999945715,0,5.147574737556265e-09,0
1,2,519,0,0,2,0,1,2,3,1,0,0.2450627674056972,0,6.283185307179586,0.08325656894321942,10.713001038566263,-0.01,0.15,0.1,0.145,1,-0.7,0,0,0,0,0,0,0,0,0,0,0,0,-0.24491481167087148,-0.24491481167087148,-0.24491481167087148,-0.24491481167087148,0.008514399142652387,0.008514399142652387,0.008514399142652387,0.008514399142652387,1.000000000507228,0,4.966084470756937e-09,0
1,2,520,0,0,2,0,1,2,3,1,0,0.24506276744509925,0,6.283185307179586,0.08325656894321938,10.733001040566263,-0.01,0.15,0.1,0.145,1,-0.7,0,0,0,0,0,0,0,0,0,0,0,0,-0.2449148117104576,-0.2449148117104576,-0.2449148117104576,-0.2449148117104576,0.008514399138043003,0.008514399138043003,0.008514399138043003,0.008514399138043003,1.0000000002426646,0,4.790993047018766e-09,0
1,2,521,0,0,2,0,1,2,3,1,0,0.24506276744531957,0,6.283185307179586,0.08325656894321953,10.753001042566263,-0.01,0.15,0.1,0.145,1,-0.7,0,0,0,0,0,0,0,0,0,0,0,0,-0.24491481171067891,-0.24491481171067891,-0.24491481171067891,-0.24491481171067891,0.00851439913801724,0.00851439913801724,0.00851439913801724,0.00851439913801724,0.9999999998380247,0,4.622074887081125e-09,0
1,2,522,0,0,2,0,1,2,3,1,0,0.24506276740273358,0,6.283185307179586,0.0832565689432195,10.773001044566263,-0.01,0.15,0.1,0.145,1,-0.7,0,0,0,0,0,0,0,0,0,0,0,0,-0.24491481166789403,-0.24491481166789403,-0.24491481166789403,-0.24491481166789403,0.008514399142999104,0.008514399142999104,0.008514399142999104,0.008514399142999104,1.0000000000239986,0,4.459112381256287e-09,0
1,2,523,0,0,2,0,1,2,3,1,0,0.24506276740493238,0,6.283185307179586,0.08325656894321946,10.793001046566262,-0.01,0.15,0.1,0.145,1,-0.7,0,0,0,0,0,0,0,0,0,0,0,0,-0.2449148116701031,-0.2449148116701031,-0.2449148116701031,-0.2449148116701031,0.008514399142741868,0.008514399142741868,0.008514399142741868,0.008514399142741868,1.0000000004840537,0,4.301895527086301e-09,0
1,2,524,0,0,2,0,1,2,3,1,0,0.24506276747080358,0,6.283185307179586,0.08325656894321948,10.813001048566262,-0.01,0.15,0.1,0.145,1,-0.7,0,0,0,0,0,0,0,0,0,0,0,0,-0.244914811736282,-0.244914811736282,-0.244914811736282,-0.244914811736282,0.008514399135035992,0.008514399135035992,0.008514399135035992,0.008514399135035992,1.0000000001962732,0,4.150221703955508e-09,0
1,2,525,0,0,2,0,1,2,3,1,0,0.2450627674619193,0,6.283185307179586,0.08325656894321948,10.833001050566262,-0.01,0.15,0.1,0.145,1,-0.7,0,0,0,0,0,0,0,0,0,0,0,0,-0.24491481172735619,-0.24491481172735619,-0.24491481172735619,-0.24491481172735619,0.008514399136075348,0.008514399136075348,0.008514399136075348,0.008514399136075348,0.9999999995511075,0,4.003895492422244e-09,0
1,2,526,0,0,2,0,1,2,3,1,0,0.24506276741652516,0,6.283185307179586,0.08325656894321945,10.853001052566261,-0.01,0.15,0.1,0.145,1,-0.7,0,0,0,0,0,0,0,0,0,0,0,0,-0.24491481168175003,-0.24491481168175003,-0.24491481168175003,-0.24491481168175003,0.008514399141385723,0.008514399141385723,0.008514399141385723,0.008514399141385723,0.9999999999787619,0,3.862728416621736e-09,0
1,2,527,0,0,2,0,1,2,3,1,0,0.24506276747066666,0,6.283185307179586,0.08325656894321952,10.873001054566261,-0.01,0.15,0.1,0.145,1,-0.7,0,0,0,0,0,0,0,0,0,0,0,0,-0.2449148117361444,-0.2449148117361444,-0.2449148117361444,-0.2449148117361444,0.008514399135052036,0.008514399135052036,0.008514399135052036,0.008514399135052036,1.0000000003842473,0,3.726538529300327e-09,0
1,2,528,0,0,2,0,1,2,3,1,0,0.2450627674389968,0,6.283185307179586,0.08325656894321946,10.893001056566261,-0.01,0.15,0.1,0.145,1,-0.7,0,0,0,0,0,0,0,0,0,0,0,0,-0.24491481170432663,-0.24491481170432663,-0.24491481170432663,-0.24491481170432663,0.008514399138756868,0.008514399138756868,0.008514399138756868,0.008514399138756868,0.9999999995995594,0,3.5951502986213857e-09,0
1,2,529,0,0,2,0,1,2,3,1,0,0.2450627674563623,0,6.283185307179586,0.0832565689432195,10.91300105856626,-0.01,0.15,0.1,0.145,1,-0.7,0,0,0,0,0,0,0,0,0,0,0,0,-0.24491481172177323,-0.24491481172177323,-0.24491481172177323,-0.24491481172177323,0.008514399136725425,0.008514399136725425,0.008514399136725425,0.008514399136725425,1.000000000231001,0,3.4683945359264165e-09,0
1,2,530,0,0,2,0,1,2,3,1,0,0.24506276742349412,0,6.283185307179586,0.08325656894321952,10.93300106056626,-0.01,0.15,0.1,0.145,1,-0.7,0,0,0,0,0,0,0,0,0,0,0,0,-0.2449148116887515,-0.2449148116887515,-0.2449148116887515,-0.2449148116887515,0.008514399140570462,0.008514399140570462,0.008514399140570462,0.008514399140570462,0.9999999998857305,0,3.3461078199883475e-09,0
1,2,531,0,0,2,0,1,2,3,1,0,0.2450627673941641,0,6.283185307179586,0.08325656894321945,10.95300106256626,-0.01,0.15,0.1,0.145,1,-0.7,0,0,0,0,0,0,0,0,0,0,0,0,-0.24491481165928453,-0.24491481165928453,-0.24491481165928453,-0.24491481165928453,0.008514399144001629,0.008514399144001629,0.008514399144001629,0.008514399144001629,1.0000000003293152,0,3.228132648828187e-09,0
1,2,532,0,0,2,0,1,2,3,1,0,0.24506276745360345,0,6.283185307179586,0.0832565689432195,10.97300106456626,-0.01,0.15,0.1,0.145,1,-0.7,0,0,0,0,0,0,0,0,0,0,0,0,-0.2449148117190015,-0.2449148117190015,-0.2449148117190015,-0.2449148117190015,0.008514399137048151,0.008514399137048151,0.008514399137048151,0.008514399137048151,1.0000000004182503,0,3.1143169689631783e-09,0
1,2,533,0,0,2,0,1,2,3,1,0,0.2450627674323281,0,6.283185307179586,0.08325656894321952,10.99300106656626,-0.01,0.15,0.1,0.145,1,-0.7,0,0,0,0,0,0,0,0,0,0,0,0,-0.2449148116976268,-0.2449148116976268,-0.2449148116976268,-0.2449148116976268,0.008514399139537037,0.008514399139537037,0.008514399139537037,0.008514399139537037,0.9999999996615223,0,3.004514107609753e-09,0
1,2,534,0,0,2,0,1,2,3,1,0,0.2450627674155032,0,6.283185307179586,0.08325656894321945,11.01300106856626,-0.01,0.15,0.1,0.145,1,-0.7,0,0,0,0,0,0,0,0,0,0,0,0,-0.2449148116807233,-0.2449148116807233,-0.2449148116807233,-0.2449148116807233,0.008514399141505268,0.008514399141505268,0.008514399141505268,0.008514399141505268,1.0000000002141896,0,2.8985826570093244e-09,0
1,2,535,0,0,2,0,1,2,3,1,0,0.24506276739711808,0,6.283185307179586,0.08325656894321953,11.03300107056626,-0.01,0.15,0.1,0.145,1,-0.7,0,0,0,0,0,0,0,0,0,0,0,0,-0.2449148116622523,-0.2449148116622523,-0.2449148116622523,-0.2449148116622523,0.008514399143656036,0.008514399143656036,0.008514399143656036,0.008514399143656036,1.0000000002707843,0,2.796386062720543e-09,0
1,2,536,0,0,2,0,1,2,3,1,0,0.24506276749117037,0,6.283185307179586,0.08325656894321948,11.053001072566259,-0.01,0.15,0.1,0.145,1,-0.7,0,0,0,0,0,0,0,0,0,0,0,0,-0.2449148117567439,-0.2449148117567439,-0.2449148117567439,-0.2449148117567439,0.008514399132653443,0.008514399132653443,0.008514399132653443,0.008514399132653443,1.000000000367173,0,2.697792659495239e-09,0
1,2,537,0,0,2,0,1,2,3,1,0,0.24506276744444278,0,6.283185307179586,0.08325656894321952,11.073001074566259,-0.01,0.15,0.1,0.145,1,-0.7,0,0,0,0,0,0,0,0,0,0,0,0,-0.24491481170979804,-0.24491481170979804,-0.24491481170979804,-0.24491481170979804,0.008514399138119796,0.008514399138119796,0.008514399138119796,0.008514399138119796,0.9999999992918873,0,2.602675372350149e-09,0
1,2,538,0,0,2,0,1,2,3,1,0,0.24506276749492,0,6.283185307179586,0.08325656894321937,11.093001076566258,-0.01,0.15,0.1,0.145,1,-0.7,0,0,0,0,0,0,0,0,0,0,0,0,-0.24491481176051105,-0.24491481176051105,-0.24491481176051105,-0.24491481176051105,0.0085143991322148,0.0085143991322148,0.0085143991322148,0.0085143991322148,1.0000000002862777,0,2.510911736209685e-09,0
1,2,539,0,0,2,0,1,2,3,1,0,0.24506276751585093,0,6.283185307179586,0.08325656894321952,11.113001078566258,-0.01,0.15,0.1,0.145,1,-0.7,0,0,0,0,0,0,0,0,0,0,0,0,-0.24491481178153973,-0.24491481178153973,-0.24491481178153973,-0.24491481178153973,0.008514399129766193,0.008514399129766193,0.008514399129766193,0.008514399129766193,0.9999999995022826,0,2.42238340196987e-09,0
1,2,540,0,0,2,0,1,2,3,1,0,0.24506276744738795,0,6.283185307179586,0.08325656894321937,11.133001080566258,-0.01,0.15,0.1,0.145,1,-0.7,0,0,0,0,0,0,0,0,0,0,0,0,-0.24491481171275697,-0.24491481171275697,-0.24491481171275697,-0.24491481171275697,0.008514399137775257,0.008514399137775257,0.008514399137775257,0.008514399137775257,0.9999999995682991,0,2.3369763721064234e-09,0
1,2,541,0,0,2,0,1,2,3,1,0,0.24506276741986371,0,6.283185307179586,0.08325656894321953,11.153001082566258,-0.01,0.15,0.1,0.145,1,-0.7,0,0,0,0,0,0,0,0,0,0,0,0,-0.24491481168510418,-0.24491481168510418,-0.24491481168510418,-0.24491481168510418,0.00851439914099516,0.00851439914099516,0.00851439914099516,0.00851439914099516,1.0000000003495302,0,2.254580595218761e-09,0
1,2,542,0,0,2,0,1,2,3,1,0,0.24506276744433264,0,6.283185307179586,0.08325656894321948,11.173001084566257,-0.01,0.15,0.1,0.145,1,-0.7,0,0,0,0,0,0,0,0,0,0,0,0,-0.2449148117096874,-0.2449148117096874,-0.2449148117096874,-0.2449148117096874,0.00851439913813267,0.00851439913813267,0.00851439913813267,0.00851439913813267,1.0000000003059348,0,2.1750898593968546e-09,0
1,2,543,0,0,2,0,1,2,3,1,0,0.2450627674771616,0,6.283185307179586,0.0832565689432195,11.193001086566257,-0.01,0.15,0.1,0.145,1,-0.7,0,0,0,0,0,0,0,0,0,0,0,0,-0.24491481174266969,-0.24491481174266969,-0.24491481174266969,-0.24491481174266969,0.008514399134292203,0.008514399134292203,0.008514399134292203,0.008514399134292203,0.9999999998982965,0,2.0984017555099157e-09,0
1,2,544,0,0,2,0,1,2,3,1,0,0.24506276747773187,0,6.283185307179586,0.08325656894321946,11.213001088566257,-0.01,0.15,0.1,0.145,1,-0.7,0,0,0,0,0,0,0,0,0,0,0,0,-0.24491481174324264,-0.24491481174324264,-0.24491481174324264,-0.24491481174324264,0.008514399134225508,0.008514399134225508,0.008514399134225508,0.008514399134225508,0.99999999968027,0,2.0244174821326092e-09,0
1,2,545,0,0,2,0,1,2,3,1,0,0.24506276749805683,0,6.283185307179586,0.08325656894321945,11.233001090566257,-0.01,0.15,0.1,0.145,1,-0.7,0,0,0,0,0,0,0,0,0,0,0,0,-0.24491481176366253,-0.24491481176366253,-0.24491481176366253,-0.24491481176366253,0.008514399131847825,0.008514399131847825,0.008514399131847825,0.008514399131847825,0.9999999998465441,0,1.953041713282886e-09,0
1,2,546,0,0,2,0,1,2,3,1,0,0.24506276743228872,0,6.283185307179586,0.08325656894321946,11.253001092566256,-0.01,0.15,0.1,0.145,1,-0.7,0,0,0,0,0,0,0,0,0,0,0,0,-0.24491481169758722,-0.24491481169758722,-0.24491481169758722,-0.24491481169758722,0.008514399139541612,0.008514399139541612,0.008514399139541612,0.008514399139541612,0.9999999996716831,0,1.884182462934605e-09,0
1,2,547,0,0,2,0,1,2,3,1,0,0.24506276741159022,0,6.283185307179586,0.08325656894321944,11.273001094566256,-0.01,0.15,0.1,0.145,1,-0.7,0,0,0,0,0,0,0,0,0,0,0,0,-0.24491481167679202,-0.24491481167679202,-0.24491481167679202,-0.24491481167679202,0.008514399141963034,0.008514399141963034,0.008514399141963034,0.008514399141963034,1.0000000004189502,0,1.8177510343901044e-09,0
1,2,548,0,0,2,0,1,2,3,1,0,0.24506276738366237,0,6.283185307179586,0.08325656894321948,11.293001096566256,-0.01,0.15,0.1,0.145,1,-0.7,0,0,0,0,0,0,0,0,0,0,0,0,-0.24491481164873372,-0.24491481164873372,-0.24491481164873372,-0.24491481164873372,0.008514399145230115,0.008514399145230115,0.008514399145230115,0.008514399145230115,1.000000000338261,0,1.753661788642551e-09,0
1,2,549,0,0,2,0,1,2,3,1,0,0.24506276749742636,0,6.283185307179586,0.08325656894321949,11.313001098566255,-0.01,0.15,0.1,0.145,1,-0.7,0,0,0,0,0,0,0,0,0,0,0,0,-0.24491481176302912,-0.24491481176302912,-0.24491481176302912,-0.24491481176302912,0.008514399131921601,0.008514399131921601,0.008514399131921601,0.008514399131921601,1.000000000468635,0,1.6918321716549654e-09,0
1,2,550,0,0,2,0,1,2,3,1,0,0.24506276749314246,0,6.283185307179586,0.08325656894321953,11.333001100566255,-0.01,0.15,0.1,0.145,1,-0.7,0,0,0,0,0,0,0,0,0,0,0,0,-0.2449148117587252,-0.2449148117587252,-0.2449148117587252,-0.2449148117587252,0.008514399132422728,0.008514399132422728,0.008514399132422728,0.008514399132422728,0.9999999991465387,0,1.632182479808314e-09,0
1,2,551,0,0,2,0,1,2,3,1,0,0.245062767508898,0,6.283185307179586,0.08325656894321937,11.353001102566255,-0.01,0.15,0.1,0.145,1,-0.7,0,0,0,0,0,0,0,0,0,0,0,0,-0.24491481177455432,-0.24491481177455432,-0.24491481177455432,-0.24491481177455432,0.008514399130579551,0.008514399130579551,0.008514399130579551,0.008514399130579551,0.9999999998082316,0,1.574635919866183e-09,0
1,2,552,0,0,2,0,1,2,3,1,0,0.24506276743884128,0,6.283185307179586,0.08325656894321938,11.373001104566255,-0.01,0.15,0.1,0.145,1,-0.7,0,0,0,0,0,0,0,0,0,0,0,0,-0.2449148117041704,-0.2449148117041704,-0.2449148117041704,-0.2449148117041704,0.008514399138775068,0.008514399138775068,0.008514399138775068,0.008514399138775068,0.9999999996161186,0,1.5191182893212202e-09,0
1,2,553,0,0,2,0,1,2,3,1,0,0.24506276751677297,0,6.283185307179586,0.08325656894321949,11.393001106566254,-0.01,0.15,0.1,0.145,1,-0.7,0,0,0,0,0,0,0,0,0,0,0,0,-0.2449148117824661,-0.2449148117824661,-0.2449148117824661,-0.2449148117824661,0.008514399129658345,0.008514399129658345,0.008514399129658345,0.008514399129658345,1.0000000004298997,0,1.4655580852591361e-09,0
1,2,554,0,0,2,0,1,2,3,1,0,0.24506276746560263,0,6.283185307179586,0.08325656894321956,11.413001108566254,-0.01,0.15,0.1,0.145,1,-0.7,0,0,0,0,0,0,0,0,0,0,0,0,-0.24491481173105673,-0.24491481173105673,-0.24491481173105673,-0.24491481173105673,0.00851439913564445,0.00851439913564445,0.00851439913564445,0.00851439913564445,0.9999999992400355,0,1.4138862435673133e-09,0
1,2,555,0,0,2,0,1,2,3,1,0,0.24506276742426641,0,6.283185307179586,0.08325656894321953,11.433001110566254,-0.01,0.15,0.1,0.145,1,-0.7,0,0,0,0,0,0,0,0,0,0,0,0,-0.24491481168952742,-0.24491481168952742,-0.24491481168952742,-0.24491481168952742,0.008514399140480109,0.008514399140480109,0.008514399140480109,0.008514399140480109,1.0000000001657412,0,1.3640362528389805e-09,0
1,2,556,0,0,2,0,1,2,3,1,0,0.24506276747736416,0,6.283185307179586,0.08325656894321952,11.453001112566254,-0.01,0.15,0.1,0.145,1,-0.7,0,0,0,0,0,0,0,0,0,0,0,0,-0.2449148117428732,-0.2449148117428732,-0.2449148117428732,-0.2449148117428732,0.008514399134268562,0.008514399134268562,0.008514399134268562,0.008514399134268562,1.0000000003643592,0,1.3159438326469815e-09,0
1,2,557,0,0,2,0,1,2,3,1,0,0.24506276744527591,0,6.283185307179586,0.08325656894321949,11.473001114566253,-0.01,0.15,0.1,0.145,1,-0.7,0,0,0,0,0,0,0,0,0,0,0,0,-0.24491481171063506,-0.24491481171063506,-0.24491481171063506,-0.24491481171063506,0.008514399138022353,0.008514399138022353,0.008514399138022353,0.008514399138022353,0.9999999996196998,0,1.2695470140567344e-09,0
1,2,558,0,0,2,0,1,2,3,1,0,0.24506276746671835,0,6.283185307179586,0.08325656894321945,11.493001116566253,-0.01,0.15,0.1,0.145,1,-0.7,0,0,0,0,0,0,0,0,0,0,0,0,-0.24491481173217766,-0.24491481173217766,-0.24491481173217766,-0.24491481173217766,0.008514399135513922,0.008514399135513922,0.008514399135513922,0.008514399135513922,1.0000000001864997,0,1.2247860485283918e-09,0
1,2,559,0,0,2,0,1,2,3,1,0,0.24506276744960542,0,6.283185307179586,0.08325656894321948,11.513001118566253,-0.01,0.15,0.1,0.145,1,-0.7,0,0,0,0,0,0,0,0,0,0,0,0,-0.2449148117149848,-0.2449148117149848,-0.2449148117149848,-0.2449148117149848,0.008514399137515859,0.008514399137515859,0.008514399137515859,0.008514399137515859,0.9999999997965467,0,1.1816032257715843e-09,0
1,2,560,0,0,2,0,1,2,3,1,0,0.24506276744386563,0,6.283185307179586,0.08325656894321956,11.533001120566253,-0.01,0.15,0.1,0.145,1,-0.7,0,0,0,0,0,0,0,0,0,0,0,0,-0.2449148117092182,-0.2449148117092182,-0.2449148117092182,-0.2449148117092182,0.008514399138187318,0.008514399138187318,0.008514399138187318,0.008514399138187318,1.0000000001067306,0,1.139942927961187e-09,0
1,2,561,0,0,2,0,1,2,3,1,0,0.24506276749374217,0,6.283185307179586,0.08325656894321946,11.553001122566252,-0.01,0.15,0.1,0.145,1,-0.7,0,0,0,0,0,0,0,0,0,0,0,0,-0.24491481175932772,-0.24491481175932772,-0.24491481175932772,-0.24491481175932772,0.008514399132352544,0.008514399132352544,0.008514399132352544,0.008514399132352544,1.0000000000556568,0,1.099751461263629e-09,0
1,2,562,0,0,2,0,1,2,3,1,0,0.24506276750330508,0,6.283185307179586,0.08325656894321946,11.573001124566252,-0.01,0.15,0.1,0.145,1,-0.7,0,0,0,0,0,0,0,0,0,0,0,0,-0.2449148117689353,-0.2449148117689353,-0.2449148117689353,-0.2449148117689353,0.008514399131233853,0.008514399131233853,0.008514399131233853,0.008514399131233853,0.9999999995157154,0,1.0609770361520375e-09,0
1,2,563,0,0,2,0,1,2,3,1,0,0.2450627674267724,0,6.283185307179586,0.08325656894321945,11.593001126566252,-0.01,0.15,0.1,0.145,1,-0.7,0,0,0,0,0,0,0,0,0,0,0,0,-0.24491481169204513,-0.24491481169204513,-0.24491481169204513,-0.24491481169204513,0.008514399140186946,0.008514399140186946,0.008514399140186946,0.008514399140186946,0.9999999996739213,0,1.0235697067262685e-09,0
1,2,564,0,0,2,0,1,2,3,1,0,0.24506276741656136,0,6.283185307179586,0.08325656894321944,11.613001128566252,-0.01,0.15,0.1,0.145,1,-0.7,0,0,0,0,0,0,0,0,0,0,0,0,-0.2449148116817864,-0.2449148116817864,-0.2449148116817864,-0.2449148116817864,0.008514399141381473,0.008514399141381473,0.008514399141381473,0.008514399141381473,1.0000000005354543,0,9.874812718042998e-10,0
1,2,565,0,0,2,0,1,2,3,1,0,0.2450627674161844,0,6.283185307179586,0.0832565689432195,11.633001130566251,-0.01,0.15,0.1,0.145,1,-0.7,0,0,0,0,0,0,0,0,0,0,0,0,-0.24491481168140766,-0.24491481168140766,-0.24491481168140766,-0.24491481168140766,0.008514399141425584,0.008514399141425584,0.008514399141425584,0.008514399141425584,1.0000000002289582,0,9.526652094538393e-10,0
1,2,566,0,0,2,0,1,2,3,1,0,0.24506276747913827,0,6.283185307179586,0.08325656894321956,11.653001132566251,-0.01,0.15,0.1,0.145,1,-0.7,0,0,0,0,0,0,0,0,0,0,0,0,-0.2449148117446556,-0.2449148117446556,-0.2449148117446556,-0.2449148117446556,0.008514399134060983,0.008514399134060983,0.008514399134060983,0.008514399134060983,1.0000000001736815,0,9.190766750077894e-10,0
1,2,567,0,0,2,0,1,2,3,1,0,0.245062767447315,0,6.283185307179586,0.08325656894321944,11.67300113456625,-0.01,0.15,0.1,0.145,1,-0.7,0,0,0,0,0,0,0,0,0,0,0,0,-0.24491481171268367,-0.24491481171268367,-0.24491481171268367,-0.24491481171268367,0.008514399137783787,0.008514399137783787,0.008514399137783787,0.008514399137783787,0.9999999994890523,0,8.86672379846627e-10,0
1,2,568,0,0,2,0,1,2,3,1,0,0.24506276741421684,0,6.283185307179586,0.08325656894321948,11.69300113656625,-0.01,0.15,0.1,0.145,1,-0.7,0,0,0,0,0,0,0,0,0,0,0,0,-0.2449148116794309,-0.2449148116794309,-0.2449148116794309,-0.2449148116794309,0.008514399141655731,0.008514399141655731,0.008514399141655731,0.008514399141655731,1.0000000001723066,0,8.554105906636708e-10,0
1,2,569,0,0,2,0,1,2,3,1,0,0.24506276740556543,0,6.283185307179586,0.08325656894321948,11.71300113856625,-0.01,0.15,0.1,0.145,1,-0.7,0,0,0,0,0,0,0,0,0,0,0,0,-0.24491481167073909,-0.24491481167073909,-0.24491481167073909,-0.24491481167073909,0.008514399142667831,0.008514399142667831,0.008514399142667831,0.008514399142667831,1.0000000003596128,0,8.252510071395479e-10,0
1,2,570,0,0,2,0,1,2,3,1,0,0.24506276744953445,0,6.283185307179586,0.08325656894321953,11.73300114056625,-0.01,0.15,0.1,0.145,1,-0.7,0,0,0,0,0,0,0,0,0,0,0,0,-0.2449148117149135,-0.2449148117149135,-0.2449148117149135,-0.2449148117149135,0.008514399137524158,0.008514399137524158,0.008514399137524158,0.008514399137524158,1.000000000285251,0,7.961547706930785e-10,0
1,2,571,0,0,2,0,1,2,3,1,0,0.24506276750340264,0,6.283185307179586,0.08325656894321942,11.75300114256625,-0.01,0.15,0.1,0.145,1,-0.7,0,0,0,0,0,0,0,0,0,0,0,0,-0.2449148117690333,-0.2449148117690333,-0.2449148117690333,-0.2449148117690333,0.008514399131222462,0.008514399131222462,0.008514399131222462,0.008514399131222462,0.9999999997666542,0,7.680843891354807e-10,0
1,2,572,0,0,2,0,1,2,3,1,0,0.2450627674349733,0,6.283185307179586,0.08325656894321957,11.77300114456625,-0.01,0.15,0.1,0.145,1,-0.7,0,0,0,0,0,0,0,0,0,0,0,0,-0.24491481170028434,-0.24491481170028434,-0.24491481170028434,-0.24491481170028434,0.008514399139227588,0.008514399139227588,0.008514399139227588,0.008514399139227588,0.999999999469388,0,7.410036989719921e-10,0
1,2,573,0,0,2,0,1,2,3,1,0,0.2450627674998967,0,6.283185307179586,0.08325656894321946,11.79300114656625,-0.01,0.15,0.1,0.145,1,-0.7,0,0,0,0,0,0,0,0,0,0,0,0,-0.244914811765511,-0.244914811765511,-0.244914811765511,-0.244914811765511,0.008514399131632605,0.008514399131632605,0.008514399131632605,0.008514399131632605,1.0000000004269687,0,7.148778160087984e-10,0
1,2,574,0,0,2,0,1,2,3,1,0,0.24506276743237834,0,6.283185307179586,0.08325656894321946,11.813001148566249,-0.01,0.15,0.1,0.145,1,-0.7,0,0,0,0,0,0,0,0,0,0,0,0,-0.24491481169767726,-0.24491481169767726,-0.24491481169767726,-0.24491481169767726,0.008514399139531123,0.008514399139531123,0.008514399139531123,0.008514399139531123,0.9999999994183,0,6.896730476406421e-10,0
1,2,575,0,0,2,0,1,2,3,1,0,0.24506276748682068,0,6.283185307179586,0.0832565689432195,11.833001150566249,-0.01,0.15,0.1,0.145,1,-0.7,0,0,0,0,0,0,0,0,0,0,0,0,-0.2449148117523739,-0.2449148117523739,-0.2449148117523739,-0.2449148117523739,0.008514399133162298,0.008514399133162298,0.008514399133162298,0.008514399133162298,1.0000000004538947,0,6.65356951724957e-10,0
1,2,576,0,0,2,0,1,2,3,1,0,0.2450627674671304,0,6.283185307179586,0.0832565689432196,11.853001152566248,-0.01,0.15,0.1,0.145,1,-0.7,0,0,0,0,0,0,0,0,0,0,0,0,-0.24491481173259164,-0.24491481173259164,-0.24491481173259164,-0.24491481173259164,0.008514399135465742,0.008514399135465742,0.008514399135465742,0.008514399135465742,0.9999999995444,0,6.418981635938731e-10,0
1,2,577,0,0,2,0,1,2,3,1,0,0.24506276744921904,0,6.283185307179586,0.08325656894321941,11.873001154566248,-0.01,0.15,0.1,0.145,1,-0.7,0,0,0,0,0,0,0,0,0,0,0,0,-0.24491481171459661,-0.24491481171459661,-0.24491481171459661,-0.24491481171459661,0.008514399137561085,0.008514399137561085,0.008514399137561085,0.008514399137561085,1.0000000000301839,0,6.192664829852449e-10,0
1,2,578,0,0,2,0,1,2,3,1,0,0.24506276744743807,0,6.283185307179586,0.08325656894321953,11.893001156566248,-0.01,0.15,0.1,0.145,1,-0.7,0,0,0,0,0,0,0,0,0,0,0,0,-0.24491481171280735,-0.24491481171280735,-0.24491481171280735,-0.24491481171280735,0.008514399137769404,0.008514399137769404,0.008514399137769404,0.008514399137769404,1.0000000000853504,0,5.974327343838505e-10,0
1,2,579,0,0,2,0,1,2,3,1,0,0.24506276740823446,0,6.283185307179586,0.08325656894321956,11.913001158566248,-0.01,0.15,0.1,0.145,1,-0.7,0,0,0,0,0,0,0,0,0,0,0,0,-0.2449148116734206,-0.2449148116734206,-0.2449148116734206,-0.2449148116734206,0.0085143991423556,0.0085143991423556,0.0085143991423556,0.0085143991423556,1.0000000000287876,0,5.76368786656341e-10,0
1,2,580,0,0,2,0,1,2,3,1,0,0.2450627674362615,0,6.283185307179586,0.08325656894321948,11.933001160566247,-0.01,0.15,0.1,0.145,1,-0.7,0,0,0,0,0,0,0,0,0,0,0,0,-0.24491481170157856,-0.24491481170157856,-0.24491481170157856,-0.24491481170157856,0.00851439913907689,0.00851439913907689,0.00851439913907689,0.00851439913907689,1.0000000004437481,0,5.560475029771078e-10,0
1,2,581,0,0,2,0,1,2,3,1,0,0.2450627674284059,0,6.283185307179586,0.08325656894321942,11.953001162566247,-0.01,0.15,0.1,0.145,1,-0.7,0,0,0,0,0,0,0,0,0,0,0,0,-0.24491481169368626,-0.24491481169368626,-0.24491481169368626,-0.24491481169368626,0.00851439913999585,0.00851439913999585,0.00851439913999585,0.00851439913999585,0.9999999999171187,0,5.36442689751571e-10,0
1,2,582,0,0,2,0,1,2,3,1,0,0.24506276743066968,0,6.283185307179586,0.08325656894321946,11.973001164566247,-0.01,0.15,0.1,0.145,1,-0.7,0,0,0,0,0,0,0,0,0,0,0,0,-0.2449148116959606,-0.2449148116959606,-0.2449148116959606,-0.2449148116959606,0.008514399139731038,0.008514399139731038,0.008514399139731038,0.008514399139731038,1.0000000001575415,0,5.175290966762215e-10,0
1,2,583,0,0,2,0,1,2,3,1,0,0.24506276743471236,0,6.283185307179586,0.08325656894321946,11.993001166566247,-0.01,0.15,0.1,0.145,1,-0.7,0,0,0,0,0,0,0,0,0,0,0,0,-0.24491481170002216,-0.24491481170002216,-0.24491481170002216,-0.24491481170002216,0.00851439913925812,0.00851439913925812,0.00851439913925812,0.00851439913925812,1.000000000080302,0,4.992823465976306e-10,0
1,2,584,0,0,2,0,1,2,3,1,0,0.24506276748360334,0,6.283185307179586,0.0832565689432196,12.013001168566246,-0.01,0.15,0.1,0.145,1,-0.7,0,0,0,0,0,0,0,0,0,0,0,0,-0.2449148117491415,-0.2449148117491415,-0.2449148117491415,-0.2449148117491415,0.008514399133538623,0.008514399133538623,0.008514399133538623,0.008514399133538623,1.000000000080508,0,4.816789303658846e-10,0
1,2,585,0,0,2,0,1,2,3,1,0,0.24506276744668487,0,6.283185307179586,0.08325656894321942,12.033001170566246,-0.01,0.15,0.1,0.145,1,-0.7,0,0,0,0,0,0,0,0,0,0,0,0,-0.2449148117120506,-0.2449148117120506,-0.2449148117120506,-0.2449148117120506,0.008514399137857533,0.008514399137857533,0.008514399137857533,0.008514399137857533,0.9999999995630375,0,4.646961628841346e-10,0
1,2,586,0,0,2,0,1,2,3,1,0,0.24506276741421693,0,6.283185307179586,0.0832565689432195,12.053001172566246,-0.01,0.15,0.1,0.145,1,-0.7,0,0,0,0,0,0,0,0,0,0,0,0,-0.244914811679431,-0.244914811679431,-0.244914811679431,-0.244914811679431,0.008514399141655747,0.008514399141655747,0.008514399141655747,0.008514399141655747,1.0000000002197673,0,4.483121705589427e-10,0
1,2,587,0,0,2,0,1,2,3,1,0,0.24506276746756056,0,6.283185307179586,0.08325656894321949,12.073001174566246,-0.01,0.15,0.1,0.145,1,-0.7,0,0,0,0,0,0,0,0,0,0,0,0,-0.24491481173302382,-0.24491481173302382,-0.24491481173302382,-0.24491481173302382,0.008514399135415409,0.008514399135415409,0.008514399135415409,0.008514399135415409,1.0000000003482832,0,4.3250583308681747e-10,0
1,2,588,0,0,2,0,1,2,3,1,0,0.24506276744585925,0,6.283185307179586,0.08325656894321952,12.093001176566245,-0.01,0.15,0.1,0.145,1,-0.7,0,0,0,0,0,0,0,0,0,0,0,0,-0.24491481171122112,-0.24491481171122112,-0.24491481171122112,-0.24491481171122112,0.008514399137954123,0.008514399137954123,0.008514399137954123,0.008514399137954123,0.9999999996272209,0,4.1725678206394487e-10,0
1,2,589,0,0,2,0,1,2,3,1,0,0.24506276738582344,0,6.283185307179586,0.08325656894321942,12.113001178566245,-0.01,0.15,0.1,0.145,1,-0.7,0,0,0,0,0,0,0,0,0,0,0,0,-0.2449148116509049,-0.2449148116509049,-0.2449148116509049,-0.2449148116509049,0.008514399144977309,0.008514399144977309,0.008514399144977309,0.008514399144977309,1.0000000001289955,0,4.0254537971975433e-10,0
1,2,590,0,0,2,0,1,2,3,1,0,0.24506276743936387,0,6.283185307179586,0.08325656894321941,12.133001180566245,-0.01,0.15,0.1,0.145,1,-0.7,0,0,0,0,0,0,0,0,0,0,0,0,-0.24491481170469542,-0.24491481170469542,-0.24491481170469542,-0.24491481170469542,0.008514399138713933,0.008514399138713933,0.008514399138713933,0.008514399138713933,1.0000000006455956,0,3.8835266367328635e-10,0
1,2,591,0,0,2,0,1,2,3,1,0,0.24506276744358252,0,6.283185307179586,0.08325656894321946,12.153001182566245,-0.01,0.15,0.1,0.145,1,-0.7,0,0,0,0,0,0,0,0,0,0,0,0,-0.24491481170893376,-0.24491481170893376,-0.24491481170893376,-0.24491481170893376,0.008514399138220472,0.008514399138220472,0.008514399138220472,0.008514399138220472,0.9999999997792806,0,3.746603399458605e-10,0
1,2,592,0,0,2,0,1,2,3,1,0,0.24506276745559066,0,6.283185307179586,0.08325656894321964,12.173001184566244,-0.01,0.15,0.1,0.145,1,-0.7,0,0,0,0,0,0,0,0,0,0,0,0,-0.244914811720998,-0.244914811720998,-0.244914811720998,-0.244914811720998,0.008514399136815697,0.008514399136815697,0.008514399136815697,0.008514399136815697,1.0000000000031406,0,3.614507775348341e-10,0
1,2,593,0,0,2,0,1,2,3,1,0,0.24506276742813218,0,6.283185307179586,0.08325656894321941,12.193001186566244,-0.01,0.15,0.1,0.145,1,-0.7,0,0,0,0,0,0,0,0,0,0,0,0,-0.24491481169341126,-0.24491481169341126,-0.24491481169341126,-0.24491481169341126,0.008514399140027874,0.008514399140027874,0.008514399140027874,0.008514399140027874,0.9999999999140492,0,3.4870694895293274e-10,0
1,2,594,0,0,2,0,1,2,3,1,0,0.24506276744756897,0,6.283185307179586,0.0832565689432195,12.213001188566244,-0.01,0.15,0.1,0.145,1,-0.7,0,0,0,0,0,0,0,0,0,0,0,0,-0.24491481171293883,-0.24491481171293883,-0.24491481171293883,-0.24491481171293883,0.008514399137754099,0.008514399137754099,0.008514399137754099,0.008514399137754099,1.0000000002543246,0,3.364124370072268e-10,0
1,2,595,0,0,2,0,1,2,3,1,0,0.2450627673880521,0,6.283185307179586,0.08325656894321957,12.233001190566243,-0.01,0.15,0.1,0.145,1,-0.7,0,0,0,0,0,0,0,0,0,0,0,0,-0.24491481165314397,-0.24491481165314397,-0.24491481165314397,-0.24491481165314397,0.00851439914471661,0.00851439914471661,0.00851439914471661,0.00851439914471661,0.9999999999265228,0,3.245513951964612e-10,0
1,2,596,0,0,2,0,1,2,3,1,0,0.24506276747503877,0,6.283185307179586,0.0832565689432194,12.253001192566243,-0.01,0.15,0.1,0.145,1,-0.7,0,0,0,0,0,0,0,0,0,0,0,0,-0.24491481174053695,-0.24491481174053695,-0.24491481174053695,-0.24491481174053695,0.008514399134540558,0.008514399134540558,0.008514399134540558,0.008514399134540558,1.0000000006257501,0,3.13108547543772e-10,0
1,2,597,0,0,2,0,1,2,3,1,0,0.24506276742032831,0,6.283185307179586,0.08325656894321946,12.273001194566243,-0.01,0.15,0.1,0.145,1,-0.7,0,0,0,0,0,0,0,0,0,0,0,0,-0.24491481168557094,-0.24491481168557094,-0.24491481168557094,-0.24491481168557094,0.008514399140940815,0.008514399140940815,0.008514399140940815,0.008514399140940815,0.9999999994465298,0,3.0206913796532834e-10,0
1,2,598,0,0,2,0,1,2,3,1,0,0.24506276743222322,0,6.283185307179586,0.08325656894321946,12.293001196566243,-0.01,0.15,0.1,0.145,1,-0.7,0,0,0,0,0,0,0,0,0,0,0,0,-0.2449148116975214,-0.2449148116975214,-0.2449148116975214,-0.2449148116975214,0.008514399139549277,0.008514399139549277,0.008514399139549277,0.008514399139549277,1.0000000004477698,0,2.9141895798660453e-10,0
1,2,599,0,0,2,0,1,2,3,1,0,0.24506276744051328,0,6.283185307179586,0.08325656894321944,12.313001198566242,-0.01,0.15,0.1,0.145,1,-0.7,0,0,0,0,0,0,0,0,0,0,0,0,-0.2449148117058502,-0.2449148117058502,-0.2449148117058502,-0.2449148117058502,0.008514399138579478,0.008514399138579478,0.008514399138579478,0.008514399138579478,1.0000000000275087,0,2.8114427090473383e-10,0
1,2,600,0,0,2,0,1,2,3,1,0,0.24506276744582536,0,6.283185307179586,0.08325656894321945,12.333001200566242,-0.01,0.15,0.1,0.145,1,-0.7,0,0,0,0,0,0,0,0,0,0,0,0,-0.2449148117111871,-0.2449148117111871,-0.2449148117111871,-0.2449148117111871,0.008514399137958083,0.008514399137958083,0.008514399137958083,0.008514399137958083,0.9999999999822968,0,2.7123184430970424e-10,0
1,2,601,0,0,2,0,1,2,3,1,0,0.2450627674484447,0,6.283185307179586,0.0832565689432195,12.353001202566242,-0.01,0.15,0.1,0.145,1,-0.7,0,0,0,0,0,0,0,0,0,0,0,0,-0.24491481171381868,-0.24491481171381868,-0.24491481171381868,-0.24491481171381868,0.008514399137651653,0.008514399137651653,0.008514399137651653,0.008514399137651653,0.9999999999839169,0,2.6166890451606715e-10,0
1,2,602,0,0,2,0,1,2,3,1,0,0.2450627674477445,0,6.283185307179586,0.08325656894321959,12.373001204566242,-0.01,0.15,0.1,0.145,1,-0.7,0,0,0,0,0,0,0,0,0,0,0,0,-0.2449148117131152,-0.2449148117131152,-0.2449148117131152,-0.2449148117131152,0.008514399137733534,0.008514399137733534,0.008514399137733534,0.008514399137733534,0.9999999999820091,0,2.5244312951327974e-10,0
1,2,603,0,0,2,0,1,2,3,1,0,0.24506276744406624,0,6.283185307179586,0.08325656894321937,12.393001206566241,-0.01,0.15,0.1,0.145,1,-0.7,0,0,0,0,0,0,0,0,0,0,0,0,-0.24491481170941976,-0.24491481170941976,-0.24491481170941976,-0.24491481170941976,0.008514399138163868,0.008514399138163868,0.008514399138163868,0.008514399138163868,1.0000000000149107,0,2.435426317607704e-10,0
1,2,604,0,0,2,0,1,2,3,1,0,0.24506276739820695,0,6.283185307179586,0.08325656894321953,12.413001208566241,-0.01,0.15,0.1,0.145,1,-0.7,0,0,0,0,0,0,0,0,0,0,0,0,-0.24491481166334625,-0.24491481166334625,-0.24491481166334625,-0.24491481166334625,0.008514399143528648,0.008514399143528648,0.008514399143528648,0.008514399143528648,1.0000000000689298,0,2.3495594278316507e-10,0
1,2,605,0,0,2,0,1,2,3,1,0,0.24506276739713337,0,6.283185307179586,0.08325656894321955,12.43300121056624,-0.01,0.15,0.1,0.145,1,-0.7,0,0,0,0,0,0,0,0,0,0,0,0,-0.24491481166226764,-0.24491481166226764,-0.24491481166226764,-0.24491481166226764,0.008514399143654252,0.008514399143654252,0.008514399143654252,0.008514399143654252,1.000000000463217,0,2.266719996732068e-10,0
1,2,606,0,0,2,0,1,2,3,1,0,0.24506276739959817,0,6.283185307179586,0.08325656894321941,12.45300121256624,-0.01,0.15,0.1,0.145,1,-0.7,0,0,0,0,0,0,0,0,0,0,0,0,-0.24491481166474396,-0.24491481166474396,-0.24491481166474396,-0.24491481166474396,0.00851439914336589,0.00851439914336589,0.00851439914336589,0.00851439914336589,1.0000000002793037,0,2.186801252241756e-10,0
1,2,607,0,0,2,0,1,2,3,1,0,0.24506276740050278,0,6.283185307179586,0.08325656894321952,12.47300121456624,-0.01,0.15,0.1,0.145,1,-0.7,0,0,0,0,0,0,0,0,0,0,0,0,-0.2449148116656528,-0.2449148116656528,-0.2449148116656528,-0.2449148116656528,0.008514399143260076,0.008514399143260076,0.008514399143260076,0.008514399143260076,1.0000000002529035,0,2.1097002433153845e-10,0
1,2,608,0,0,2,0,1,2,3,1,0,0.24506276749826905,0,6.283185307179586,0.08325656894321949,12.49300121656624,-0.01,0.15,0.1,0.145,1,-0.7,0,0,0,0,0,0,0,0,0,0,0,0,-0.24491481176387575,-0.24491481176387575,-0.24491481176387575,-0.24491481176387575,0.008514399131823011,0.008514399131823011,0.008514399131823011,0.008514399131823011,1.000000000253202,0,2.0353176192833826e-10,0
1,2,609,0,0,2,0,1,2,3,1,0,0.2450627674277299,0,6.283185307179586,0.08325656894321949,12.51300121856624,-0.01,0.15,0.1,0.145,1,-0.7,0,0,0,0,0,0,0,0,0,0,0,0,-0.24491481169300708,-0.24491481169300708,-0.24491481169300708,-0.24491481169300708,0.00851439914007497,0.00851439914007497,0.00851439914007497,0.00851439914007497,0.9999999992681516,0,1.963557510550469e-10,0
1,2,610,0,0,2,0,1,2,3,1,0,0.24506276745643873,0,6.283185307179586,0.08325656894321952,12.53300122056624,-0.01,0.15,0.1,0.145,1,-0.7,0,0,0,0,0,0,0,0,0,0,0,0,-0.24491481172185003,-0.24491481172185003,-0.24491481172185003,-0.24491481172185003,0.008514399136716484,0.008514399136716484,0.008514399136716484,0.008514399136716484,1.000000000498268,0,1.8943275346806203e-10,0
1,2,611,0,0,2,0,1,2,3,1,0,0.24506276744596575,0,6.283185307179586,0.08325656894321945,12.55300122256624,-0.01,0.15,0.1,0.145,1,-0.7,0,0,0,0,0,0,0,0,0,0,0,0,-0.24491481171132815,-0.24491481171132815,-0.24491481171132815,-0.24491481171132815,0.008514399137941641,0.008514399137941641,0.008514399137941641,0.008514399137941641,0.9999999997916511,0,1.8275383848374708e-10,0
1,2,612,0,0,2,0,1,2,3,1,0,0.2450627673980706,0,6.283185307179586,0.0832565689432195,12.573001224566239,-0.01,0.15,0.1,0.145,1,-0.7,0,0,0,0,0,0,0,0,0,0,0,0,-0.24491481166320925,-0.24491481166320925,-0.24491481166320925,-0.24491481166320925,0.008514399143544593,0.008514399143544593,0.008514399143544593,0.008514399143544593,1.0000000000477343,0,1.7631040705799587e-10,0
1,2,613,0,0,2,0,1,2,3,1,0,0.2450627674212482,0,6.283185307179586,0.08325656894321949,12.593001226566239,-0.01,0.15,0.1,0.145,1,-0.7,0,0,0,0,0,0,0,0,0,0,0,0,-0.24491481168649512,-0.24491481168649512,-0.24491481168649512,-0.24491481168649512,0.008514399140833214,0.008514399140833214,0.008514399140833214,0.008514399140833214,1.000000000521787,0,1.700941548950373e-10,0
1,2,614,0,0,2,0,1,2,3,1,0,0.24506276750066902,0,6.283185307179586,0.08325656894321957,12.613001228566239,-0.01,0.15,0.1,0.145,1,-0.7,0,0,0,0,0,0,0,0,0,0,0,0,-0.24491481176628693,-0.24491481176628693,-0.24491481176628693,-0.24491481176628693,0.008514399131542243,0.008514399131542243,0.008514399131542243,0.008514399131542243,1.0000000000318394,0,1.6409706985739534e-10,0
1,2,615,0,0,2,0,1,2,3,1,0,0.24506276744468783,0,6.283185307179586,0.08325656894321945,12.633001230566238,-0.01,0.15,0.1,0.145,1,-0.7,0,0,0,0,0,0,0,0,0,0,0,0,-0.24491481171004423,-0.24491481171004423,-0.24491481171004423,-0.24491481171004423,0.008514399138091138,0.008514399138091138,0.008514399138091138,0.008514399138091138,0.9999999993172395,0,1.583114262652257e-10,0
1,2,616,0,0,2,0,1,2,3,1,0,0.24506276739161797,0,6.283185307179586,0.08325656894321941,12.653001232566238,-0.01,0.15,0.1,0.145,1,-0.7,0,0,0,0,0,0,0,0,0,0,0,0,-0.2449148116567265,-0.2449148116567265,-0.2449148116567265,-0.2449148116567265,0.008514399144299446,0.008514399144299446,0.008514399144299446,0.008514399144299446,1.0000000003302958,0,1.5272977303440122e-10,0
1,2,617,0,0,2,0,1,2,3,1,0,0.24506276745303618,0,6.283185307179586,0.08325656894321948,12.673001234566238,-0.01,0.15,0.1,0.145,1,-0.7,0,0,0,0,0,0,0,0,0,0,0,0,-0.24491481171843157,-0.24491481171843157,-0.24491481171843157,-0.24491481171843157,0.008514399137114513,0.008514399137114513,0.008514399137114513,0.008514399137114513,1.000000000578904,0,1.4734491312904805e-10,0
1,2,618,0,0,2,0,1,2,3,1,0,0.24506276747618494,0,6.283185307179586,0.08325656894321941,12.693001236566237,-0.01,0.15,0.1,0.145,1,-0.7,0,0,0,0,0,0,0,0,0,0,0,0,-0.24491481174168847,-0.24491481174168847,-0.24491481174168847,-0.24491481174168847,0.008514399134406481,0.008514399134406481,0.008514399134406481,0.008514399134406481,0.9999999996626201,0,1.4214990740853303e-10,0
1,2,619,0,0,2,0,1,2,3,1,0,0.24506276746678918,0,6.283185307179586,0.08325656894321957,12.713001238566237,-0.01,0.15,0.1,0.145,1,-0.7,0,0,0,0,0,0,0,0,0,0,0,0,-0.24491481173224883,-0.24491481173224883,-0.24491481173224883,-0.24491481173224883,0.008514399135505621,0.008514399135505621,0.008514399135505621,0.008514399135505621,0.9999999997589413,0,1.3713806609379195e-10,0
1,2,620,0,0,2,0,1,2,3,1,0,0.24506276742088287,0,6.283185307179586,0.08325656894321945,12.733001240566237,-0.01,0.15,0.1,0.145,1,-0.7,0,0,0,0,0,0,0,0,0,0,0,0,-0.24491481168612808,-0.24491481168612808,-0.24491481168612808,-0.24491481168612808,0.008514399140875938,0.008514399140875938,0.008514399140875938,0.008514399140875938,0.9999999999572964,0,1.323029296994755e-10,0
1,2,621,0,0,2,0,1,2,3,1,0,0.2450627674266823,0,6.283185307179586,0.08325656894321948,12.753001242566237,-0.01,0.15,0.1,0.145,1,-0.7,0,0,0,0,0,0,0,0,0,0,0,0,-0.2449148116919546,-0.2449148116919546,-0.2449148116919546,-0.2449148116919546,0.008514399140197502,0.008514399140197502,0.008514399140197502,0.008514399140197502,1.0000000004092051,0,1.2763826815257372e-10,0
1,2,622,0,0,2,0,1,2,3,1,0,0.24506276743397531,0,6.283185307179586,0.08325656894321956,12.773001244566236,-0.01,0.15,0.1,0.145,1,-0.7,0,0,0,0,0,0,0,0,0,0,0,0,-0.24491481169928167,-0.24491481169928167,-0.24491481169928167,-0.24491481169928167,0.00851439913934434,0.00851439913934434,0.00851439913934434,0.00851439913934434,1.0000000001086136,0,1.2313806943713038e-10,0
1,2,623,0,0,2,0,1,2,3,1,0,0.24506276739908833,0,6.283185307179586,0.08325656894321944,12.793001246566236,-0.01,0.15,0.1,0.145,1,-0.7,0,0,0,0,0,0,0,0,0,0,0,0,-0.24491481166423174,-0.24491481166423174,-0.24491481166423174,-0.24491481166423174,0.008514399143425552,0.008514399143425552,0.008514399143425552,0.008514399143425552,1.0000000000591136,0,1.187965365990381e-10,0
1,2,624,0,0,2,0,1,2,3,1,0,0.24506276747000746,0,6.283185307179586,0.0832565689432195,12.813001248566236,-0.01,0.15,0.1,0.145,1,-0.7,0,0,0,0,0,0,0,0,0,0,0,0,-0.24491481173548213,-0.24491481173548213,-0.24491481173548213,-0.24491481173548213,0.008514399135129119,0.008514399135129119,0.008514399135129119,0.008514399135129119,1.000000000432955,0,1.1460807575500313e-10,0
1,2,625,0,0,2,0,1,2,3,1,0,0.24506276740757524,0,6.283185307179586,0.08325656894321944,12.833001250566236,-0.01,0.15,0.1,0.145,1,-0.7,0,0,0,0,0,0,0,0,0,0,0,0,-0.2449148116727583,-0.2449148116727583,-0.2449148116727583,-0.2449148116727583,0.00851439914243268,0.00851439914243268,0.00851439914243268,0.00851439914243268,0.9999999995018918,0,1.1056728737973801e-10,0
1,2,626,0,0,2,0,1,2,3,1,0,0.24506276747577976,0,6.283185307179586,0.08325656894321949,12.853001252566235,-0.01,0.15,0.1,0.145,1,-0.7,0,0,0,0,0,0,0,0,0,0,0,0,-0.2449148117412814,-0.2449148117412814,-0.2449148117412814,-0.2449148117412814,0.008514399134453886,0.008514399134453886,0.008514399134453886,0.008514399134453886,1.0000000005488339,0,1.0666896959494478e-10,0
1,2,627,0,0,2,0,1,2,3,1,0,0.24506276746446642,0,6.283185307179586,0.0832565689432195,12.873001254566235,-0.01,0.15,0.1,0.145,1,-0.7,0,0,0,0,0,0,0,0,0,0,0,0,-0.24491481172991522,-0.24491481172991522,-0.24491481172991522,-0.24491481172991522,0.008514399135777371,0.008514399135777371,0.008514399135777371,0.008514399135777371,0.9999999995104076,0,1.0290809369242382e-10,0
1,2,628,0,0,2,0,1,2,3,1,0,0.24506276741063265,0,6.283185307179586,0.08325656894321946,12.893001256566235,-0.01,0.15,0.1,0.145,1,-0.7,0,0,0,0,0,0,0,0,0,0,0,0,-0.24491481167582999,-0.24491481167582999,-0.24491481167582999,-0.24491481167582999,0.008514399142075045,0.008514399142075045,0.008514399142075045,0.008514399142075045,0.9999999999800195,0,9.927981864146267e-11,0
1,2,629,0,0,2,0,1,2,3,1,0,0.2450627674715698,0,6.283185307179586,0.08325656894321956,12.913001258566235,-0.01,0.15,0.1,0.145,1,-0.7,0,0,0,0,0,0,0,0,0,0,0,0,-0.2449148117370518,-0.2449148117370518,-0.2449148117370518,-0.2449148117370518,0.00851439913494635,0.00851439913494635,0.00851439913494635,0.00851439913494635,1.0000000004836878,0,9.577946728799593e-11,0
1,2,630,0,0,2,0,1,2,3,1,0,0.24506276745808886,0,6.283185307179586,0.08325656894321935,12.933001260566234,-0.01,0.15,0.1,0.145,1,-0.7,0,0,0,0,0,0,0,0,0,0,0,0,-0.24491481172350787,-0.24491481172350787,-0.24491481172350787,-0.24491481172350787,0.008514399136523432,0.008514399136523432,0.008514399136523432,0.008514399136523432,0.9999999995895763,0,9.24025276118175e-11,0
1,2,631,0,0,2,0,1,2,3,1,0,0.2450627674610237,0,6.283185307179586,0.0832565689432196,12.953001262566234,-0.01,0.15,0.1,0.145,1,-0.7,0,0,0,0,0,0,0,0,0,0,0,0,-0.2449148117264564,-0.2449148117264564,-0.2449148117264564,-0.2449148117264564,0.008514399136180099,0.008514399136180099,0.008514399136180099,0.008514399136180099,1.0000000000288622,0,8.914465182266877e-11,0
1,2,632,0,0,2,0,1,2,3,1,0,0.24506276746664962,0,6.283185307179586,0.08325656894321941,12.973001264566234,-0.01,0.15,0.1,0.145,1,-0.7,0,0,0,0,0,0,0,0,0,0,0,0,-0.2449148117321086,-0.2449148117321086,-0.2449148117321086,-0.2449148117321086,0.008514399135521978,0.008514399135521978,0.008514399135521978,0.008514399135521978,0.9999999999706688,0,8.600163973223719e-11,0
1,2,633,0,0,2,0,1,2,3,1,0,0.24506276747525196,0,6.283185307179586,0.08325656894321946,12.993001266566234,-0.01,0.15,0.1,0.145,1,-0.7,0,0,0,0,0,0,0,0,0,0,0,0,-0.24491481174075114,-0.24491481174075114,-0.24491481174075114,-0.24491481174075114,0.008514399134515599,0.008514399134515599,0.008514399134515599,0.008514399134515599,0.9999999999146034,0,8.296944226046064e-11,0
1,2,634,0,0,2,0,1,2,3,1,0,0.24506276744438707,0,6.283185307179586,0.08325656894321941,13.013001268566233,-0.01,0.15,0.1,0.145,1,-0.7,0,0,0,0,0,0,0,0,0,0,0,0,-0.24491481170974208,-0.24491481170974208,-0.24491481170974208,-0.24491481170974208,0.0085143991381263,0.0085143991381263,0.0085143991381263,0.0085143991381263,0.999999999840874,0,8.004415228648578e-11,0
1,2,635,0,0,2,0,1,2,3,1,0,0.24506276741797267,0,6.283185307179586,0.08325656894321955,13.033001270566233,-0.01,0.15,0.1,0.145,1,-0.7,0,0,0,0,0,0,0,0,0,0,0,0,-0.24491481168320428,-0.24491481168320428,-0.24491481168320428,-0.24491481168320428,0.008514399141216383,0.008514399141216383,0.008514399141216383,0.008514399141216383,1.0000000001864535,0,7.722200097774302e-11,0
1,2,636,0,0,2,0,1,2,3,1,0,0.24506276753120684,0,6.283185307179586,0.08325656894321952,13.053001272566233,-0.01,0.15,0.1,0.145,1,-0.7,0,0,0,0,0,0,0,0,0,0,0,0,-0.2449148117969674,-0.2449148117969674,-0.2449148117969674,-0.2449148117969674,0.008514399127969814,0.008514399127969814,0.008514399127969814,0.008514399127969814,1.0000000003019167,0,7.449935123298158e-11,0
1,2,637,0,0,2,0,1,2,3,1,0,0.2450627674252953,0,6.283185307179586,0.08325656894321948,13.073001274566233,-0.01,0.15,0.1,0.145,1,-0.7,0,0,0,0,0,0,0,0,0,0,0,0,-0.24491481169056115,-0.24491481169056115,-0.24491481169056115,-0.24491481169056115,0.00851439914035977,0.00851439914035977,0.00851439914035977,0.00851439914035977,0.9999999990044692,0,7.187269376800897e-11,0
1,2,638,0,0,2,0,1,2,3,1,0,0.24506276740541377,0,6.283185307179586,0.08325656894321955,13.093001276566232,-0.01,0.15,0.1,0.145,1,-0.7,0,0,0,0,0,0,0,0,0,0,0,0,-0.24491481167058674,-0.24491481167058674,-0.24491481167058674,-0.24491481167058674,0.00851439914268558,0.00851439914268558,0.00851439914268558,0.00851439914268558,1.0000000006749552,0,6.93386483317938e-11,0
1,2,639,0,0,2,0,1,2,3,1,0,0.2450627674099786,0,6.283185307179586,0.08325656894321949,13.113001278566232,-0.01,0.15,0.1,0.145,1,-0.7,0,0,0,0,0,0,0,0,0,0,0,0,-0.24491481167517287,-0.24491481167517287,-0.24491481167517287,-0.24491481167517287,0.008514399142151565,0.008514399142151565,0.008514399142151565,0.008514399142151565,1.0000000003003002,0,6.689394497883246e-11,0
1,2,640,0,0,2,0,1,2,3,1,0,0.24506276742500474,0,6.283185307179586,0.08325656894321948,13.133001280566232,-0.01,0.15,0.1,0.145,1,-0.7,0,0,0,0,0,0,0,0,0,0,0,0,-0.2449148116902692,-0.2449148116902692,-0.2449148116902692,-0.2449148116902692,0.008514399140393748,0.008514399140393748,0.008514399140393748,0.008514399140393748,1.0000000001911253,0,6.453543577514741e-11,0
1,2,641,0,0,2,0,1,2,3,1,0,0.24506276749026323,0,6.283185307179586,0.08325656894321949,13.153001282566231,-0.01,0.15,0.1,0.145,1,-0.7,0,0,0,0,0,0,0,0,0,0,0,0,-0.24491481175583252,-0.24491481175583252,-0.24491481175583252,-0.24491481175583252,0.008514399132759564,0.008514399132759564,0.008514399132759564,0.008514399132759564,1.0000000000437659,0,6.226008158222757e-11,0
1,2,642,0,0,2,0,1,2,3,1,0,0.24506276742846528,0,6.283185307179586,0.08325656894321949,13.173001284566231,-0.01,0.15,0.1,0.145,1,-0.7,0,0,0,0,0,0,0,0,0,0,0,0,-0.2449148116937459,-0.2449148116937459,-0.2449148116937459,-0.2449148116937459,0.008514399139988926,0.008514399139988926,0.008514399139988926,0.008514399139988926,0.99999999942861,0,6.006495017444988e-11,0
1,2,643,0,0,2,0,1,2,3,1,0,0.24506276746081598,0,6.283185307179586,0.08325656894321946,13.193001286566231,-0.01,0.15,0.1,0.145,1,-0.7,0,0,0,0,0,0,0,0,0,0,0,0,-0.2449148117262477,-0.2449148117262477,-0.2449148117262477,-0.2449148117262477,0.008514399136204418,0.008514399136204418,0.008514399136204418,0.008514399136204418,1.0000000004480114,0,5.7947214721128567e-11,0
1,2,644,0,0,2,0,1,2,3,1,0,0.24506276745398464,0,6.283185307179586,0.08325656894321948,13.21300128856623,-0.01,0.15,0.1,0.145,1,-0.7,0,0,0,0,0,0,0,0,0,0,0,0,-0.24491481171938448,-0.24491481171938448,-0.24491481171938448,-0.24491481171938448,0.008514399137003583,0.008514399137003583,0.008514399137003583,0.008514399137003583,0.9999999997539142,0,5.590414393590318e-11,0
1,2,645,0,0,2,0,1,2,3,1,0,0.24506276745494301,0,6.283185307179586,0.0832565689432195,13.23300129056623,-0.01,0.15,0.1,0.145,1,-0.7,0,0,0,0,0,0,0,0,0,0,0,0,-0.24491481172034732,-0.24491481172034732,-0.24491481172034732,-0.24491481172034732,0.00851439913689145,0.00851439913689145,0.00851439913689145,0.00851439913689145,1.0000000000165166,0,5.3933107256918316e-11,0
1,2,646,0,0,2,0,1,2,3,1,0,0.24506276745320874,0,6.283185307179586,0.08325656894321944,13.25300129256623,-0.01,0.15,0.1,0.145,1,-0.7,0,0,0,0,0,0,0,0,0,0,0,0,-0.24491481171860494,-0.24491481171860494,-0.24491481171860494,-0.24491481171860494,0.00851439913709431,0.00851439913709431,0.00851439913709431,0.00851439913709431,0.9999999999581526,0,5.2031564077723104e-11,0
1,2,647,0,0,2,0,1,2,3,1,0,0.2450627674481549,0,6.283185307179586,0.08325656894321955,13.27300129456623,-0.01,0.15,0.1,0.145,1,-0.7,0,0,0,0,0,0,0,0,0,0,0,0,-0.24491481171352747,-0.24491481171352747,-0.24491481171352747,-0.24491481171352747,0.00851439913768557,0.00851439913768557,0.00851439913768557,0.00851439913768557,0.9999999999992149,0,5.019706448297821e-11,0
1,2,648,0,0,2,0,1,2,3,1,0,0.24506276743949615,0,6.283185307179586,0.08325656894321953,13.29300129656623,-0.01,0.15,0.1,0.145,1,-0.7,0,0,0,0,0,0,0,0,0,0,0,0,-0.2449148117048283,-0.2449148117048283,-0.2449148117048283,-0.2449148117048283,0.008514399138698498,0.008514399138698498,0.008514399138698498,0.008514399138698498,1.0000000000141291,0,4.8427244657093324e-11,0
1,2,649,0,0,2,0,1,2,3,1,0,0.24506276739250177,0,6.283185307179586,0.08325656894321955,13.31300129856623,-0.01,0.15,0.1,0.145,1,-0.7,0,0,0,0,0,0,0,0,0,0,0,0,-0.24491481165761442,-0.24491481165761442,-0.24491481165761442,-0.24491481165761442,0.008514399144196067,0.008514399144196067,0.008514399144196067,0.008514399144196067,1.0000000000922533,0,4.6719824152745766e-11,0
1,2,650,0,0,2,0,1,2,3,1,0,0.24506276745999434,0,6.283185307179586,0.0832565689432194,13.33300130056623,-0.01,0.15,0.1,0.145,1,-0.7,0,0,0,0,0,0,0,0,0,0,0,0,-0.24491481172542223,-0.24491481172542223,-0.24491481172542223,-0.24491481172542223,0.008514399136300522,0.008514399136300522,0.008514399136300522,0.008514399136300522,1.0000000005461658,0,4.5072603152313066e-11,0
1,2,651,0,0,2,0,1,2,3,1,0,0.2450627674530705,0,6.283185307179586,0.0832565689432196,13.353001302566229,-0.01,0.15,0.1,0.145,1,-0.7,0,0,0,0,0,0,0,0,0,0,0,0,-0.24491481171846607,-0.24491481171846607,-0.24491481171846607,-0.24491481171846607,0.008514399137110482,0.008514399137110482,0.008514399137110482,0.008514399137110482,0.9999999996113509,0,4.3483458112832096e-11,0
1,2,652,0,0,2,0,1,2,3,1,0,0.2450627674479256,0,6.283185307179586,0.08325656894321945,13.373001304566229,-0.01,0.15,0.1,0.145,1,-0.7,0,0,0,0,0,0,0,0,0,0,0,0,-0.24491481171329715,-0.24491481171329715,-0.24491481171329715,-0.24491481171329715,0.008514399137712354,0.008514399137712354,0.008514399137712354,0.008514399137712354,1.000000000047482,0,4.195034305365584e-11,0
1,2,653,0,0,2,0,1,2,3,1,0,0.24506276743980276,0,6.283185307179586,0.08325656894321946,13.393001306566228,-0.01,0.15,0.1,0.145,1,-0.7,0,0,0,0,0,0,0,0,0,0,0,0,-0.24491481170513635,-0.24491481170513635,-0.24491481170513635,-0.24491481170513635,0.00851439913866263,0.00851439913866263,0.00851439913866263,0.00851439913866263,1.000000000038856,0,4.0471281473079055e-11,0
1,2,654,0,0,2,0,1,2,3,1,0,0.24506276743317357,0,6.283185307179586,0.08325656894321948,13.413001308566228,-0.01,0.15,0.1,0.145,1,-0.7,0,0,0,0,0,0,0,0,0,0,0,0,-0.2449148116984762,-0.2449148116984762,-0.2449148116984762,-0.2449148116984762,0.008514399139438088,0.008514399139438088,0.008514399139438088,0.008514399139438088,1.00000000011185,0,3.904436783274375e-11,0
1,2,655,0,0,2,0,1,2,3,1,0,0.2450627674426744,0,6.283185307179586,0.08325656894321942,13.433001310566228,-0.01,0.15,0.1,0.145,1,-0.7,0,0,0,0,0,0,0,0,0,0,0,0,-0.24491481170802143,-0.24491481170802143,-0.24491481170802143,-0.24491481170802143,0.008514399138326672,0.008514399138326672,0.008514399138326672,0.008514399138326672,1.000000000127418,0,3.766776349472351e-11,0
1,2,656,0,0,2,0,1,2,3,1,0,0.2450627674494825,0,6.283185307179586,0.08325656894321956,13.453001312566228,-0.01,0.15,0.1,0.145,1,-0.7,0,0,0,0,0,0,0,0,0,0,0,0,-0.2449148117148613,-0.2449148117148613,-0.2449148117148613,-0.2449148117148613,0.008514399137530257,0.008514399137530257,0.008514399137530257,0.008514399137530257,0.9999999999785558,0,3.6339694618684206e-11,0
1,2,657,0,0,2,0,1,2,3,1,0,0.24506276741978034,0,6.283185307179586,0.08325656894321948,13.473001314566227,-0.01,0.15,0.1,0.145,1,-0.7,0,0,0,0,0,0,0,0,0,0,0,0,-0.24491481168502038,-0.24491481168502038,-0.24491481168502038,-0.24491481168502038,0.00851439914100491,0.00851439914100491,0.00851439914100491,0.00851439914100491,0.9999999999827445,0,3.50584501027567e-11,0
1,2,658,0,0,2,0,1,2,3,1,0,0.24506276743668673,0,6.283185307179586,0.08325656894321949,13.493001316566227,-0.01,0.15,0.1,0.145,1,-0.7,0,0,0,0,0,0,0,0,0,0,0,0,-0.24491481170200577,-0.24491481170200577,-0.24491481170200577,-0.24491481170200577,0.008514399139027145,0.008514399139027145,0.008514399139027145,0.008514399139027145,1.0000000003149765,0,3.38223791551387e-11,0
1,2,659,0,0,2,0,1,2,3,1,0,0.2450627675101217,0,6.283185307179586,0.08325656894321949,13.513001318566227,-0.01,0.15,0.1,0.145,1,-0.7,0,0,0,0,0,0,0,0,0,0,0,0,-0.24491481177578378,-0.24491481177578378,-0.24491481177578378,-0.24491481177578378,0.008514399130436386,0.008514399130436386,0.008514399130436386,0.008514399130436386,0.9999999999854872,0,3.262988859383023e-11,0
1,2,660,0,0,2,0,1,2,3,1,0,0.24506276745353964,0,6.283185307179586,0.08325656894321944,13.533001320566227,-0.01,0.15,0.1,0.145,1,-0.7,0,0,0,0,0,0,0,0,0,0,0,0,-0.2449148117189374,-0.2449148117189374,-0.2449148117189374,-0.2449148117189374,0.00851439913705562,0.00851439913705562,0.00851439913705562,0.00851439913705562,0.9999999993169268,0,3.1479442048687093e-11,0
1,2,661,0,0,2,0,1,2,3,1,0,0.24506276744894995,0,6.283185307179586,0.08325656894321949,13.553001322566226,-0.01,0.15,0.1,0.145,1,-0.7,0,0,0,0,0,0,0,0,0,0,0,0,-0.24491481171432627,-0.24491481171432627,-0.24491481171432627,-0.24491481171432627,0.008514399137592521,0.008514399137592521,0.008514399137592521,0.008514399137592521,1.0000000002863665,0,3.036955799902197e-11,0
1,2,662,0,0,2,0,1,2,3,1,0,0.24506276740218175,0,6.283185307179586,0.08325656894321948,13.573001324566226,-0.01,0.15,0.1,0.145,1,-0.7,0,0,0,0,0,0,0,0,0,0,0,0,-0.2449148116673396,-0.2449148116673396,-0.2449148116673396,-0.2449148116673396,0.00851439914306367,0.00851439914306367,0.00851439914306367,0.00851439914306367,1.0000000000199876,0,2.929880511195354e-11,0
1,2,663,0,0,2,0,1,2,3,1,0,0.24506276745403563,0,6.283185307179586,0.0832565689432194,13.593001326566226,-0.01,0.15,0.1,0.145,1,-0.7,0,0,0,0,0,0,0,0,0,0,0,0,-0.24491481171943572,-0.24491481171943572,-0.24491481171943572,-0.24491481171943572,0.008514399136997598,0.008514399136997598,0.008514399136997598,0.008514399136997598,1.00000000046332,0,2.8265804507093482e-11,0
1,2,664,0,0,2,0,1,2,3,1,0,0.24506276742455058,0,6.283185307179586,0.08325656894321955,13.613001328566225,-0.01,0.15,0.1,0.145,1,-0.7,0,0,0,0,0,0,0,0,0,0,0,0,-0.24491481168981294,-0.24491481168981294,-0.24491481168981294,-0.24491481168981294,0.008514399140446901,0.008514399140446901,0.008514399140446901,0.008514399140446901,0.9999999997223732,0,2.726922438125154e-11,0
1,2,665,0,0,2,0,1,2,3,1,0,0.2450627674961421,0,6.283185307179586,0.08325656894321946,13.633001330566225,-0.01,0.15,0.1,0.145,1,-0.7,0,0,0,0,0,0,0,0,0,0,0,0,-0.24491481176173885,-0.24491481176173885,-0.24491481176173885,-0.24491481176173885,0.008514399132071786,0.008514399132071786,0.008514399132071786,0.008514399132071786,1.0000000002868852,0,2.630778162117895e-11,0
1,2,666,0,0,2,0,1,2,3,1,0,0.24506276739222446,0,6.283185307179586,0.08325656894321948,13.653001332566225,-0.01,0.15,0.1,0.145,1,-0.7,0,0,0,0,0,0,0,0,0,0,0,0,-0.2449148116573358,-0.2449148116573358,-0.2449148116573358,-0.2449148116573358,0.008514399144228534,0.008514399144228534,0.008514399144228534,0.008514399144228534,0.9999999993903259,0,2.5380236344131887e-11,0
1,2,667,0,0,2,0,1,2,3,1,0,0.24506276747543454,0,6.283185307179586,0.08325656894321948,13.673001334566225,-0.01,0.15,0.1,0.145,1,-0.7,0,0,0,0,0,0,0,0,0,0,0,0,-0.24491481174093457,-0.24491481174093457,-0.24491481174093457,-0.24491481174093457,0.008514399134494246,0.008514399134494246,0.008514399134494246,0.008514399134494246,1.0000000008381278,0,2.4485394745472828e-11,0
1,2,668,0,0,2,0,1,2,3,1,0,0.24506276742620578,0,6.283185307179586,0.08325656894321942,13.693001336566224,-0.01,0.15,0.1,0.145,1,-0.7,0,0,0,0,0,0,0,0,0,0,0,0,-0.24491481169147586,-0.24491481169147586,-0.24491481169147586,-0.24491481169147586,0.008514399140253263,0.008514399140253263,0.008514399140253263,0.008514399140253263,0.9999999994484874,0,2.3622102012809793e-11,0
1,2,669,0,0,2,0,1,2,3,1,0,0.24506276739638105,0,6.283185307179586,0.08325656894321953,13.713001338566224,-0.01,0.15,0.1,0.145,1,-0.7,0,0,0,0,0,0,0,0,0,0,0,0,-0.24491481166151183,-0.24491481166151183,-0.24491481166151183,-0.24491481166151183,0.008514399143742248,0.008514399143742248,0.008514399143742248,0.008514399143742248,1.000000000400881,0,2.2789247531332863e-11,0
1,2,670,0,0,2,0,1,2,3,1,0,0.24506276748375788,0,6.283185307179586,0.08325656894321949,13.733001340566224,-0.01,0.15,0.1,0.145,1,-0.7,0,0,0,0,0,0,0,0,0,0,0,0,-0.2449148117492968,-0.2449148117492968,-0.2449148117492968,-0.2449148117492968,0.008514399133520588,0.008514399133520588,0.008514399133520588,0.008514399133520588,1.0000000004356444,0,2.1985757081387612e-11,0
1,2,671,0,0,2,0,1,2,3,1,0,0.2450627674297286,0,6.283185307179586,0.08325656894321955,13.753001342566224,-0.01,0.15,0.1,0.145,1,-0.7,0,0,0,0,0,0,0,0,0,0,0,0,-0.24491481169501514,-0.24491481169501514,-0.24491481169501514,-0.24491481169501514,0.008514399139841122,0.008514399139841122,0.008514399139841122,0.008514399139841122,0.9999999993968416,0,2.1210595313770646e-11,0
1,2,672,0,0,2,0,1,2,3,1,0,0.24506276747047737,0,6.283185307179586,0.08325656894321944,13.773001344566223,-0.01,0.15,0.1,0.145,1,-0.7,0,0,0,0,0,0,0,0,0,0,0,0,-0.24491481173595422,-0.24491481173595422,-0.24491481173595422,-0.24491481173595422,0.008514399135074192,0.008514399135074192,0.008514399135074192,0.008514399135074192,1.0000000003791953,0,2.0462764369543542e-11,0
1,2,673,0,0,2,0,1,2,3,1,0,0.24506276748435107,0,6.283185307179586,0.0832565689432195,13.793001346566223,-0.01,0.15,0.1,0.145,1,-0.7,0,0,0,0,0,0,0,0,0,0,0,0,-0.24491481174989274,-0.24491481174989274,-0.24491481174989274,-0.24491481174989274,0.008514399133451162,0.008514399133451162,0.008514399133451162,0.008514399133451162,0.9999999996625881,0,1.974129954239839e-11,0
1,2,674,0,0,2,0,1,2,3,1,0,0.24506276745428648,0,6.283185307179586,0.08325656894321944,13.813001348566223,-0.01,0.15,0.1,0.145,1,-0.7,0,0,0,0,0,0,0,0,0,0,0,0,-0.24491481171968774,-0.24491481171968774,-0.24491481171968774,-0.24491481171968774,0.00851439913696824,0.00851439913696824,0.00851439913696824,0.00851439913696824,0.9999999997661071,0,1.9045271928752568e-11,0
1,2,675,0,0,2,0,1,2,3,1,0,0.24506276746815855,0,6.283185307179586,0.08325656894321944,13.833001350566223,-0.01,0.15,0.1,0.145,1,-0.7,0,0,0,0,0,0,0,0,0,0,0,0,-0.2449148117336246,-0.2449148117336246,-0.2449148117336246,-0.2449148117336246,0.008514399135345416,0.008514399135345416,0.008514399135345416,0.008514399135345416,1.0000000001371951,0,1.837378454667107e-11,0
1,2,676,0,0,2,0,1,2,3,1,0,0.24506276749702846,0,6.283185307179586,0.0832565689432195,13.853001352566222,-0.01,0.15,0.1,0.145,1,-0.7,0,0,0,0,0,0,0,0,0,0,0,0,-0.24491481176262933,-0.24491481176262933,-0.24491481176262933,-0.24491481176262933,0.008514399131968144,0.008514399131968144,0.008514399131968144,0.008514399131968144,0.9999999998447997,0,1.7725971914931467e-11,0
1,2,677,0,0,2,0,1,2,3,1,0,0.24506276744008607,0,6.283185307179586,0.08325656894321942,13.873001354566222,-0.01,0.15,0.1,0.145,1,-0.7,0,0,0,0,0,0,0,0,0,0,0,0,-0.24491481170542098,-0.24491481170542098,-0.24491481170542098,-0.24491481170542098,0.00851439913862947,0.00851439913862947,0.00851439913862947,0.00851439913862947,0.9999999996028848,0,1.710099951609233e-11,0
1,2,678,0,0,2,0,1,2,3,1,0,0.2450627674075906,0,6.283185307179586,0.08325656894321945,13.893001356566222,-0.01,0.15,0.1,0.145,1,-0.7,0,0,0,0,0,0,0,0,0,0,0,0,-0.2449148116727737,-0.2449148116727737,-0.2449148116727737,-0.2449148116727737,0.008514399142430946,0.008514399142430946,0.008514399142430946,0.008514399142430946,1.0000000003440235,0,1.649806226992707e-11,0
1,2,679,0,0,2,0,1,2,3,1,0,0.24506276744232716,0,6.283185307179586,0.08325656894321962,13.913001358566222,-0.01,0.15,0.1,0.145,1,-0.7,0,0,0,0,0,0,0,0,0,0,0,0,-0.24491481170767254,-0.24491481170767254,-0.24491481170767254,-0.24491481170767254,0.008514399138367292,0.008514399138367292,0.008514399138367292,0.008514399138367292,1.0000000004049632,0,1.591638288287441e-11,0
1,2,680,0,0,2,0,1,2,3,1,0,0.2450627674375973,0,6.283185307179586,0.0832565689432194,13.933001360566221,-0.01,0.15,0.1,0.145,1,-0.7,0,0,0,0,0,0,0,0,0,0,0,0,-0.2449148117029206,-0.2449148117029206,-0.2449148117029206,-0.2449148117029206,0.008514399138920626,0.008514399138920626,0.008514399138920626,0.008514399138920626,0.999999999879531,0,1.5355211895574708e-11,0
1,2,681,0,0,2,0,1,2,3,1,0,0.24506276747771605,0,6.283185307179586,0.08325656894321955,13.953001362566221,-0.01,0.15,0.1,0.145,1,-0.7,0,0,0,0,0,0,0,0,0,0,0,0,-0.24491481174322674,-0.24491481174322674,-0.24491481174322674,-0.24491481174322674,0.008514399134227371,0.008514399134227371,0.008514399134227371,0.008514399134227371,1.000000000102709,0,1.481382652264326e-11,0
1,2,682,0,0,2,0,1,2,3,1,0,0.2450627674371208,0,6.283185307179586,0.0832565689432195,13.97300136456622,-0.01,0.15,0.1,0.145,1,-0.7,0,0,0,0,0,0,0,0,0,0,0,0,-0.24491481170244186,-0.24491481170244186,-0.24491481170244186,-0.24491481170244186,0.008514399138976354,0.008514399138976354,0.008514399138976354,0.008514399138976354,0.9999999996603606,0,1.429152887278164e-11,0
1,2,683,0,0,2,0,1,2,3,1,0,0.2450627674823347,0,6.283185307179586,0.08325656894321945,13.99300136656622,-0.01,0.15,0.1,0.145,1,-0.7,0,0,0,0,0,0,0,0,0,0,0,0,-0.24491481174786695,-0.24491481174786695,-0.24491481174786695,-0.24491481174786695,0.008514399133687078,0.008514399133687078,0.008514399133687078,0.008514399133687078,1.0000000002811475,0,1.3787646312757855e-11,0
1,2,684,0,0,2,0,1,2,3,1,0,0.24506276745250344,0,6.283185307179586,0.08325656894321959,14.01300136856622,-0.01,0.15,0.1,0.145,1,-0.7,0,0,0,0,0,0,0,0,0,0,0,0,-0.24491481171789636,-0.24491481171789636,-0.24491481171789636,-0.24491481171789636,0.008514399137176817,0.008514399137176817,0.008514399137176817,0.008514399137176817,0.9999999996022524,0,1.3301529108021435e-11,0
1,2,685,0,0,2,0,1,2,3,1,0,0.24506276743817557,0,6.283185307179586,0.08325656894321945,14.03300137056622,-0.01,0.15,0.1,0.145,1,-0.7,0,0,0,0,0,0,0,0,0,0,0,0,-0.24491481170350154,-0.24491481170350154,-0.24491481170350154,-0.24491481170350154,0.008514399138852952,0.008514399138852952,0.008514399138852952,0.008514399138852952,1.0000000001650307,0,1.2832551378800348e-11,0
1,2,686,0,0,2,0,1,2,3,1,0,0.24506276743935085,0,6.283185307179586,0.08325656894321944,14.05300137256622,-0.01,0.15,0.1,0.145,1,-0.7,0,0,0,0,0,0,0,0,0,0,0,0,-0.24491481170468232,-0.24491481170468232,-0.24491481170468232,-0.24491481170468232,0.00851439913871547,0.00851439913871547,0.00851439913871547,0.00851439913871547,1.0000000001557758,0,1.2380108501880432e-11,0
1,2,687,0,0,2,0,1,2,3,1,0,0.24506276740310326,0,6.283185307179586,0.08325656894321952,14.07300137456622,-0.01,0.15,0.1,0.145,1,-0.7,0,0,0,0,0,0,0,0,0,0,0,0,-0.24491481166826543,-0.24491481166826543,-0.24491481166826543,-0.24491481166826543,0.008514399142955863,0.008514399142955863,0.008514399142955863,0.008514399142955863,1.0000000000704397,0,1.1943617587475757e-11,0
1,2,688,0,0,2,0,1,2,3,1,0,0.24506276741793637,0,6.283185307179586,0.08325656894321952,14.09300137656622,-0.01,0.15,0.1,0.145,1,-0.7,0,0,0,0,0,0,0,0,0,0,0,0,-0.2449148116831678,-0.2449148116831678,-0.2449148116831678,-0.2449148116831678,0.00851439914122064,0.00851439914122064,0.00851439914122064,0.00851439914122064,1.0000000004422773,0,1.1522516301928242e-11,0
1,2,689,0,0,2,0,1,2,3,1,0,0.24506276744855818,0,6.283185307179586,0.08325656894321953,14.113001378566219,-0.01,0.15,0.1,0.145,1,-0.7,0,0,0,0,0,0,0,0,0,0,0,0,-0.24491481171393267,-0.24491481171393267,-0.24491481171393267,-0.24491481171393267,0.008514399137638344,0.008514399137638344,0.008514399137638344,0.008514399137638344,1.000000000106997,0,1.1116261850886389e-11,0
1,2,690,0,0,2,0,1,2,3,1,0,0.24506276744509697,0,6.283185307179586,0.08325656894321949,14.133001380566219,-0.01,0.15,0.1,0.145,1,-0.7,0,0,0,0,0,0,0,0,0,0,0,0,-0.2449148117104553,-0.2449148117104553,-0.2449148117104553,-0.2449148117104553,0.008514399138043274,0.008514399138043274,0.008514399138043274,0.008514399138043274,0.9999999998510276,0,1.072433090832303e-11,0
1,2,691,0,0,2,0,1,2,3,1,0,0.24506276749725095,0,6.283185307179586,0.08325656894321948,14.153001382566218,-0.01,0.15,0.1,0.145,1,-0.7,0,0,0,0,0,0,0,0,0,0,0,0,-0.24491481176285287,-0.24491481176285287,-0.24491481176285287,-0.24491481176285287,0.008514399131942118,0.008514399131942118,0.008514399131942118,0.008514399131942118,1.0000000000709726,0,1.0346218512301053e-11,0
1,2,692,0,0,2,0,1,2,3,1,0,0.24506276747527364,0,6.283185307179586,0.08325656894321949,14.173001384566218,-0.01,0.15,0.1,0.145,1,-0.7,0,0,0,0,0,0,0,0,0,0,0,0,-0.24491481174077293,-0.24491481174077293,-0.24491481174077293,-0.24491481174077293,0.008514399134513066,0.008514399134513066,0.008514399134513066,0.008514399134513066,0.9999999995013624,0,9.981437281004578e-12,0
1,2,693,0,0,2,0,1,2,3,1,0,0.2450627674167864,0,6.283185307179586,0.08325656894321941,14.193001386566218,-0.01,0.15,0.1,0.145,1,-0.7,0,0,0,0,0,0,0,0,0,0,0,0,-0.24491481168201248,-0.24491481168201248,-0.24491481168201248,-0.24491481168201248,0.00851439914135515,0.00851439914135515,0.00851439914135515,0.00851439914135515,0.9999999999857536,0,9.629517450899773e-12,0
1,2,694,0,0,2,0,1,2,3,1,0,0.24506276742461877,0,6.283185307179586,0.08325656894321945,14.213001388566218,-0.01,0.15,0.1,0.145,1,-0.7,0,0,0,0,0,0,0,0,0,0,0,0,-0.24491481168988144,-0.24491481168988144,-0.24491481168988144,-0.24491481168988144,0.00851439914043891,0.00851439914043891,0.00851439914043891,0.00851439914043891,1.0000000004855352,0,9.290005408974848e-12,0
1,2,695,0,0,2,0,1,2,3,1,0,0.24506276739474353,0,6.283185307179586,0.08325656894321953,14.233001390566217,-0.01,0.15,0.1,0.145,1,-0.7,0,0,0,0,0,0,0,0,0,0,0,0,-0.24491481165986664,-0.24491481165986664,-0.24491481165986664,-0.24491481165986664,0.00851439914393381,0.00851439914393381,0.00851439914393381,0.00851439914393381,1.0000000000957776,0,8.96246357573997e-12,0
1,2,696,0,0,2,0,1,2,3,1,0,0.24506276745901703,0,6.283185307179586,0.08325656894321941,14.253001392566217,-0.01,0.15,0.1,0.145,1,-0.7,0,0,0,0,0,0,0,0,0,0,0,0,-0.24491481172444038,-0.24491481172444038,-0.24491481172444038,-0.24491481172444038,0.008514399136414849,0.008514399136414849,0.008514399136414849,0.008514399136414849,1.000000000427164,0,8.646470122124686e-12,0
1,2,697,0,0,2,0,1,2,3,1,0,0.24506276744824754,0,6.283185307179586,0.08325656894321959,14.273001394566217,-0.01,0.15,0.1,0.145,1,-0.7,0,0,0,0,0,0,0,0,0,0,0,0,-0.2449148117136206,-0.2449148117136206,-0.2449148117136206,-0.2449148117136206,0.008514399137674726,0.008514399137674726,0.008514399137674726,0.008514399137674726,0.9999999996205169,0,8.341617644088905e-12,0
1,2,698,0,0,2,0,1,2,3,1,0,0.24506276749309405,0,6.283185307179586,0.08325656894321949,14.293001396566217,-0.01,0.15,0.1,0.145,1,-0.7,0,0,0,0,0,0,0,0,0,0,0,0,-0.24491481175867658,-0.24491481175867658,-0.24491481175867658,-0.24491481175867658,0.008514399132428359,0.008514399132428359,0.008514399132428359,0.008514399132428359,1.0000000000799112,0,8.047513634696369e-12,0
1,2,699,0,0,2,0,1,2,3,1,0,0.2450627674093431,0,6.283185307179586,0.08325656894321937,14.313001398566216,-0.01,0.15,0.1,0.145,1,-0.7,0,0,0,0,0,0,0,0,0,0,0,0,-0.2449148116745344,-0.2449148116745344,-0.2449148116745344,-0.2449148116745344,0.008514399142225888,0.008514399142225888,0.008514399142225888,0.008514399142225888,0.9999999995519708,0,7.763778868188818e-12,0
1,2,700,0,0,2,0,1,2,3,1,0,0.24506276741763214,0,6.283185307179586,0.08325656894321952,14.333001400566216,-0.01,0.15,0.1,0.145,1,-0.7,0,0,0,0,0,0,0,0,0,0,0,0,-0.24491481168286217,-0.24491481168286217,-0.24491481168286217,-0.24491481168286217,0.008514399141256197,0.008514399141256197,0.008514399141256197,0.008514399141256197,1.0000000006532126,0,7.490048041437558e-12,0
1,2,701,0,0,2,0,1,2,3,1,0,0.2450627674758684,0,6.283185307179586,0.0832565689432194,14.353001402566216,-0.01,0.15,0.1,0.145,1,-0.7,0,0,0,0,0,0,0,0,0,0,0,0,-0.24491481174137045,-0.24491481174137045,-0.24491481174137045,-0.24491481174137045,0.008514399134443488,0.008514399134443488,0.008514399134443488,0.008514399134443488,1.000000000136982,0,7.22596808723379e-12,0
1,2,702,0,0,2,0,1,2,3,1,0,0.24506276744442407,0,6.283185307179586,0.08325656894321946,14.373001404566216,-0.01,0.15,0.1,0.145,1,-0.7,0,0,0,0,0,0,0,0,0,0,0,0,-0.24491481170977925,-0.24491481170977925,-0.24491481170977925,-0.24491481170977925,0.008514399138121988,0.008514399138121988,0.008514399138121988,0.008514399138121988,0.9999999995753726,0,6.9711989129515984e-12,0
1,2,703,0,0,2,0,1,2,3,1,0,0.2450627674228142,0,6.283185307179586,0.0832565689432195,14.393001406566215,-0.01,0.15,0.1,0.145,1,-0.7,0,0,0,0,0,0,0,0,0,0,0,0,-0.24491481168806842,-0.24491481168806842,-0.24491481168806842,-0.24491481168806842,0.008514399140649994,0.008514399140649994,0.008514399140649994,0.008514399140649994,1.0000000002083205,0,6.725412366092194e-12,0
1,2,704,0,0,2,0,1,2,3,1,0,0.24506276749331132,0,6.283185307179586,0.08325656894321945,14.413001408566215,-0.01,0.15,0.1,0.145,1,-0.7,0,0,0,0,0,0,0,0,0,0,0,0,-0.24491481175889485,-0.24491481175889485,-0.24491481175889485,-0.24491481175889485,0.008514399132402988,0.008514399132402988,0.008514399132402988,0.008514399132402988,1.0000000002641372,0,6.4882915668655205e-12,0
1,2,705,0,0,2,0,1,2,3,1,0,0.24506276744213432,0,6.283185307179586,0.0832565689432196,14.433001410566215,-0.01,0.15,0.1,0.145,1,-0.7,0,0,0,0,0,0,0,0,0,0,0,0,-0.2449148117074788,-0.2449148117074788,-0.2449148117074788,-0.2449148117074788,0.008514399138389835,0.008514399138389835,0.008514399138389835,0.008514399138389835,0.9999999994340705,0,6.259530956141656e-12,0
1,2,706,0,0,2,0,1,2,3,1,0,0.24506276744294944,0,6.283185307179586,0.08325656894321937,14.453001412566215,-0.01,0.15,0.1,0.145,1,-0.7,0,0,0,0,0,0,0,0,0,0,0,0,-0.24491481170829774,-0.24491481170829774,-0.24491481170829774,-0.24491481170829774,0.008514399138294498,0.008514399138294498,0.008514399138294498,0.008514399138294498,1.0000000003203908,0,6.0388360153219015e-12,0
1,2,707,0,0,2,0,1,2,3,1,0,0.24506276741172592,0,6.283185307179586,0.08325656894321948,14.473001414566214,-0.01,0.15,0.1,0.145,1,-0.7,0,0,0,0,0,0,0,0,0,0,0,0,-0.24491481167692836,-0.24491481167692836,-0.24491481167692836,-0.24491481167692836,0.008514399141947133,0.008514399141947133,0.008514399141947133,0.008514399141947133,1.0000000000474891,0,5.8259221095270526e-12,0
1,2,708,0,0,2,0,1,2,3,1,0,0.24506276745311864,0,6.283185307179586,0.08325656894321946,14.493001416566214,-0.01,0.15,0.1,0.145,1,-0.7,0,0,0,0,0,0,0,0,0,0,0,0,-0.24491481171851442,-0.24491481171851442,-0.24491481171851442,-0.24491481171851442,0.00851439913710488,0.00851439913710488,0.00851439913710488,0.00851439913710488,1.0000000003629737,0,5.620515052966697e-12,0
1,2,709,0,0,2,0,1,2,3,1,0,0.2450627674559564,0,6.283185307179586,0.08325656894321946,14.513001418566214,-0.01,0.15,0.1,0.145,1,-0.7,0,0,0,0,0,0,0,0,0,0,0,0,-0.24491481172136542,-0.24491481172136542,-0.24491481172136542,-0.24491481172136542,0.008514399136772911,0.008514399136772911,0.008514399136772911,0.008514399136772911,0.999999999790024,0,5.422350048390537e-12,0
1,2,710,0,0,2,0,1,2,3,1,0,0.24506276737984015,0,6.283185307179586,0.08325656894321957,14.533001420566213,-0.01,0.15,0.1,0.145,1,-0.7,0,0,0,0,0,0,0,0,0,0,0,0,-0.24491481164489365,-0.24491481164489365,-0.24491481164489365,-0.24491481164489365,0.008514399145677268,0.008514399145677268,0.008514399145677268,0.008514399145677268,0.9999999999459632,0,5.231171895720599e-12,0
1,2,711,0,0,2,0,1,2,3,1,0,0.24506276748637554,0,6.283185307179586,0.08325656894321944,14.553001422566213,-0.01,0.15,0.1,0.145,1,-0.7,0,0,0,0,0,0,0,0,0,0,0,0,-0.24491481175192667,-0.24491481175192667,-0.24491481175192667,-0.24491481175192667,0.008514399133214322,0.008514399133214322,0.008514399133214322,0.008514399133214322,1.0000000007792913,0,5.04673424052291e-12,0
1,2,712,0,0,2,0,1,2,3,1,0,0.24506276746318345,0,6.283185307179586,0.08325656894321945,14.573001424566213,-0.01,0.15,0.1,0.145,1,-0.7,0,0,0,0,0,0,0,0,0,0,0,0,-0.24491481172862625,-0.24491481172862625,-0.24491481172862625,-0.24491481172862625,0.008514399135927447,0.008514399135927447,0.008514399135927447,0.008514399135927447,0.9999999992612096,0,4.86879921614532e-12,0
1,2,713,0,0,2,0,1,2,3,1,0,0.24506276739781216,0,6.283185307179586,0.08325656894321946,14.593001426566213,-0.01,0.15,0.1,0.145,1,-0.7,0,0,0,0,0,0,0,0,0,0,0,0,-0.2449148116629496,-0.2449148116629496,-0.2449148116629496,-0.2449148116629496,0.008514399143574842,0.008514399143574842,0.008514399143574842,0.008514399143574842,1.0000000000609042,0,4.697137888070709e-12,0
1,2,714,0,0,2,0,1,2,3,1,0,0.24506276744630365,0,6.283185307179586,0.08325656894321952,14.613001428566212,-0.01,0.15,0.1,0.145,1,-0.7,0,0,0,0,0,0,0,0,0,0,0,0,-0.2449148117116676,-0.2449148117116676,-0.2449148117116676,-0.2449148117116676,0.008514399137902086,0.008514399137902086,0.008514399137902086,0.008514399137902086,1.0000000006326104,0,4.53152888093216e-12,0
1,2,715,0,0,2,0,1,2,3,1,0,0.24506276745624092,0,6.283185307179586,0.08325656894321949,14.633001430566212,-0.01,0.15,0.1,0.145,1,-0.7,0,0,0,0,0,0,0,0,0,0,0,0,-0.2449148117216513,-0.2449148117216513,-0.2449148117216513,-0.2449148117216513,0.008514399136739622,0.008514399136739622,0.008514399136739622,0.008514399136739622,0.9999999997546958,0,4.371758730791873e-12,0
1,2,716,0,0,2,0,1,2,3,1,0,0.24506276752333284,0,6.283185307179586,0.08325656894321946,14.653001432566212,-0.01,0.15,0.1,0.145,1,-0.7,0,0,0,0,0,0,0,0,0,0,0,0,-0.2449148117890566,-0.2449148117890566,-0.2449148117890566,-0.2449148117890566,0.008514399128890937,0.008514399128890937,0.008514399128890937,0.008514399128890937,0.9999999999256346,0,4.2176217305651756e-12,0
1,2,717,0,0,2,0,1,2,3,1,0,0.2450627674660788,0,6.283185307179586,0.0832565689432195,14.673001434566212,-0.01,0.15,0.1,0.145,1,-0.7,0,0,0,0,0,0,0,0,0,0,0,0,-0.24491481173153512,-0.24491481173153512,-0.24491481173153512,-0.24491481173153512,0.008514399135588721,0.008514399135588721,0.008514399135588721,0.008514399135588721,0.9999999992597317,0,4.068919157622706e-12,0
1,2,718,0,0,2,0,1,2,3,1,0,0.2450627674132751,0,6.283185307179586,0.08325656894321952,14.693001436566211,-0.01,0.15,0.1,0.145,1,-0.7,0,0,0,0,0,0,0,0,0,0,0,0,-0.24491481167848478,-0.24491481167848478,-0.24491481167848478,-0.24491481167848478,0.008514399141765902,0.008514399141765902,0.008514399141765902,0.008514399141765902,1.0000000002139053,0,3.925459550581567e-12,0
1,2,719,0,0,2,0,1,2,3,1,0,0.24506276745909206,0,6.283185307179586,0.08325656894321942,14.713001438566211,-0.01,0.15,0.1,0.145,1,-0.7,0,0,0,0,0,0,0,0,0,0,0,0,-0.24491481172451574,-0.24491481172451574,-0.24491481172451574,-0.24491481172451574,0.008514399136406076,0.008514399136406076,0.008514399136406076,0.008514399136406076,1.0000000004998988,0,3.7870579206678365e-12,0
1,2,720,0,0,2,0,1,2,3,1,0,0.24506276741818508,0,6.283185307179586,0.08325656894321952,14.73300144056621,-0.01,0.15,0.1,0.145,1,-0.7,0,0,0,0,0,0,0,0,0,0,0,0,-0.2449148116834177,-0.2449148116834177,-0.2449148116834177,-0.2449148116834177,0.00851439914119154,0.00851439914119154,0.00851439914119154,0.00851439914119154,0.9999999997177085,0,3.6535359224178716e-12,0
1,2,721,0,0,2,0,1,2,3,1,0,0.24506276751664213,0,6.283185307179586,0.08325656894321946,14.75300144256621,-0.01,0.15,0.1,0.145,1,-0.7,0,0,0,0,0,0,0,0,0,0,0,0,-0.24491481178233462,-0.24491481178233462,-0.24491481178233462,-0.24491481178233462,0.008514399129673663,0.008514399129673663,0.008514399129673663,0.008514399129673663,1.0000000004052723,0,3.524721643539493e-12,0
1,2,722,0,0,2,0,1,2,3,1,0,0.24506276738785887,0,6.283185307179586,0.0832565689432195,14.77300144456621,-0.01,0.15,0.1,0.145,1,-0.7,0,0,0,0,0,0,0,0,0,0,0,0,-0.24491481165294982,-0.24491481165294982,-0.24491481165294982,-0.24491481165294982,0.008514399144739237,0.008514399144739237,0.008514399144739237,0.008514399144739237,0.9999999991623731,0,3.400448928093257e-12,0
1,2,723,0,0,2,0,1,2,3,1,0,0.2450627674503866,0,6.283185307179586,0.0832565689432196,14.79300144656621,-0.01,0.15,0.1,0.145,1,-0.7,0,0,0,0,0,0,0,0,0,0,0,0,-0.24491481171576965,-0.24491481171576965,-0.24491481171576965,-0.24491481171576965,0.008514399137424468,0.008514399137424468,0.008514399137424468,0.008514399137424468,1.0000000010010197,0,3.2805579042242744e-12,0
1,2,724,0,0,2,0,1,2,3,1,0,0.24506276747464467,0,6.283185307179586,0.08325656894321946,14.81300144856621,-0.01,0.15,0.1,0.145,1,-0.7,0,0,0,0,0,0,0,0,0,0,0,0,-0.24491481174014101,-0.24491481174014101,-0.24491481174014101,-0.24491481174014101,0.008514399134586648,0.008514399134586648,0.008514399134586648,0.008514399134586648,0.9999999996865618,0,3.164893776774162e-12,0
1,2,725,0,0,2,0,1,2,3,1,0,0.24506276746573205,0,6.283185307179586,0.08325656894321942,14.83300145056621,-0.01,0.15,0.1,0.145,1,-0.7,0,0,0,0,0,0,0,0,0,0,0,0,-0.24491481173118676,-0.24491481173118676,-0.24491481173118676,-0.24491481173118676,0.008514399135629278,0.008514399135629278,0.008514399135629278,0.008514399135629278,0.9999999997535092,0,3.0533077362160997e-12,0
1,2,726,0,0,2,0,1,2,3,1,0,0.24506276745412678,0,6.283185307179586,0.08325656894321949,14.85300145256621,-0.01,0.15,0.1,0.145,1,-0.7,0,0,0,0,0,0,0,0,0,0,0,0,-0.24491481171952728,-0.24491481171952728,-0.24491481171952728,-0.24491481171952728,0.008514399136986955,0.008514399136986955,0.008514399136986955,0.008514399136986955,0.999999999980119,0,2.945655939696522e-12,0
1,2,727,0,0,2,0,1,2,3,1,0,0.245062767493382,0,6.283185307179586,0.08325656894321956,14.873001454566209,-0.01,0.15,0.1,0.145,1,-0.7,0,0,0,0,0,0,0,0,0,0,0,0,-0.24491481175896587,-0.24491481175896587,-0.24491481175896587,-0.24491481175896587,0.008514399132394702,0.008514399132394702,0.008514399132394702,0.008514399132394702,1.0000000000595506,0,2.8417996632057802e-12,0
1,2,728,0,0,2,0,1,2,3,1,0,0.24506276745283787,0,6.283185307179586,0.08325656894321949,14.893001456566209,-0.01,0.15,0.1,0.145,1,-0.7,0,0,0,0,0,0,0,0,0,0,0,0,-0.24491481171823234,-0.24491481171823234,-0.24491481171823234,-0.24491481171823234,0.008514399137137744,0.008514399137137744,0.008514399137137744,0.008514399137137744,0.9999999995683133,0,2.74160507030596e-12,0
1,2,729,0,0,2,0,1,2,3,1,0,0.2450627674765921,0,6.283185307179586,0.08325656894321956,14.913001458566209,-0.01,0.15,0.1,0.145,1,-0.7,0,0,0,0,0,0,0,0,0,0,0,0,-0.24491481174209756,-0.24491481174209756,-0.24491481174209756,-0.24491481174209756,0.008514399134358855,0.008514399134358855,0.008514399134358855,0.008514399134358855,1.0000000002066116,0,2.64494312635351e-12,0
1,2,730,0,0,2,0,1,2,3,1,0,0.24506276742259034,0,6.283185307179586,0.08325656894321937,14.933001460566208,-0.01,0.15,0.1,0.145,1,-0.7,0,0,0,0,0,0,0,0,0,0,0,0,-0.24491481168784351,-0.24491481168784351,-0.24491481168784351,-0.24491481168784351,0.008514399140676185,0.008514399140676185,0.008514399140676185,0.008514399140676185,0.9999999997408331,0,2.551689192133475e-12,0
1,2,731,0,0,2,0,1,2,3,1,0,0.24506276741966976,0,6.283185307179586,0.08325656894321956,14.953001462566208,-0.01,0.15,0.1,0.145,1,-0.7,0,0,0,0,0,0,0,0,0,0,0,0,-0.2449148116849093,-0.2449148116849093,-0.2449148116849093,-0.2449148116849093,0.00851439914101785,0.00851439914101785,0.00851439914101785,0.00851439914101785,1.0000000004291003,0,2.4617231958656644e-12,0
1,2,732,0,0,2,0,1,2,3,1,0,0.24506276751991074,0,6.283185307179586,0.0832565689432195,14.973001464566208,-0.01,0.15,0.1,0.145,1,-0.7,0,0,0,0,0,0,0,0,0,0,0,0,-0.24491481178561852,-0.24491481178561852,-0.24491481178561852,-0.24491481178561852,0.00851439912929124,0.00851439912929124,0.00851439912929124,0.00851439912929124,1.0000000001676348,0,2.3749291355888438e-12,0
1,2,733,0,0,2,0,1,2,3,1,0,0.24506276743749625,0,6.283185307179586,0.08325656894321937,14.993001466566207,-0.01,0.15,0.1,0.145,1,-0.7,0,0,0,0,0,0,0,0,0,0,0,0,-0.24491481170281906,-0.24491481170281906,-0.24491481170281906,-0.24491481170281906,0.008514399138932448,0.008514399138932448,0.008514399138932448,0.008514399138932448,0.9999999991274606,0,2.2911951835590064e-12,0
1,2,734,0,0,2,0,1,2,3,1,0,0.24506276749139375,0,6.283185307179586,0.0832565689432196,15.013001468566207,-0.01,0.15,0.1,0.145,1,-0.7,0,0,0,0,0,0,0,0,0,0,0,0,-0.24491481175696833,-0.24491481175696833,-0.24491481175696833,-0.24491481175696833,0.008514399132627287,0.008514399132627287,0.008514399132627287,0.008514399132627287,1.0000000004947935,0,2.210413559287515e-12,0
1,2,735,0,0,2,0,1,2,3,1,0,0.24506276746640213,0,6.283185307179586,0.08325656894321941,15.033001470566207,-0.01,0.15,0.1,0.145,1,-0.7,0,0,0,0,0,0,0,0,0,0,0,0,-0.24491481173185997,-0.24491481173185997,-0.24491481173185997,-0.24491481173185997,0.008514399135550889,0.008514399135550889,0.008514399135550889,0.008514399135550889,0.9999999995042188,0,2.1324800097108575e-12,0
1,2,736,0,0,2,0,1,2,3,1,0,0.24506276750241052,0,6.283185307179586,0.08325656894321941,15.053001472566207,-0.01,0.15,0.1,0.145,1,-0.7,0,0,0,0,0,0,0,0,0,0,0,0,-0.24491481176803656,-0.24491481176803656,-0.24491481176803656,-0.24491481176803656,0.008514399131338493,0.008514399131338493,0.008514399131338493,0.008514399131338493,1.0000000000441354,0,2.057294246323967e-12,0
1,2,737,0,0,2,0,1,2,3,1,0,0.24506276749747774,0,6.283185307179586,0.08325656894321949,15.073001474566206,-0.01,0.15,0.1,0.145,1,-0.7,0,0,0,0,0,0,0,0,0,0,0,0,-0.24491481176308075,-0.24491481176308075,-0.24491481176308075,-0.24491481176308075,0.008514399131915552,0.008514399131915552,0.008514399131915552,0.008514399131915552,0.9999999995480628,0,1.984759308079367e-12,0
1,2,738,0,0,2,0,1,2,3,1,0,0.24506276744860558,0,6.283185307179586,0.08325656894321944,15.093001476566206,-0.01,0.15,0.1,0.145,1,-0.7,0,0,0,0,0,0,0,0,0,0,0,0,-0.2449148117139803,-0.2449148117139803,-0.2449148117139803,-0.2449148117139803,0.008514399137632838,0.008514399137632838,0.008514399137632838,0.008514399137632838,0.9999999998027427,0,1.9147817880839227e-12,0
1,2,739,0,0,2,0,1,2,3,1,0,0.24506276740418398,0,6.283185307179586,0.08325656894321948,15.113001478566206,-0.01,0.15,0.1,0.145,1,-0.7,0,0,0,0,0,0,0,0,0,0,0,0,-0.2449148116693512,-0.2449148116693512,-0.2449148116693512,-0.2449148116693512,0.008514399142829419,0.008514399142829419,0.008514399142829419,0.008514399142829419,1.000000000293067,0,1.84727150284479e-12,0
1,2,740,0,0,2,0,1,2,3,1,0,0.24506276743209268,0,6.283185307179586,0.08325656894321952,15.133001480566206,-0.01,0.15,0.1,0.145,1,-0.7,0,0,0,0,0,0,0,0,0,0,0,0,-0.24491481169739027,-0.24491481169739027,-0.24491481169739027,-0.24491481169739027,0.008514399139564553,0.008514399139564553,0.008514399139564553,0.008514399139564553,1.0000000004866365,0,1.7821414492918419e-12,0
1,2,741,0,0,2,0,1,2,3,1,0,0.24506276746331948,0,6.283185307179586,0.08325656894321944,15.153001482566205,-0.01,0.15,0.1,0.145,1,-0.7,0,0,0,0,0,0,0,0,0,0,0,0,-0.24491481172876292,-0.24491481172876292,-0.24491481172876292,-0.24491481172876292,0.008514399135911538,0.008514399135911538,0.008514399135911538,0.008514399135911538,0.9999999999485603,0,1.7193076950732676e-12,0
1,2,742,0,0,2,0,1,2,3,1,0,0.2450627674607484,0,6.283185307179586,0.08325656894321949,15.173001484566205,-0.01,0.15,0.1,0.145,1,-0.7,0,0,0,0,0,0,0,0,0,0,0,0,-0.24491481172617982,-0.24491481172617982,-0.24491481172617982,-0.24491481172617982,0.008514399136212297,0.008514399136212297,0.008514399136212297,0.008514399136212297,0.9999999997977582,0,1.6586893071719712e-12,0
1,2,743,0,0,2,0,1,2,3,1,0,0.24506276742166716,0,6.283185307179586,0.08325656894321948,15.193001486566205,-0.01,0.15,0.1,0.145,1,-0.7,0,0,0,0,0,0,0,0,0,0,0,0,-0.24491481168691603,-0.24491481168691603,-0.24491481168691603,-0.24491481168691603,0.008514399140784187,0.008514399140784187,0.008514399140784187,0.008514399140784187,0.9999999999578115,0,1.6002081775341303e-12,0
1,2,744,0,0,2,0,1,2,3,1,0,0.24506276740703223,0,6.283185307179586,0.0832565689432194,15.213001488566205,-0.01,0.15,0.1,0.145,1,-0.7,0,0,0,0,0,0,0,0,0,0,0,0,-0.24491481167221274,-0.24491481167221274,-0.24491481167221274,-0.24491481167221274,0.008514399142496241,0.008514399142496241,0.008514399142496241,0.008514399142496241,1.0000000003396998,0,1.5437889473719489e-12,0
1,2,745,0,0,2,0,1,2,3,1,0,0.24506276747820624,0,6.283185307179586,0.08325656894321952,15.233001490566204,-0.01,0.15,0.1,0.145,1,-0.7,0,0,0,0,0,0,0,0,0,0,0,0,-0.2449148117437192,-0.2449148117437192,-0.2449148117437192,-0.2449148117437192,0.008514399134169993,0.008514399134169993,0.008514399134169993,0.008514399134169993,1.0000000003151897,0,1.4893589041772342e-12,0
1,2,746,0,0,2,0,1,2,3,1,0,0.2450627674552271,0,6.283185307179586,0.0832565689432194,15.253001492566204,-0.01,0.15,0.1,0.145,1,-0.7,0,0,0,0,0,0,0,0,0,0,0,0,-0.24491481172063273,-0.24491481172063273,-0.24491481172063273,-0.24491481172063273,0.008514399136858194,0.008514399136858194,0.008514399136858194,0.008514399136858194,0.9999999994784403,0,1.4368479078045219e-12,0
1,2,747,0,0,2,0,1,2,3,1,0,0.24506276742835786,0,6.283185307179586,0.08325656894321949,15.273001494566204,-0.01,0.15,0.1,0.145,1,-0.7,0,0,0,0,0,0,0,0,0,0,0,0,-0.244914811693638,-0.244914811693638,-0.244914811693638,-0.244914811693638,0.008514399140001459,0.008514399140001459,0.008514399140001459,0.008514399140001459,1.0000000001063576,0,1.3861883458155328e-12,0
1,2,748,0,0,2,0,1,2,3,1,0,0.24506276740531224,0,6.283185307179586,0.08325656894321944,15.293001496566204,-0.01,0.15,0.1,0.145,1,-0.7,0,0,0,0,0,0,0,0,0,0,0,0,-0.24491481167048473,-0.24491481167048473,-0.24491481167048473,-0.24491481167048473,0.00851439914269742,0.00851439914269742,0.00851439914269742,0.00851439914269742,1.0000000002651035,0,1.3373149003774158e-12,0
1,2,749,0,0,2,0,1,2,3,1,0,0.24506276738042107,0,6.283185307179586,0.0832565689432195,15.313001498566203,-0.01,0.15,0.1,0.145,1,-0.7,0,0,0,0,0,0,0,0,0,0,0,0,-0.2449148116454773,-0.2449148116454773,-0.2449148116454773,-0.2449148116454773,0.008514399145609326,0.008514399145609326,0.008514399145609326,0.008514399145609326,1.0000000003645226,0,1.29016460609059e-12,0
1,2,750,0,0,2,0,1,2,3,1,0,0.24506276740031463,0,6.283185307179586,0.0832565689432195,15.333001500566203,-0.01,0.15,0.1,0.145,1,-0.7,0,0,0,0,0,0,0,0,0,0,0,0,-0.24491481166546378,-0.24491481166546378,-0.24491481166546378,-0.24491481166546378,0.008514399143282107,0.008514399143282107,0.008514399143282107,0.008514399143282107,1.0000000005171543,0,1.2446767110265413e-12,0
1,2,751,0,0,2,0,1,2,3,1,0,0.24506276743095437,0,6.283185307179586,0.08325656894321957,15.353001502566203,-0.01,0.15,0.1,0.145,1,-0.7,0,0,0,0,0,0,0,0,0,0,0,0,-0.24491481169624663,-0.24491481169624663,-0.24491481169624663,-0.24491481169624663,0.008514399139697735,0.008514399139697735,0.008514399139697735,0.008514399139697735,1.0000000001539675,0,1.2007925936299373e-12,0
1,2,752,0,0,2,0,1,2,3,1,0,0.24506276747568,0,6.283185307179586,0.08325656894321948,15.373001504566203,-0.01,0.15,0.1,0.145,1,-0.7,0,0,0,0,0,0,0,0,0,0,0,0,-0.24491481174118118,-0.24491481174118118,-0.24491481174118118,-0.24491481174118118,0.008514399134465576,0.008514399134465576,0.008514399134465576,0.008514399134465576,0.9999999999556977,0,1.1584557201401532e-12,0
1,2,753,0,0,2,0,1,2,3,1,0,0.24506276738614055,0,6.283185307179586,0.08325656894321948,15.393001506566202,-0.01,0.15,0.1,0.145,1,-0.7,0,0,0,0,0,0,0,0,0,0,0,0,-0.2449148116512235,-0.2449148116512235,-0.2449148116512235,-0.2449148116512235,0.008514399144940213,0.008514399144940213,0.008514399144940213,0.008514399144940213,0.9999999996569429,0,1.1176115348385153e-12,0
1,2,754,0,0,2,0,1,2,3,1,0,0.24506276747387268,0,6.283185307179586,0.08325656894321946,15.413001508566202,-0.01,0.15,0.1,0.145,1,-0.7,0,0,0,0,0,0,0,0,0,0,0,0,-0.2449148117393654,-0.2449148117393654,-0.2449148117393654,-0.2449148117393654,0.008514399134676984,0.008514399134676984,0.008514399134676984,0.008514399134676984,1.0000000008155006,0,1.0782074357771924e-12,0
1,2,755,0,0,2,0,1,2,3,1,0,0.24506276743993413,0,6.283185307179586,0.08325656894321942,15.433001510566202,-0.01,0.15,0.1,0.145,1,-0.7,0,0,0,0,0,0,0,0,0,0,0,0,-0.24491481170526833,-0.24491481170526833,-0.24491481170526833,-0.24491481170526833,0.008514399138647221,0.008514399138647221,0.008514399138647221,0.008514399138647221,0.9999999994354347,0,1.040192582314963e-12,0
1,2,756,0,0,2,0,1,2,3,1,0,0.24506276750887043,0,6.283185307179586,0.08325656894321953,15.453001512566201,-0.01,0.15,0.1,0.145,1,-0.7,0,0,0,0,0,0,0,0,0,0,0,0,-0.24491481177452665,-0.24491481177452665,-0.24491481177452665,-0.24491481177452665,0.008514399130582826,0.008514399130582826,0.008514399130582826,0.008514399130582826,1.0000000002536424,0,1.0035180702225698e-12,0
1,2,757,0,0,2,0,1,2,3,1,0,0.2450627674564192,0,6.283185307179586,0.08325656894321952,15.473001514566201,-0.01,0.15,0.1,0.145,1,-0.7,0,0,0,0,0,0,0,0,0,0,0,0,-0.2449148117218304,-0.2449148117218304,-0.2449148117218304,-0.2449148117218304,0.00851439913671873,0.00851439913671873,0.00851439913671873,0.00851439913671873,0.9999999993460413,0,9.681365811893232e-13,0
1,2,758,0,0,2,0,1,2,3,1,0,0.24506276750621403,0,6.283185307179586,0.08325656894321942,15.493001516566201,-0.01,0.15,0.1,0.145,1,-0.7,0,0,0,0,0,0,0,0,0,0,0,0,-0.24491481177185784,-0.24491481177185784,-0.24491481177185784,-0.24491481177185784,0.008514399130893585,0.008514399130893585,0.008514399130893585,0.008514399130893585,1.00000000026807,0,9.340025795983699e-13,0
1,2,759,0,0,2,0,1,2,3,1,0,0.24506276746276917,0,6.283185307179586,0.08325656894321944,15.5130015185662,-0.01,0.15,0.1,0.145,1,-0.7,0,0,0,0,0,0,0,0,0,0,0,0,-0.24491481172821003,-0.24491481172821003,-0.24491481172821003,-0.24491481172821003,0.008514399135975898,0.008514399135975898,0.008514399135975898,0.008514399135975898,0.9999999994685886,0,9.010720309858084e-13,0
1,2,760,0,0,2,0,1,2,3,1,0,0.24506276746388833,0,6.283185307179586,0.08325656894321945,15.5330015205662,-0.01,0.15,0.1,0.145,1,-0.7,0,0,0,0,0,0,0,0,0,0,0,0,-0.24491481172933444,-0.24491481172933444,-0.24491481172933444,-0.24491481172933444,0.008514399135845003,0.008514399135845003,0.008514399135845003,0.008514399135845003,1.0000000001695781,0,8.693025500355431e-13,0
1,2,761,0,0,2,0,1,2,3,1,0,0.2450627674237401,0,6.283185307179586,0.08325656894321962,15.5530015225662,-0.01,0.15,0.1,0.145,1,-0.7,0,0,0,0,0,0,0,0,0,0,0,0,-0.24491481168899867,-0.24491481168899867,-0.24491481168899867,-0.24491481168899867,0.008514399140541681,0.008514399140541681,0.008514399140541681,0.008514399140541681,0.9999999999263878,0,8.386531667183254e-13,0
1,2,762,0,0,2,0,1,2,3,1,0,0.2450627674732713,0,6.283185307179586,0.08325656894321942,15.5730015245662,-0.01,0.15,0.1,0.145,1,-0.7,0,0,0,0,0,0,0,0,0,0,0,0,-0.2449148117387612,-0.2449148117387612,-0.2449148117387612,-0.2449148117387612,0.008514399134747332,0.008514399134747332,0.008514399134747332,0.008514399134747332,1.0000000003636629,0,8.090844106536025e-13,0
1,2,763,0,0,2,0,1,2,3,1,0,0.24506276743699026,0,6.283185307179586,0.08325656894321942,15.5930015265662,-0.01,0.15,0.1,0.145,1,-0.7,0,0,0,0,0,0,0,0,0,0,0,0,-0.24491481170231072,-0.24491481170231072,-0.24491481170231072,-0.24491481170231072,0.008514399138991612,0.008514399138991612,0.008514399138991612,0.008514399138991612,0.9999999996168825,0,7.805581588252212e-13,0
1,2,764,0,0,2,0,1,2,3,1,0,0.24506276745298664,0,6.283185307179586,0.08325656894321953,15.6130015285662,-0.01,0.15,0.1,0.145,1,-0.7,0,0,0,0,0,0,0,0,0,0,0,0,-0.2449148117183818,-0.2449148117183818,-0.2449148117183818,-0.2449148117183818,0.008514399137120314,0.008514399137120314,0.008514399137120314,0.008514399137120314,1.0000000002491305,0,7.53037686015813e-13,0
1,2,765,0,0,2,0,1,2,3,1,0,0.24506276743275693,0,6.283185307179586,0.08325656894321944,15.6330015305662,-0.01,0.15,0.1,0.145,1,-0.7,0,0,0,0,0,0,0,0,0,0,0,0,-0.24491481169805762,-0.24491481169805762,-0.24491481169805762,-0.24491481169805762,0.008514399139486852,0.008514399139486852,0.008514399139486852,0.008514399139486852,0.9999999999048192,0,7.264875029339917e-13,0
1,2,766,0,0,2,0,1,2,3,1,0,0.24506276745617878,0,6.283185307179586,0.08325656894321949,15.653001532566199,-0.01,0.15,0.1,0.145,1,-0.7,0,0,0,0,0,0,0,0,0,0,0,0,-0.24491481172158885,-0.24491481172158885,-0.24491481172158885,-0.24491481172158885,0.008514399136746896,0.008514399136746896,0.008514399136746896,0.008514399136746896,1.0000000002049276,0,7.008734185819602e-13,0
1,2,767,0,0,2,0,1,2,3,1,0,0.2450627674401334,0,6.283185307179586,0.08325656894321942,15.673001534566199,-0.01,0.15,0.1,0.145,1,-0.7,0,0,0,0,0,0,0,0,0,0,0,0,-0.24491481170546853,-0.24491481170546853,-0.24491481170546853,-0.24491481170546853,0.008514399138623951,0.008514399138623951,0.008514399138623951,0.008514399138623951,0.99999999985301,0,6.761624142071348e-13,0
1,2,768,0,0,2,0,1,2,3,1,0,0.245062767478792,0,6.283185307179586,0.08325656894321959,15.693001536566198,-0.01,0.15,0.1,0.145,1,-0.7,0,0,0,0,0,0,0,0,0,0,0,0,-0.2449148117443077,-0.2449148117443077,-0.2449148117443077,-0.2449148117443077,0.008514399134101517,0.008514399134101517,0.008514399134101517,0.008514399134101517,1.0000000001416858,0,6.523226632583e-13,0
1,2,769,0,0,2,0,1,2,3,1,0,0.24506276743135177,0,6.283185307179586,0.08325656894321949,15.713001538566198,-0.01,0.15,0.1,0.145,1,-0.7,0,0,0,0,0,0,0,0,0,0,0,0,-0.2449148116966459,-0.2449148116966459,-0.2449148116966459,-0.2449148116966459,0.008514399139651256,0.008514399139651256,0.008514399139651256,0.008514399139651256,0.9999999996609858,0,6.293234329724063e-13,0
1,2,770,0,0,2,0,1,2,3,1,0,0.24506276740360133,0,6.283185307179586,0.08325656894321956,15.733001540566198,-0.01,0.15,0.1,0.145,1,-0.7,0,0,0,0,0,0,0,0,0,0,0,0,-0.24491481166876583,-0.24491481166876583,-0.24491481166876583,-0.24491481166876583,0.008514399142897578,0.008514399142897578,0.008514399142897578,0.008514399142897578,1.0000000003517364,0,6.071351081881542e-13,0
1,2,771,0,0,2,0,1,2,3,1,0,0.2450627674538502,0,6.283185307179586,0.08325656894321937,15.753001542566198,-0.01,0.15,0.1,0.145,1,-0.7,0,0,0,0,0,0,0,0,0,0,0,0,-0.2449148117192494,-0.2449148117192494,-0.2449148117192494,-0.2449148117192494,0.008514399137019272,0.008514399137019272,0.008514399137019272,0.008514399137019272,1.0000000003950724,0,5.85729080554473e-13,0
1,2,772,0,0,2,0,1,2,3,1,0,0.24506276746582936,0,6.283185307179586,0.08325656894321945,15.773001544566197,-0.01,0.15,0.1,0.145,1,-0.7,0,0,0,0,0,0,0,0,0,0,0,0,-0.24491481173128454,-0.24491481173128454,-0.24491481173128454,-0.24491481173128454,0.008514399135617927,0.008514399135617927,0.008514399135617927,0.008514399135617927,0.9999999997436433,0,5.650777681773262e-13,0
1,2,773,0,0,2,0,1,2,3,1,0,0.24506276743295738,0,6.283185307179586,0.08325656894321953,15.793001546566197,-0.01,0.15,0.1,0.145,1,-0.7,0,0,0,0,0,0,0,0,0,0,0,0,-0.244914811698259,-0.244914811698259,-0.244914811698259,-0.244914811698259,0.008514399139463405,0.008514399139463405,0.008514399139463405,0.008514399139463405,0.9999999998777227,0,5.451545753690883e-13,0
1,2,774,0,0,2,0,1,2,3,1,0,0.2450627674861804,0,6.283185307179586,0.08325656894321946,15.813001548566197,-0.01,0.15,0.1,0.145,1,-0.7,0,0,0,0,0,0,0,0,0,0,0,0,-0.2449148117517306,-0.2449148117517306,-0.2449148117517306,-0.2449148117517306,0.008514399133237191,0.008514399133237191,0.008514399133237191,0.008514399133237191,1.000000000265775,0,5.259338254972901e-13,0
1,2,775,0,0,2,0,1,2,3,1,0,0.2450627674060505,0,6.283185307179586,0.0832565689432195,15.833001550566197,-0.01,0.15,0.1,0.145,1,-0.7,0,0,0,0,0,0,0,0,0,0,0,0,-0.24491481167122645,-0.24491481167122645,-0.24491481167122645,-0.24491481167122645,0.008514399142611111,0.008514399142611111,0.008514399142611111,0.008514399142611111,0.9999999995637587,0,5.073907407266547e-13,0
1,2,776,0,0,2,0,1,2,3,1,0,0.24506276749333364,0,6.283185307179586,0.08325656894321946,15.853001552566196,-0.01,0.15,0.1,0.145,1,-0.7,0,0,0,0,0,0,0,0,0,0,0,0,-0.24491481175891727,-0.24491481175891727,-0.24491481175891727,-0.24491481175891727,0.008514399132400352,0.008514399132400352,0.008514399132400352,0.008514399132400352,1.0000000006470806,0,4.89501452205902e-13,0
1,2,777,0,0,2,0,1,2,3,1,0,0.24506276740601868,0,6.283185307179586,0.08325656894321948,15.873001554566196,-0.01,0.15,0.1,0.145,1,-0.7,0,0,0,0,0,0,0,0,0,0,0,0,-0.24491481167119447,-0.24491481167119447,-0.24491481167119447,-0.24491481167119447,0.008514399142614827,0.008514399142614827,0.008514399142614827,0.008514399142614827,0.9999999993365769,0,4.722428753751394e-13,0
1,2,778,0,0,2,0,1,2,3,1,0,0.24506276745919744,0,6.283185307179586,0.08325656894321953,15.893001556566196,-0.01,0.15,0.1,0.145,1,-0.7,0,0,0,0,0,0,0,0,0,0,0,0,-0.24491481172462162,-0.24491481172462162,-0.24491481172462162,-0.24491481172462162,0.008514399136393746,0.008514399136393746,0.008514399136393746,0.008514399136393746,1.0000000007113883,0,4.555928117701545e-13,0
1,2,779,0,0,2,0,1,2,3,1,0,0.24506276741488525,0,6.283185307179586,0.08325656894321942,15.913001558566195,-0.01,0.15,0.1,0.145,1,-0.7,0,0,0,0,0,0,0,0,0,0,0,0,-0.24491481168010246,-0.24491481168010246,-0.24491481168010246,-0.24491481168010246,0.008514399141577532,0.008514399141577532,0.008514399141577532,0.008514399141577532,0.9999999996943316,0,4.3952976963418515e-13,0
1,2,780,0,0,2,0,1,2,3,1,0,0.24506276744857208,0,6.283185307179586,0.08325656894321955,15.933001560566195,-0.01,0.15,0.1,0.145,1,-0.7,0,0,0,0,0,0,0,0,0,0,0,0,-0.24491481171394663,-0.24491481171394663,-0.24491481171394663,-0.24491481171394663,0.008514399137636755,0.008514399137636755,0.008514399137636755,0.008514399137636755,1.0000000004312213,0,4.240330813690679e-13,0
1,2,781,0,0,2,0,1,2,3,1,0,0.2450627674488022,0,6.283185307179586,0.0832565689432195,15.953001562566195,-0.01,0.15,0.1,0.145,1,-0.7,0,0,0,0,0,0,0,0,0,0,0,0,-0.2449148117141778,-0.2449148117141778,-0.2449148117141778,-0.2449148117141778,0.008514399137609794,0.008514399137609794,0.008514399137609794,0.008514399137609794,0.9999999998553228,0,4.0908275774368e-13,0
1,2,782,0,0,2,0,1,2,3,1,0,0.24506276740685365,0,6.283185307179586,0.08325656894321934,15.973001564566195,-0.01,0.15,0.1,0.145,1,-0.7,0,0,0,0,0,0,0,0,0,0,0,0,-0.24491481167203333,-0.24491481167203333,-0.24491481167203333,-0.24491481167203333,0.008514399142517119,0.008514399142517119,0.008514399142517119,0.008514399142517119,1.0000000000087397,0,3.946595491478203e-13,0
1,2,783,0,0,2,0,1,2,3,1,0,0.2450627674261245,0,6.283185307179586,0.0832565689432195,15.993001566566194,-0.01,0.15,0.1,0.145,1,-0.7,0,0,0,0,0,0,0,0,0,0,0,0,-0.2449148116913942,-0.2449148116913942,-0.2449148116913942,-0.2449148116913942,0.008514399140262724,0.008514399140262724,0.008514399140262724,0.008514399140262724,1.0000000004496918,0,3.80744867527281e-13,0
1,2,784,0,0,2,0,1,2,3,1,0,0.24506276745255814,0,6.283185307179586,0.08325656894321941,16.013001568566196,-0.01,0.15,0.1,0.145,1,-0.7,0,0,0,0,0,0,0,0,0,0,0,0,-0.2449148117179513,-0.2449148117179513,-0.2449148117179513,-0.2449148117179513,0.00851439913717046,0.00851439913717046,0.00851439913717046,0.00851439913717046,1.000000000033193,0,3.6732077673904665e-13,0
1,2,785,0,0,2,0,1,2,3,1,0,0.2450627674879788,0,6.283185307179586,0.08325656894321949,16.0330015705662,-0.01,0.15,0.1,0.145,1,-0.7,0,0,0,0,0,0,0,0,0,0,0,0,-0.24491481175353744,-0.24491481175353744,-0.24491481175353744,-0.24491481175353744,0.008514399133026799,0.008514399133026799,0.008514399133026799,0.008514399133026799,0.9999999998636007,0,3.543699864672168e-13,0
1,2,786,0,0,2,0,1,2,3,1,0,0.2450627674483546,0,6.283185307179586,0.08325656894321955,16.053001572566195,-0.01,0.15,0.1,0.145,1,-0.7,0,0,0,0,0,0,0,0,0,0,0,0,-0.24491481171372811,-0.24491481171372811,-0.24491481171372811,-0.24491481171372811,0.008514399137662184,0.008514399137662184,0.008514399137662184,0.008514399137662184,0.9999999996238493,0,3.4187580759278904e-13,0
1,2,787,0,0,2,0,1,2,3,1,0,0.2450627674125539,0,6.283185307179586,0.08325656894321945,16.073001574566195,-0.01,0.15,0.1,0.145,1,-0.7,0,0,0,0,0,0,0,0,0,0,0,0,-0.24491481167776022,-0.24491481167776022,-0.24491481167776022,-0.24491481167776022,0.008514399141850273,0.008514399141850273,0.008514399141850273,0.008514399141850273,1.0000000002198774,0,3.298221459276944e-13,0
1,2,788,0,0,2,0,1,2,3,1,0,0.2450627674547541,0,6.283185307179586,0.08325656894321934,16.093001576566195,-0.01,0.15,0.1,0.145,1,-0.7,0,0,0,0,0,0,0,0,0,0,0,0,-0.24491481172015753,-0.24491481172015753,-0.24491481172015753,-0.24491481172015753,0.008514399136913561,0.008514399136913561,0.008514399136913561,0.008514399136913561,1.0000000004025793,0,3.181934631485855e-13,0
1,2,789,0,0,2,0,1,2,3,1,0,0.24506276746916728,0,6.283185307179586,0.0832565689432196,16.113001578566195,-0.01,0.15,0.1,0.145,1,-0.7,0,0,0,0,0,0,0,0,0,0,0,0,-0.24491481173463803,-0.24491481173463803,-0.24491481173463803,-0.24491481173463803,0.008514399135227457,0.008514399135227457,0.008514399135227457,0.008514399135227457,0.9999999997780833,0,3.069747739357447e-13,0
1,2,790,0,0,2,0,1,2,3,1,0,0.24506276744411318,0,6.283185307179586,0.08325656894321948,16.133001580566194,-0.01,0.15,0.1,0.145,1,-0.7,0,0,0,0,0,0,0,0,0,0,0,0,-0.2449148117094669,-0.2449148117094669,-0.2449148117094669,-0.2449148117094669,0.008514399138158388,0.008514399138158388,0.008514399138158388,0.008514399138158388,0.9999999998234372,0,2.9615163041806117e-13,0
1,2,791,0,0,2,0,1,2,3,1,0,0.24506276747376263,0,6.283185307179586,0.08325656894321952,16.153001582566194,-0.01,0.15,0.1,0.145,1,-0.7,0,0,0,0,0,0,0,0,0,0,0,0,-0.24491481173925483,-0.24491481173925483,-0.24491481173925483,-0.24491481173925483,0.008514399134689822,0.008514399134689822,0.008514399134689822,0.008514399134689822,1.0000000001629097,0,2.857100844322359e-13,0
1,2,792,0,0,2,0,1,2,3,1,0,0.2450627674759099,0,6.283185307179586,0.08325656894321945,16.173001584566194,-0.01,0.15,0.1,0.145,1,-0.7,0,0,0,0,0,0,0,0,0,0,0,0,-0.24491481174141216,-0.24491481174141216,-0.24491481174141216,-0.24491481174141216,0.008514399134438681,0.008514399134438681,0.008514399134438681,0.008514399134438681,0.9999999997316564,0,2.756366770560298e-13,0
1,2,793,0,0,2,0,1,2,3,1,0,0.2450627674332072,0,6.283185307179586,0.08325656894321953,16.193001586566194,-0.01,0.15,0.1,0.145,1,-0.7,0,0,0,0,0,0,0,0,0,0,0,0,-0.24491481169850998,-0.24491481169850998,-0.24491481169850998,-0.24491481169850998,0.008514399139434175,0.008514399139434175,0.008514399139434175,0.008514399139434175,0.9999999998955964,0,2.65918434758688e-13,0
1,2,794,0,0,2,0,1,2,3,1,0,0.24506276744249705,0,6.283185307179586,0.08325656894321945,16.213001588566193,-0.01,0.15,0.1,0.145,1,-0.7,0,0,0,0,0,0,0,0,0,0,0,0,-0.24491481170784324,-0.24491481170784324,-0.24491481170784324,-0.24491481170784324,0.0085143991383474,0.0085143991383474,0.0085143991383474,0.0085143991383474,1.0000000003259295,0,2.565428341343229e-13,0
1,2,795,0,0,2,0,1,2,3,1,0,0.24506276741464994,0,6.283185307179586,0.0832565689432194,16.233001590566193,-0.01,0.15,0.1,0.145,1,-0.7,0,0,0,0,0,0,0,0,0,0,0,0,-0.24491481167986603,-0.24491481167986603,-0.24491481167986603,-0.24491481167986603,0.008514399141605086,0.008514399141605086,0.008514399141605086,0.008514399141605086,1.0000000000185203,0,2.4749778994114e-13,0
1,2,796,0,0,2,0,1,2,3,1,0,0.2450627673903411,0,6.283185307179586,0.08325656894321957,16.253001592566193,-0.01,0.15,0.1,0.145,1,-0.7,0,0,0,0,0,0,0,0,0,0,0,0,-0.24491481165544365,-0.24491481165544365,-0.24491481165544365,-0.24491481165544365,0.008514399144448816,0.008514399144448816,0.008514399144448816,0.008514399144448816,1.000000000328189,0,2.3877165345481943e-13,0
1,2,797,0,0,2,0,1,2,3,1,0,0.24506276743326355,0,6.283185307179586,0.08325656894321945,16.273001594566193,-0.01,0.15,0.1,0.145,1,-0.7,0,0,0,0,0,0,0,0,0,0,0,0,-0.2449148116985666,-0.2449148116985666,-0.2449148116985666,-0.2449148116985666,0.008514399139427592,0.008514399139427592,0.008514399139427592,0.008514399139427592,1.000000000450079,0,2.3035317725333333e-13,0
1,2,798,0,0,2,0,1,2,3,1,0,0.24506276744210267,0,6.283185307179586,0.08325656894321945,16.293001596566192,-0.01,0.15,0.1,0.145,1,-0.7,0,0,0,0,0,0,0,0,0,0,0,0,-0.244914811707447,-0.244914811707447,-0.244914811707447,-0.244914811707447,0.00851439913839353,0.00851439913839353,0.00851439913839353,0.00851439913839353,0.999999999859579,0,2.222315124461164e-13,0
1,2,799,0,0,2,0,1,2,3,1,0,0.2450627674138054,0,6.283185307179586,0.08325656894321949,16.313001598566192,-0.01,0.15,0.1,0.145,1,-0.7,0,0,0,0,0,0,0,0,0,0,0,0,-0.24491481167901755,-0.24491481167901755,-0.24491481167901755,-0.24491481167901755,0.00851439914170388,0.00851439914170388,0.00851439914170388,0.00851439914170388,1.0000000000164313,0,2.143961992845757e-13,0
1,2,800,0,0,2,0,1,2,3,1,0,0.24506276742824795,0,6.283185307179586,0.08325656894321945,16.33300160056619,-0.01,0.15,0.1,0.145,1,-0.7,0,0,0,0,0,0,0,0,0,0,0,0,-0.24491481169352755,-0.24491481169352755,-0.24491481169352755,-0.24491481169352755,0.008514399140014355,0.008514399140014355,0.008514399140014355,0.008514399140014355,1.0000000003430713,0,2.0683713988853177e-13,0
1,2,801,0,0,2,0,1,2,3,1,0,0.2450627675090756,0,6.283185307179586,0.08325656894321955,16.35300160256619,-0.01,0.15,0.1,0.145,1,-0.7,0,0,0,0,0,0,0,0,0,0,0,0,-0.24491481177473276,-0.24491481177473276,-0.24491481177473276,-0.24491481177473276,0.008514399130558807,0.008514399130558807,0.008514399130558807,0.008514399130558807,1.0000000000465512,0,1.9954459141109366e-13,0
1,2,802,0,0,2,0,1,2,3,1,0,0.24506276745478983,0,6.283185307179586,0.08325656894321953,16.37300160456619,-0.01,0.15,0.1,0.145,1,-0.7,0,0,0,0,0,0,0,0,0,0,0,0,-0.24491481172019344,-0.24491481172019344,-0.24491481172019344,-0.24491481172019344,0.008514399136909346,0.008514399136909346,0.008514399136909346,0.008514399136909346,0.9999999992943316,0,1.925091580401104e-13,0
1,2,803,0,0,2,0,1,2,3,1,0,0.245062767458792,0,6.283185307179586,0.08325656894321935,16.39300160656619,-0.01,0.15,0.1,0.145,1,-0.7,0,0,0,0,0,0,0,0,0,0,0,0,-0.24491481172421428,-0.24491481172421428,-0.24491481172421428,-0.24491481172421428,0.008514399136441163,0.008514399136441163,0.008514399136441163,0.008514399136441163,1.0000000002839293,0,1.8572178149713334e-13,0
1,2,804,0,0,2,0,1,2,3,1,0,0.24506276741703217,0,6.283185307179586,0.08325656894321949,16.41300160856619,-0.01,0.15,0.1,0.145,1,-0.7,0,0,0,0,0,0,0,0,0,0,0,0,-0.2449148116822594,-0.2449148116822594,-0.2449148116822594,-0.2449148116822594,0.008514399141326375,0.008514399141326375,0.008514399141326375,0.008514399141326375,0.9999999999381295,0,1.7917370646651718e-13,0
1,2,805,0,0,2,0,1,2,3,1,0,0.24506276748708863,0,6.283185307179586,0.08325656894321944,16.43300161056619,-0.01,0.15,0.1,0.145,1,-0.7,0,0,0,0,0,0,0,0,0,0,0,0,-0.2449148117526431,-0.2449148117526431,-0.2449148117526431,-0.2449148117526431,0.00851439913313095,0.00851439913313095,0.00851439913313095,0.00851439913313095,1.0000000003939995,0,1.7285650205014757e-13,0
1,2,806,0,0,2,0,1,2,3,1,0,0.24506276742470334,0,6.283185307179586,0.08325656894321953,16.45300161256619,-0.01,0.15,0.1,0.145,1,-0.7,0,0,0,0,0,0,0,0,0,0,0,0,-0.2449148116899664,-0.2449148116899664,-0.2449148116899664,-0.2449148116899664,0.008514399140429018,0.008514399140429018,0.008514399140429018,0.008514399140429018,0.9999999994801207,0,1.66762022133462e-13,0
1,2,807,0,0,2,0,1,2,3,1,0,0.24506276748310382,0,6.283185307179586,0.08325656894321955,16.47300161456619,-0.01,0.15,0.1,0.145,1,-0.7,0,0,0,0,0,0,0,0,0,0,0,0,-0.24491481174863966,-0.24491481174863966,-0.24491481174863966,-0.24491481174863966,0.008514399133597063,0.008514399133597063,0.008514399133597063,0.008514399133597063,1.0000000004744898,0,1.6088242330539693e-13,0
1,2,808,0,0,2,0,1,2,3,1,0,0.2450627675011902,0,6.283185307179586,0.08325656894321949,16.49300161656619,-0.01,0.15,0.1,0.145,1,-0.7,0,0,0,0,0,0,0,0,0,0,0,0,-0.24491481176681051,-0.24491481176681051,-0.24491481176681051,-0.24491481176681051,0.008514399131481264,0.008514399131481264,0.008514399131481264,0.008514399131481264,0.999999999538673,0,1.5521011893635744e-13,0
1,2,809,0,0,2,0,1,2,3,1,0,0.24506276748667638,0,6.283185307179586,0.08325656894321945,16.51300161856619,-0.01,0.15,0.1,0.145,1,-0.7,0,0,0,0,0,0,0,0,0,0,0,0,-0.2449148117522289,-0.2449148117522289,-0.2449148117522289,-0.2449148117522289,0.00851439913317917,0.00851439913317917,0.00851439913317917,0.00851439913317917,0.9999999996450804,0,1.4973780818141402e-13,0
1,2,810,0,0,2,0,1,2,3,1,0,0.2450627674751389,0,6.283185307179586,0.0832565689432195,16.53300162056619,-0.01,0.15,0.1,0.145,1,-0.7,0,0,0,0,0,0,0,0,0,0,0,0,-0.24491481174063753,-0.24491481174063753,-0.24491481174063753,-0.24491481174063753,0.008514399134528875,0.008514399134528875,0.008514399134528875,0.008514399134528875,0.9999999999061693,0,1.4445843738444728e-13,0
1,2,811,0,0,2,0,1,2,3,1,0,0.2450627674270909,0,6.283185307179586,0.08325656894321946,16.55300162256619,-0.01,0.15,0.1,0.145,1,-0.7,0,0,0,0,0,0,0,0,0,0,0,0,-0.24491481169236512,-0.24491481169236512,-0.24491481169236512,-0.24491481169236512,0.008514399140149679,0.008514399140149679,0.008514399140149679,0.008514399140149679,0.9999999999587423,0,1.3936520318257253e-13,0
1,2,812,0,0,2,0,1,2,3,1,0,0.24506276745766759,0,6.283185307179586,0.08325656894321942,16.57300162456619,-0.01,0.15,0.1,0.145,1,-0.7,0,0,0,0,0,0,0,0,0,0,0,0,-0.2449148117230846,-0.2449148117230846,-0.2449148117230846,-0.2449148117230846,0.008514399136572691,0.008514399136572691,0.008514399136572691,0.008514399136572691,1.0000000003901661,0,1.3445154425701022e-13,0
1,2,813,0,0,2,0,1,2,3,1,0,0.24506276740986044,0,6.283185307179586,0.0832565689432195,16.59300162656619,-0.01,0.15,0.1,0.145,1,-0.7,0,0,0,0,0,0,0,0,0,0,0,0,-0.24491481167505416,-0.24491481167505416,-0.24491481167505416,-0.24491481167505416,0.008514399142165377,0.008514399142165377,0.008514399142165377,0.008514399142165377,0.9999999998301945,0,1.2971112612459246e-13,0
1,2,814,0,0,2,0,1,2,3,1,0,0.24506276746129993,0,6.283185307179586,0.08325656894321948,16.613001628566188,-0.01,0.15,0.1,0.145,1,-0.7,0,0,0,0,0,0,0,0,0,0,0,0,-0.24491481172673393,-0.24491481172673393,-0.24491481172673393,-0.24491481172673393,0.00851439913614777,0.00851439913614777,0.00851439913614777,0.00851439913614777,1.0000000004842562,0,1.2513784560781623e-13,0
1,2,815,0,0,2,0,1,2,3,1,0,0.24506276747122782,0,6.283185307179586,0.08325656894321948,16.633001630566188,-0.01,0.15,0.1,0.145,1,-0.7,0,0,0,0,0,0,0,0,0,0,0,0,-0.24491481173670818,-0.24491481173670818,-0.24491481173670818,-0.24491481173670818,0.008514399134986382,0.008514399134986382,0.008514399134986382,0.008514399134986382,0.9999999996828386,0,1.207258042669588e-13,0
1,2,816,0,0,2,0,1,2,3,1,0,0.24506276749014297,0,6.283185307179586,0.0832565689432195,16.653001632566188,-0.01,0.15,0.1,0.145,1,-0.7,0,0,0,0,0,0,0,0,0,0,0,0,-0.2449148117557117,-0.2449148117557117,-0.2449148117557117,-0.2449148117557117,0.008514399132773588,0.008514399132773588,0.008514399132773588,0.008514399132773588,0.9999999998420286,0,1.1646932211115297e-13,0
1,2,817,0,0,2,0,1,2,3,1,0,0.2450627674229609,0,6.283185307179586,0.08325656894321941,16.673001634566187,-0.01,0.15,0.1,0.145,1,-0.7,0,0,0,0,0,0,0,0,0,0,0,0,-0.24491481168821583,-0.24491481168821583,-0.24491481168821583,-0.24491481168821583,0.008514399140632838,0.008514399140632838,0.008514399140632838,0.008514399140632838,0.9999999996985593,0,1.1236291201115367e-13,0
1,2,818,0,0,2,0,1,2,3,1,0,0.24506276748131992,0,6.283185307179586,0.08325656894321948,16.693001636566187,-0.01,0.15,0.1,0.145,1,-0.7,0,0,0,0,0,0,0,0,0,0,0,0,-0.24491481174684746,-0.24491481174684746,-0.24491481174684746,-0.24491481174684746,0.008514399133805766,0.008514399133805766,0.008514399133805766,0.008514399133805766,1.0000000005035226,0,1.0840128514017562e-13,0
1,2,819,0,0,2,0,1,2,3,1,0,0.24506276740094116,0,6.283185307179586,0.08325656894321957,16.713001638566187,-0.01,0.15,0.1,0.145,1,-0.7,0,0,0,0,0,0,0,0,0,0,0,0,-0.24491481166609322,-0.24491481166609322,-0.24491481166609322,-0.24491481166609322,0.00851439914320881,0.00851439914320881,0.00851439914320881,0.00851439914320881,0.9999999995744133,0,1.0457933193121127e-13,0
1,2,820,0,0,2,0,1,2,3,1,0,0.2450627674287537,0,6.283185307179586,0.08325656894321952,16.733001640566187,-0.01,0.15,0.1,0.145,1,-0.7,0,0,0,0,0,0,0,0,0,0,0,0,-0.24491481169403567,-0.24491481169403567,-0.24491481169403567,-0.24491481169403567,0.00851439913995517,0.00851439913995517,0.00851439913995517,0.00851439913995517,1.0000000006794991,0,1.0089213463579703e-13,0
1,2,821,0,0,2,0,1,2,3,1,0,0.24506276743082364,0,6.283185307179586,0.08325656894321944,16.753001642566186,-0.01,0.15,0.1,0.145,1,-0.7,0,0,0,0,0,0,0,0,0,0,0,0,-0.2449148116961153,-0.2449148116961153,-0.2449148116961153,-0.2449148116961153,0.008514399139713014,0.008514399139713014,0.008514399139713014,0.008514399139713014,0.9999999999874127,0,9.733493535520964e-14,0
1,2,822,0,0,2,0,1,2,3,1,0,0.24506276739547136,0,6.283185307179586,0.0832565689432195,16.773001644566186,-0.01,0.15,0.1,0.145,1,-0.7,0,0,0,0,0,0,0,0,0,0,0,0,-0.24491481166059786,-0.24491481166059786,-0.24491481166059786,-0.24491481166059786,0.008514399143848685,0.008514399143848685,0.008514399143848685,0.008514399143848685,1.000000000108379,0,9.390315516822589e-14,0
1,2,823,0,0,2,0,1,2,3,1,0,0.245062767481793,0,6.283185307179586,0.08325656894321944,16.793001646566186,-0.01,0.15,0.1,0.145,1,-0.7,0,0,0,0,0,0,0,0,0,0,0,0,-0.2449148117473227,-0.2449148117473227,-0.2449148117473227,-0.2449148117473227,0.008514399133750454,0.008514399133750454,0.008514399133750454,0.008514399133750454,1.0000000004786322,0,9.05923711427158e-14,0
1,2,824,0,0,2,0,1,2,3,1,0,0.2450627673979819,0,6.283185307179586,0.08325656894321946,16.813001648566186,-0.01,0.15,0.1,0.145,1,-0.7,0,0,0,0,0,0,0,0,0,0,0,0,-0.24491481166312015,-0.24491481166312015,-0.24491481166312015,-0.24491481166312015,0.008514399143554946,0.008514399143554946,0.008514399143554946,0.008514399143554946,0.9999999993740651,0,8.739831468950042e-14,0
1,2,825,0,0,2,0,1,2,3,1,0,0.24506276740406996,0,6.283185307179586,0.08325656894321944,16.833001650566185,-0.01,0.15,0.1,0.145,1,-0.7,0,0,0,0,0,0,0,0,0,0,0,0,-0.24491481166923665,-0.24491481166923665,-0.24491481166923665,-0.24491481166923665,0.008514399142842797,0.008514399142842797,0.008514399142842797,0.008514399142842797,1.0000000007073702,0,8.431687598154904e-14,0
1,2,826,0,0,2,0,1,2,3,1,0,0.24506276745380962,0,6.283185307179586,0.08325656894321959,16.853001652566185,-0.01,0.15,0.1,0.145,1,-0.7,0,0,0,0,0,0,0,0,0,0,0,0,-0.24491481171920862,-0.24491481171920862,-0.24491481171920862,-0.24491481171920862,0.008514399137024058,0.008514399137024058,0.008514399137024058,0.008514399137024058,1.0000000002260592,0,8.13440783188209e-14,0
1,2,827,0,0,2,0,1,2,3,1,0,0.24506276741144187,0,6.283185307179586,0.08325656894321949,16.873001654566185,-0.01,0.15,0.1,0.145,1,-0.7,0,0,0,0,0,0,0,0,0,0,0,0,-0.24491481167664297,-0.24491481167664297,-0.24491481167664297,-0.24491481167664297,0.008514399141980359,0.008514399141980359,0.008514399141980359,0.008514399141980359,0.9999999997431104,0,7.847609392512459e-14,0
1,2,828,0,0,2,0,1,2,3,1,0,0.24506276748089276,0,6.283185307179586,0.08325656894321937,16.893001656566184,-0.01,0.15,0.1,0.145,1,-0.7,0,0,0,0,0,0,0,0,0,0,0,0,-0.24491481174641827,-0.24491481174641827,-0.24491481174641827,-0.24491481174641827,0.00851439913385576,0.00851439913385576,0.00851439913385576,0.00851439913385576,1.000000000440263,0,7.57092288658994e-14,0
1,2,829,0,0,2,0,1,2,3,1,0,0.24506276751065653,0,6.283185307179586,0.08325656894321955,16.913001658566184,-0.01,0.15,0.1,0.145,1,-0.7,0,0,0,0,0,0,0,0,0,0,0,0,-0.24491481177632107,-0.24491481177632107,-0.24491481177632107,-0.24491481177632107,0.008514399130373855,0.008514399130373855,0.008514399130373855,0.008514399130373855,0.9999999995058602,0,7.303991429547014e-14,0
1,2,830,0,0,2,0,1,2,3,1,0,0.24506276746628677,0,6.283185307179586,0.08325656894321944,16.933001660566184,-0.01,0.15,0.1,0.145,1,-0.7,0,0,0,0,0,0,0,0,0,0,0,0,-0.24491481173174406,-0.24491481173174406,-0.24491481173174406,-0.24491481173174406,0.008514399135564435,0.008514399135564435,0.008514399135564435,0.008514399135564435,0.9999999995484501,0,7.046471415671317e-14,0
1,2,831,0,0,2,0,1,2,3,1,0,0.24506276741201619,0,6.283185307179586,0.08325656894321949,16.953001662566184,-0.01,0.15,0.1,0.145,1,-0.7,0,0,0,0,0,0,0,0,0,0,0,0,-0.24491481167721998,-0.24491481167721998,-0.24491481167721998,-0.24491481167721998,0.008514399141913206,0.008514399141913206,0.008514399141913206,0.008514399141913206,1.0000000001551044,0,6.798030963064422e-14,0
1,2,832,0,0,2,0,1,2,3,1,0,0.2450627674348324,0,6.283185307179586,0.08325656894321948,16.973001664566183,-0.01,0.15,0.1,0.145,1,-0.7,0,0,0,0,0,0,0,0,0,0,0,0,-0.2449148117001428,-0.2449148117001428,-0.2449148117001428,-0.2449148117001428,0.008514399139244046,0.008514399139244046,0.008514399139244046,0.008514399139244046,1.0000000005031708,0,6.55834984991948e-14,0
1,2,833,0,0,2,0,1,2,3,1,0,0.24506276742113872,0,6.283185307179586,0.08325656894321942,16.993001666566183,-0.01,0.15,0.1,0.145,1,-0.7,0,0,0,0,0,0,0,0,0,0,0,0,-0.24491481168638513,-0.24491481168638513,-0.24491481168638513,-0.24491481168638513,0.008514399140846,0.008514399140846,0.008514399140846,0.008514399140846,0.999999999968832,0,6.32711918472425e-14,0
1,2,834,0,0,2,0,1,2,3,1,0,0.2450627674058848,0,6.283185307179586,0.0832565689432195,17.013001668566183,-0.01,0.15,0.1,0.145,1,-0.7,0,0,0,0,0,0,0,0,0,0,0,0,-0.24491481167105997,-0.24491481167105997,-0.24491481167105997,-0.24491481167105997,0.008514399142630465,0.008514399142630465,0.008514399142630465,0.008514399142630465,1.0000000002326317,0,6.104041204224103e-14,0
1,2,835,0,0,2,0,1,2,3,1,0,0.2450627674426239,0,6.283185307179586,0.0832565689432195,17.033001670566183,-0.01,0.15,0.1,0.145,1,-0.7,0,0,0,0,0,0,0,0,0,0,0,0,-0.24491481170797066,-0.24491481170797066,-0.24491481170797066,-0.24491481170797066,0.008514399138332586,0.008514399138332586,0.008514399138332586,0.008514399138332586,1.0000000002999485,0,5.888828362807076e-14,0
1,2,836,0,0,2,0,1,2,3,1,0,0.24506276743451186,0,6.283185307179586,0.08325656894321946,17.053001672566182,-0.01,0.15,0.1,0.145,1,-0.7,0,0,0,0,0,0,0,0,0,0,0,0,-0.24491481169982074,-0.24491481169982074,-0.24491481169982074,-0.24491481169982074,0.008514399139281542,0.008514399139281542,0.008514399139281542,0.008514399139281542,0.999999999860897,0,5.681203320651322e-14,0
1,2,837,0,0,2,0,1,2,3,1,0,0.24506276753018458,0,6.283185307179586,0.0832565689432194,17.073001674566182,-0.01,0.15,0.1,0.145,1,-0.7,0,0,0,0,0,0,0,0,0,0,0,0,-0.24491481179594032,-0.24491481179594032,-0.24491481179594032,-0.24491481179594032,0.008514399128089406,0.008514399128089406,0.008514399128089406,0.008514399128089406,1.0000000001447802,0,5.48089867667312e-14,0
1,2,838,0,0,2,0,1,2,3,1,0,0.24506276745488437,0,6.283185307179586,0.08325656894321946,17.093001676566182,-0.01,0.15,0.1,0.145,1,-0.7,0,0,0,0,0,0,0,0,0,0,0,0,-0.2449148117202884,-0.2449148117202884,-0.2449148117202884,-0.2449148117202884,0.008514399136898304,0.008514399136898304,0.008514399136898304,0.008514399136898304,0.9999999990988258,0,5.2876561401972845e-14,0
1,2,839,0,0,2,0,1,2,3,1,0,0.24506276742527996,0,6.283185307179586,0.08325656894321953,17.11300167856618,-0.01,0.15,0.1,0.145,1,-0.7,0,0,0,0,0,0,0,0,0,0,0,0,-0.24491481169054571,-0.24491481169054571,-0.24491481169054571,-0.24491481169054571,0.008514399140361555,0.008514399140361555,0.008514399140361555,0.008514399140361555,1.0000000003698197,0,5.10122704827829e-14,0
1,2,840,0,0,2,0,1,2,3,1,0,0.2450627674476677,0,6.283185307179586,0.08325656894321949,17.13300168056618,-0.01,0.15,0.1,0.145,1,-0.7,0,0,0,0,0,0,0,0,0,0,0,0,-0.24491481171303803,-0.24491481171303803,-0.24491481171303803,-0.24491481171303803,0.008514399137742545,0.008514399137742545,0.008514399137742545,0.008514399137742545,1.0000000003139,0,4.9213708480944747e-14,0
1,2,841,0,0,2,0,1,2,3,1,0,0.2450627673860012,0,6.283185307179586,0.08325656894321952,17.15300168256618,-0.01,0.15,0.1,0.145,1,-0.7,0,0,0,0,0,0,0,0,0,0,0,0,-0.24491481165108347,-0.24491481165108347,-0.24491481165108347,-0.24491481165108347,0.008514399144956528,0.008514399144956528,0.008514399144956528,0.008514399144956528,0.9999999998995897,0,4.747855892090177e-14,0
1,2,842,0,0,2,0,1,2,3,1,0,0.24506276741699953,0,6.283185307179586,0.08325656894321948,17.17300168456618,-0.01,0.15,0.1,0.145,1,-0.7,0,0,0,0,0,0,0,0,0,0,0,0,-0.2449148116822266,-0.2449148116822266,-0.2449148116822266,-0.2449148116822266,0.008514399141330207,0.008514399141330207,0.008514399141330207,0.008514399141330207,1.0000000006803695,0,4.580458720700369e-14,0
1,2,843,0,0,2,0,1,2,3,1,0,0.24506276741120228,0,6.283185307179586,0.08325656894321944,17.19300168656618,-0.01,0.15,0.1,0.145,1,-0.7,0,0,0,0,0,0,0,0,0,0,0,0,-0.24491481167640228,-0.24491481167640228,-0.24491481167640228,-0.24491481167640228,0.008514399142008399,0.008514399142008399,0.008514399142008399,0.008514399142008399,1.0000000000362235,0,4.418963435080899e-14,0
1,2,844,0,0,2,0,1,2,3,1,0,0.24506276741523916,0,6.283185307179586,0.08325656894321957,17.21300168856618,-0.01,0.15,0.1,0.145,1,-0.7,0,0,0,0,0,0,0,0,0,0,0,0,-0.24491481168045803,-0.24491481168045803,-0.24491481168045803,-0.24491481168045803,0.008514399141536155,0.008514399141536155,0.008514399141536155,0.008514399141536155,1.0000000002343725,0,4.263162125277278e-14,0
1,2,845,0,0,2,0,1,2,3,1,0,0.24506276742401173,0,6.283185307179586,0.08325656894321952,17.23300169056618,-0.01,0.15,0.1,0.145,1,-0.7,0,0,0,0,0,0,0,0,0,0,0,0,-0.24491481168927157,-0.24491481168927157,-0.24491481168927157,-0.24491481168927157,0.008514399140509893,0.008514399140509893,0.008514399140509893,0.008514399140509893,1.0000000001661533,0,4.1128539486650295e-14,0
1,2,846,0,0,2,0,1,2,3,1,0,0.2450627674431891,0,6.283185307179586,0.08325656894321946,17.25300169256618,-0.01,0.15,0.1,0.145,1,-0.7,0,0,0,0,0,0,0,0,0,0,0,0,-0.24491481170853852,-0.24491481170853852,-0.24491481170853852,-0.24491481170853852,0.008514399138266458,0.008514399138266458,0.008514399138266458,0.008514399138266458,1.0000000001115268,0,3.9678452534152463e-14,0
1,2,847,0,0,2,0,1,2,3,1,0,0.24506276747582517,0,6.283185307179586,0.08325656894321946,17.27300169456618,-0.01,0.15,0.1,0.145,1,-0.7,0,0,0,0,0,0,0,0,0,0,0,0,-0.244914811741327,-0.244914811741327,-0.244914811741327,-0.244914811741327,0.008514399134448585,0.008514399134448585,0.008514399134448585,0.008514399134448585,0.9999999999586713,0,3.827949187759099e-14,0
1,2,848,0,0,2,0,1,2,3,1,0,0.24506276742774766,0,6.283185307179586,0.08325656894321953,17.29300169656618,-0.01,0.15,0.1,0.145,1,-0.7,0,0,0,0,0,0,0,0,0,0,0,0,-0.24491481169302495,-0.24491481169302495,-0.24491481169302495,-0.24491481169302495,0.008514399140072869,0.008514399140072869,0.008514399140072869,0.008514399140072869,0.9999999997293791,0,3.692985493651256e-14,0
1,2,849,0,0,2,0,1,2,3,1,0,0.2450627674705784,0,6.283185307179586,0.08325656894321942,17.31300169856618,-0.01,0.15,0.1,0.145,1,-0.7,0,0,0,0,0,0,0,0,0,0,0,0,-0.24491481173605573,-0.24491481173605573,-0.24491481173605573,-0.24491481173605573,0.008514399135062382,0.008514399135062382,0.008514399135062382,0.008514399135062382,1.0000000003710277,0,3.562780330808596e-14,0
1,2,850,0,0,2,0,1,2,3,1,0,0.24506276742731303,0,6.283185307179586,0.08325656894321963,17.33300170056618,-0.01,0.15,0.1,0.145,1,-0.7,0,0,0,0,0,0,0,0,0,0,0,0,-0.2449148116925883,-0.2449148116925883,-0.2449148116925883,-0.2449148116925883,0.00851439914012372,0.00851439914012372,0.00851439914012372,0.00851439914012372,0.9999999997017,0,3.437165784679195e-14,0
1,2,851,0,0,2,0,1,2,3,1,0,0.24506276742527183,0,6.283185307179586,0.08325656894321941,17.35300170256618,-0.01,0.15,0.1,0.145,1,-0.7,0,0,0,0,0,0,0,0,0,0,0,0,-0.24491481169053755,-0.24491481169053755,-0.24491481169053755,-0.24491481169053755,0.008514399140362477,0.008514399140362477,0.008514399140362477,0.008514399140362477,1.0000000003435545,0,3.315980166599907e-14,0
1,2,852,0,0,2,0,1,2,3,1,0,0.24506276746779554,0,6.283185307179586,0.08325656894321945,17.373001704566178,-0.01,0.15,0.1,0.145,1,-0.7,0,0,0,0,0,0,0,0,0,0,0,0,-0.24491481173325988,-0.24491481173325988,-0.24491481173325988,-0.24491481173325988,0.008514399135387879,0.008514399135387879,0.008514399135387879,0.008514399135387879,1.0000000001464286,0,3.199067192244791e-14,0
1,2,853,0,0,2,0,1,2,3,1,0,0.2450627674774335,0,6.283185307179586,0.08325656894321941,17.393001706566178,-0.01,0.15,0.1,0.145,1,-0.7,0,0,0,0,0,0,0,0,0,0,0,0,-0.24491481174294286,-0.24491481174294286,-0.24491481174294286,-0.24491481174294286,0.0085143991342604,0.0085143991342604,0.0085143991342604,0.0085143991342604,0.9999999997109867,0,3.086276256570515e-14,0
1,2,854,0,0,2,0,1,2,3,1,0,0.24506276744788985,0,6.283185307179586,0.08325656894321952,17.413001708566178,-0.01,0.15,0.1,0.145,1,-0.7,0,0,0,0,0,0,0,0,0,0,0,0,-0.2449148117132612,-0.2449148117132612,-0.2449148117132612,-0.2449148117132612,0.008514399137716573,0.008514399137716573,0.008514399137716573,0.008514399137716573,0.9999999998447322,0,2.9774620712831435e-14,0
1,2,855,0,0,2,0,1,2,3,1,0,0.2450627674237089,0,6.283185307179586,0.08325656894321948,17.433001710566177,-0.01,0.15,0.1,0.145,1,-0.7,0,0,0,0,0,0,0,0,0,0,0,0,-0.2449148116889673,-0.2449148116889673,-0.2449148116889673,-0.2449148116889673,0.008514399140545342,0.008514399140545342,0.008514399140545342,0.008514399140545342,1.000000000184457,0,2.872484406960736e-14,0
1,2,856,0,0,2,0,1,2,3,1,0,0.24506276740335156,0,6.283185307179586,0.08325656894321948,17.453001712566177,-0.01,0.15,0.1,0.145,1,-0.7,0,0,0,0,0,0,0,0,0,0,0,0,-0.2449148116685149,-0.2449148116685149,-0.2449148116685149,-0.2449148116685149,0.008514399142926794,0.008514399142926794,0.008514399142926794,0.008514399142926794,1.0000000002964846,0,2.7712079727786692e-14,0
1,2,857,0,0,2,0,1,2,3,1,0,0.2450627674364999,0,6.283185307179586,0.08325656894321945,17.473001714566177,-0.01,0.15,0.1,0.145,1,-0.7,0,0,0,0,0,0,0,0,0,0,0,0,-0.24491481170181806,-0.24491481170181806,-0.24491481170181806,-0.24491481170181806,0.008514399139048967,0.008514399139048967,0.008514399139048967,0.008514399139048967,1.0000000003704876,0,2.6735022854543122e-14,0
1,2,858,0,0,2,0,1,2,3,1,0,0.24506276747800834,0,6.283185307179586,0.08325656894321941,17.493001716566177,-0.01,0.15,0.1,0.145,1,-0.7,0,0,0,0,0,0,0,0,0,0,0,0,-0.2449148117435204,-0.2449148117435204,-0.2449148117435204,-0.2449148117435204,0.008514399134193157,0.008514399134193157,0.008514399134193157,0.008514399134193157,0.9999999999173745,0,2.5792414256248487e-14,0
1,2,859,0,0,2,0,1,2,3,1,0,0.24506276743908836,0,6.283185307179586,0.08325656894321949,17.513001718566176,-0.01,0.15,0.1,0.145,1,-0.7,0,0,0,0,0,0,0,0,0,0,0,0,-0.24491481170441862,-0.24491481170441862,-0.24491481170441862,-0.24491481170441862,0.00851439913874616,0.00851439913874616,0.00851439913874616,0.00851439913874616,0.9999999996428457,0,2.4883039712654944e-14,0
1,2,860,0,0,2,0,1,2,3,1,0,0.2450627674438197,0,6.283185307179586,0.08325656894321946,17.533001720566176,-0.01,0.15,0.1,0.145,1,-0.7,0,0,0,0,0,0,0,0,0,0,0,0,-0.24491481170917206,-0.24491481170917206,-0.24491481170917206,-0.24491481170917206,0.008514399138192708,0.008514399138192708,0.008514399138192708,0.008514399138192708,1.0000000002589964,0,2.4005727763309334e-14,0
1,2,861,0,0,2,0,1,2,3,1,0,0.24506276751017897,0,6.283185307179586,0.0832565689432196,17.553001722566176,-0.01,0.15,0.1,0.145,1,-0.7,0,0,0,0,0,0,0,0,0,0,0,0,-0.2449148117758413,-0.2449148117758413,-0.2449148117758413,-0.2449148117758413,0.008514399130429708,0.008514399130429708,0.008514399130429708,0.008514399130429708,1.0000000000274127,0,2.315934721774536e-14,0
1,2,862,0,0,2,0,1,2,3,1,0,0.2450627674503949,0,6.283185307179586,0.08325656894321942,17.573001724566176,-0.01,0.15,0.1,0.145,1,-0.7,0,0,0,0,0,0,0,0,0,0,0,0,-0.24491481171577797,-0.24491481171577797,-0.24491481171577797,-0.24491481171577797,0.008514399137423518,0.008514399137423518,0.008514399137423518,0.008514399137423518,0.9999999993565787,0,2.2342807720460905e-14,0
1,2,863,0,0,2,0,1,2,3,1,0,0.24506276744798797,0,6.283185307179586,0.08325656894321953,17.593001726566175,-0.01,0.15,0.1,0.145,1,-0.7,0,0,0,0,0,0,0,0,0,0,0,0,-0.24491481171335977,-0.24491481171335977,-0.24491481171335977,-0.24491481171335977,0.00851439913770506,0.00851439913770506,0.00851439913770506,0.00851439913770506,1.0000000003320402,0,2.155505794752709e-14,0
1,2,864,0,0,2,0,1,2,3,1,0,0.24506276744260308,0,6.283185307179586,0.0832565689432195,17.613001728566175,-0.01,0.15,0.1,0.145,1,-0.7,0,0,0,0,0,0,0,0,0,0,0,0,-0.24491481170794976,-0.24491481170794976,-0.24491481170794976,-0.24491481170794976,0.008514399138334993,0.008514399138334993,0.008514399138334993,0.008514399138334993,1.0000000000509282,0,2.0795081737521007e-14,0
1,2,865,0,0,2,0,1,2,3,1,0,0.24506276744825012,0,6.283185307179586,0.08325656894321937,17.633001730566175,-0.01,0.15,0.1,0.145,1,-0.7,0,0,0,0,0,0,0,0,0,0,0,0,-0.24491481171362317,-0.24491481171362317,-0.24491481171362317,-0.24491481171362317,0.008514399137674402,0.008514399137674402,0.008514399137674402,0.008514399137674402,1.0000000000838511,0,2.006190046213205e-14,0
1,2,866,0,0,2,0,1,2,3,1,0,0.24506276746584074,0,6.283185307179586,0.08325656894321955,17.653001732566175,-0.01,0.15,0.1,0.145,1,-0.7,0,0,0,0,0,0,0,0,0,0,0,0,-0.24491481173129595,-0.24491481173129595,-0.24491481173129595,-0.24491481173129595,0.008514399135616586,0.008514399135616586,0.008514399135616586,0.008514399135616586,0.9999999999979892,0,1.9354569233757474e-14,0
1,2,867,0,0,2,0,1,2,3,1,0,0.245062767439207,0,6.283185307179586,0.08325656894321949,17.673001734566174,-0.01,0.15,0.1,0.145,1,-0.7,0,0,0,0,0,0,0,0,0,0,0,0,-0.2449148117045378,-0.2449148117045378,-0.2449148117045378,-0.2449148117045378,0.00851439913873232,0.00851439913873232,0.00851439913873232,0.00851439913873232,0.9999999998506226,0,1.867217667063012e-14,0
1,2,868,0,0,2,0,1,2,3,1,0,0.24506276741163996,0,6.283185307179586,0.08325656894321955,17.693001736566174,-0.01,0.15,0.1,0.145,1,-0.7,0,0,0,0,0,0,0,0,0,0,0,0,-0.24491481167684198,-0.24491481167684198,-0.24491481167684198,-0.24491481167684198,0.008514399141957223,0.008514399141957223,0.008514399141957223,0.008514399141957223,1.00000000021587,0,1.801384369050612e-14,0
1,2,869,0,0,2,0,1,2,3,1,0,0.2450627674576014,0,6.283185307179586,0.08325656894321949,17.713001738566174,-0.01,0.15,0.1,0.145,1,-0.7,0,0,0,0,0,0,0,0,0,0,0,0,-0.24491481172301813,-0.24491481172301813,-0.24491481172301813,-0.24491481172301813,0.008514399136580439,0.008514399136580439,0.008514399136580439,0.008514399136580439,1.0000000003717595,0,1.7378721771580943e-14,0
1,2,870,0,0,2,0,1,2,3,1,0,0.2450627674599091,0,6.283185307179586,0.08325656894321934,17.733001740566174,-0.01,0.15,0.1,0.145,1,-0.7,0,0,0,0,0,0,0,0,0,0,0,0,-0.2449148117253366,-0.2449148117253366,-0.2449148117253366,-0.2449148117253366,0.00851439913631051,0.00851439913631051,0.00851439913631051,0.00851439913631051,0.9999999997242845,0,1.676599239129309e-14,0
1,2,871,0,0,2,0,1,2,3,1,0,0.24506276737787783,0,6.283185307179586,0.08325656894321959,17.753001742566173,-0.01,0.15,0.1,0.145,1,-0.7,0,0,0,0,0,0,0,0,0,0,0,0,-0.24491481164292217,-0.24491481164292217,-0.24491481164292217,-0.24491481164292217,0.008514399145906824,0.008514399145906824,0.008514399145906824,0.008514399145906824,0.9999999999622062,0,1.6174866527406883e-14,0
1,2,872,0,0,2,0,1,2,3,1,0,0.2450627674515842,0,6.283185307179586,0.08325656894321948,17.773001744566173,-0.01,0.15,0.1,0.145,1,-0.7,0,0,0,0,0,0,0,0,0,0,0,0,-0.24491481171697282,-0.24491481171697282,-0.24491481171697282,-0.24491481171697282,0.008514399137284369,0.008514399137284369,0.008514399137284369,0.008514399137284369,1.0000000008302692,0,1.5604582426948968e-14,0
1,2,873,0,0,2,0,1,2,3,1,0,0.24506276743948036,0,6.283185307179586,0.08325656894321949,17.793001746566173,-0.01,0.15,0.1,0.145,1,-0.7,0,0,0,0,0,0,0,0,0,0,0,0,-0.24491481170481244,-0.24491481170481244,-0.24491481170481244,-0.24491481170481244,0.008514399138700337,0.008514399138700337,0.008514399138700337,0.008514399138700337,0.999999999623995,0,1.505440451719686e-14,0
1,2,874,0,0,2,0,1,2,3,1,0,0.24506276747732453,0,6.283185307179586,0.08325656894321944,17.813001748566172,-0.01,0.15,0.1,0.145,1,-0.7,0,0,0,0,0,0,0,0,0,0,0,0,-0.2449148117428334,-0.2449148117428334,-0.2449148117428334,-0.2449148117428334,0.00851439913427314,0.00851439913427314,0.00851439913427314,0.00851439913427314,1.0000000001254143,0,1.4523624926858494e-14,0
1,2,875,0,0,2,0,1,2,3,1,0,0.24506276747151556,0,6.283185307179586,0.08325656894321944,17.833001750566172,-0.01,0.15,0.1,0.145,1,-0.7,0,0,0,0,0,0,0,0,0,0,0,0,-0.24491481173699728,-0.24491481173699728,-0.24491481173699728,-0.24491481173699728,0.008514399134952748,0.008514399134952748,0.008514399134952748,0.008514399134952748,0.9999999996573834,0,1.4011559015932756e-14,0
1,2,876,0,0,2,0,1,2,3,1,0,0.24506276747440836,0,6.283185307179586,0.08325656894321956,17.853001752566172,-0.01,0.15,0.1,0.145,1,-0.7,0,0,0,0,0,0,0,0,0,0,0,0,-0.2449148117399036,-0.2449148117399036,-0.2449148117399036,-0.2449148117399036,0.00851439913461432,0.00851439913461432,0.00851439913461432,0.00851439913461432,0.9999999999454232,0,1.3517547414534302e-14,0
1,2,877,0,0,2,0,1,2,3,1,0,0.2450627674378336,0,6.283185307179586,0.08325656894321956,17.87300175456617,-0.01,0.15,0.1,0.145,1,-0.7,0,0,0,0,0,0,0,0,0,0,0,0,-0.244914811703158,-0.244914811703158,-0.244914811703158,-0.244914811703158,0.008514399138892946,0.008514399138892946,0.008514399138892946,0.008514399138892946,0.9999999998660627,0,1.3040953319455458e-14,0
1,2,878,0,0,2,0,1,2,3,1,0,0.24506276750350647,0,6.283185307179586,0.0832565689432194,17.89300175656617,-0.01,0.15,0.1,0.145,1,-0.7,0,0,0,0,0,0,0,0,0,0,0,0,-0.24491481176913762,-0.24491481176913762,-0.24491481176913762,-0.24491481176913762,0.008514399131210314,0.008514399131210314,0.008514399131210314,0.008514399131210314,1.0000000002700347,0,1.2581162815059743e-14,0
1,2,879,0,0,2,0,1,2,3,1,0,0.2450627674421231,0,6.283185307179586,0.08325656894321955,17.91300175856617,-0.01,0.15,0.1,0.145,1,-0.7,0,0,0,0,0,0,0,0,0,0,0,0,-0.24491481170746754,-0.24491481170746754,-0.24491481170746754,-0.24491481170746754,0.008514399138391181,0.008514399138391181,0.008514399138391181,0.008514399138391181,0.9999999994081676,0,1.213758306369914e-14,0
1,2,880,0,0,2,0,1,2,3,1,0,0.24506276744888283,0,6.283185307179586,0.08325656894321956,17.93300176056617,-0.01,0.15,0.1,0.145,1,-0.7,0,0,0,0,0,0,0,0,0,0,0,0,-0.24491481171425883,-0.24491481171425883,-0.24491481171425883,-0.24491481171425883,0.008514399137600414,0.008514399137600414,0.008514399137600414,0.008514399137600414,1.0000000003842047,0,1.1709643197184233e-14,0
1,2,881,0,0,2,0,1,2,3,1,0,0.24506276745294986,0,6.283185307179586,0.08325656894321953,17.95300176256617,-0.01,0.15,0.1,0.145,1,-0.7,0,0,0,0,0,0,0,0,0,0,0,0,-0.24491481171834487,-0.24491481171834487,-0.24491481171834487,-0.24491481171834487,0.008514399137124627,0.008514399137124627,0.008514399137124627,0.008514399137124627,1.0000000000039506,0,1.129679110619443e-14,0
1,2,882,0,0,2,0,1,2,3,1,0,0.2450627674650919,0,6.283185307179586,0.08325656894321948,17.97300176456617,-0.01,0.15,0.1,0.145,1,-0.7,0,0,0,0,0,0,0,0,0,0,0,0,-0.2449148117305436,-0.2449148117305436,-0.2449148117305436,-0.2449148117305436,0.008514399135704164,0.008514399135704164,0.008514399135704164,0.008514399135704164,0.999999999995687,0,1.089849520027255e-14,0
1,2,883,0,0,2,0,1,2,3,1,0,0.245062767387798,0,6.283185307179586,0.0832565689432194,17.99300176656617,-0.01,0.15,0.1,0.145,1,-0.7,0,0,0,0,0,0,0,0,0,0,0,0,-0.24491481165288867,-0.24491481165288867,-0.24491481165288867,-0.24491481165288867,0.008514399144746325,0.008514399144746325,0.008514399144746325,0.008514399144746325,0.999999999875044,0,1.051424216906524e-14,0
1,2,884,0,0,2,0,1,2,3,1,0,0.24506276747162206,0,6.283185307179586,0.08325656894321956,18.01300176856617,-0.01,0.15,0.1,0.145,1,-0.7,0,0,0,0,0,0,0,0,0,0,0,0,-0.24491481173710428,-0.24491481173710428,-0.24491481173710428,-0.24491481173710428,0.008514399134940273,0.008514399134940273,0.008514399134940273,0.008514399134940273,1.0000000007281145,0,1.0143537094704481e-14,0
1,2,885,0,0,2,0,1,2,3,1,0,0.24506276746220546,0,6.283185307179586,0.08325656894321942,18.03300177056617,-0.01,0.15,0.1,0.145,1,-0.7,0,0,0,0,0,0,0,0,0,0,0,0,-0.24491481172764368,-0.24491481172764368,-0.24491481172764368,-0.24491481172764368,0.00851439913604185,0.00851439913604185,0.00851439913604185,0.00851439913604185,0.9999999994586801,0,9.785901744171485e-15,0
1,2,886,0,0,2,0,1,2,3,1,0,0.24506276745485303,0,6.283185307179586,0.08325656894321941,18.05300177256617,-0.01,0.15,0.1,0.145,1,-0.7,0,0,0,0,0,0,0,0,0,0,0,0,-0.24491481172025692,-0.24491481172025692,-0.24491481172025692,-0.24491481172025692,0.008514399136901992,0.008514399136901992,0.008514399136901992,0.008514399136901992,0.9999999999812559,0,9.440876018597145e-15,0
1,2,887,0,0,2,0,1,2,3,1,0,0.24506276740532157,0,6.283185307179586,0.08325656894321957,18.07300177456617,-0.01,0.15,0.1,0.145,1,-0.7,0,0,0,0,0,0,0,0,0,0,0,0,-0.2449148116704941,-0.2449148116704941,-0.2449148116704941,-0.2449148116704941,0.008514399142696357,0.008514399142696357,0.008514399142696357,0.008514399142696357,1.0000000000239808,0,9.108014928597938e-15,0
1,2,888,0,0,2,0,1,2,3,1,0,0.24506276744364633,0,6.283185307179586,0.0832565689432195,18.09300177656617,-0.01,0.15,0.1,0.145,1,-0.7,0,0,0,0,0,0,0,0,0,0,0,0,-0.24491481170899787,-0.24491481170899787,-0.24491481170899787,-0.24491481170899787,0.008514399138212954,0.008514399138212954,0.008514399138212954,0.008514399138212954,1.0000000005325447,0,8.786889739498568e-15,0
1,2,889,0,0,2,0,1,2,3,1,0,0.2450627674909581,0,6.283185307179586,0.0832565689432194,18.11300177856617,-0.01,0.15,0.1,0.145,1,-0.7,0,0,0,0,0,0,0,0,0,0,0,0,-0.24491481175653063,-0.24491481175653063,-0.24491481175653063,-0.24491481175653063,0.008514399132678256,0.008514399132678256,0.008514399132678256,0.008514399132678256,0.9999999998587654,0,8.4770864234941e-15,0
1,2,890,0,0,2,0,1,2,3,1,0,0.2450627674635099,0,6.283185307179586,0.08325656894321948,18.13300178056617,-0.01,0.15,0.1,0.145,1,-0.7,0,0,0,0,0,0,0,0,0,0,0,0,-0.24491481172895424,-0.24491481172895424,-0.24491481172895424,-0.24491481172895424,0.008514399135889235,0.008514399135889235,0.008514399135889235,0.008514399135889235,0.9999999995790674,0,8.178206036250059e-15,0
1,2,891,0,0,2,0,1,2,3,1,0,0.24506276739325616,0,6.283185307179586,0.08325656894321938,18.153001782566168,-0.01,0.15,0.1,0.145,1,-0.7,0,0,0,0,0,0,0,0,0,0,0,0,-0.24491481165837234,-0.24491481165837234,-0.24491481165837234,-0.24491481165837234,0.008514399144107803,0.008514399144107803,0.008514399144107803,0.008514399144107803,1.0000000000826361,0,7.889863526338574e-15,0
1,2,892,0,0,2,0,1,2,3,1,0,0.2450627674096601,0,6.283185307179586,0.08325656894321948,18.173001784566168,-0.01,0.15,0.1,0.145,1,-0.7,0,0,0,0,0,0,0,0,0,0,0,0,-0.2449148116748529,-0.2449148116748529,-0.2449148116748529,-0.2449148116748529,0.008514399142188822,0.008514399142188822,0.008514399142188822,0.008514399142188822,1.0000000006822418,0,7.611687239614993e-15,0
1,2,893,0,0,2,0,1,2,3,1,0,0.24506276743079977,0,6.283185307179586,0.08325656894321953,18.193001786566168,-0.01,0.15,0.1,0.145,1,-0.7,0,0,0,0,0,0,0,0,0,0,0,0,-0.2449148116960913,-0.2449148116960913,-0.2449148116960913,-0.2449148116960913,0.008514399139715797,0.008514399139715797,0.008514399139715797,0.008514399139715797,1.0000000001519354,0,7.34331858164592e-15,0
1,2,894,0,0,2,0,1,2,3,1,0,0.24506276744861982,0,6.283185307179586,0.08325656894321944,18.213001788566167,-0.01,0.15,0.1,0.145,1,-0.7,0,0,0,0,0,0,0,0,0,0,0,0,-0.2449148117139946,-0.2449148117139946,-0.2449148117139946,-0.2449148117139946,0.008514399137631174,0.008514399137631174,0.008514399137631174,0.008514399137631174,1.0000000000217142,0,7.084411969471122e-15,0
1,2,895,0,0,2,0,1,2,3,1,0,0.2450627674105356,0,6.283185307179586,0.0832565689432196,18.233001790566167,-0.01,0.15,0.1,0.145,1,-0.7,0,0,0,0,0,0,0,0,0,0,0,0,-0.24491481167573248,-0.24491481167573248,-0.24491481167573248,-0.24491481167573248,0.008514399142086428,0.008514399142086428,0.008514399142086428,0.008514399142086428,0.9999999999412026,0,6.834633748954411e-15,0
1,2,896,0,0,2,0,1,2,3,1,0,0.2450627673643099,0,6.283185307179586,0.08325656894321953,18.253001792566167,-0.01,0.15,0.1,0.145,1,-0.7,0,0,0,0,0,0,0,0,0,0,0,0,-0.24491481162929085,-0.24491481162929085,-0.24491481162929085,-0.24491481162929085,0.00851439914749404,0.00851439914749404,0.00851439914749404,0.00851439914749404,1.0000000004292815,0,6.593662137316185e-15,0
1,2,897,0,0,2,0,1,2,3,1,0,0.24506276747321568,0,6.283185307179586,0.0832565689432194,18.273001794566166,-0.01,0.15,0.1,0.145,1,-0.7,0,0,0,0,0,0,0,0,0,0,0,0,-0.24491481173870533,-0.24491481173870533,-0.24491481173870533,-0.24491481173870533,0.00851439913475386,0.00851439913475386,0.00851439913475386,0.00851439913475386,1.0000000006881606,0,6.36118654094929e-15,0
1,2,898,0,0,2,0,1,2,3,1,0,0.24506276740752253,0,6.283185307179586,0.08325656894321952,18.293001796566166,-0.01,0.15,0.1,0.145,1,-0.7,0,0,0,0,0,0,0,0,0,0,0,0,-0.24491481167270535,-0.24491481167270535,-0.24491481167270535,-0.24491481167270535,0.008514399142438896,0.008514399142438896,0.008514399142438896,0.008514399142438896,0.9999999993267323,0,6.1369072494646264e-15,0
1,2,899,0,0,2,0,1,2,3,1,0,0.24506276747246822,0,6.283185307179586,0.08325656894321946,18.313001798566166,-0.01,0.15,0.1,0.145,1,-0.7,0,0,0,0,0,0,0,0,0,0,0,0,-0.24491481173795437,-0.24491481173795437,-0.24491481173795437,-0.24491481173795437,0.008514399134841278,0.008514399134841278,0.008514399134841278,0.008514399134841278,1.000000000573614,0,5.920535763511485e-15,0
1,2,900,0,0,2,0,1,2,3,1,0,0.24506276749171757,0,6.283185307179586,0.0832565689432195,18.333001800566166,-0.01,0.15,0.1,0.145,1,-0.7,0,0,0,0,0,0,0,0,0,0,0,0,-0.24491481175729365,-0.24491481175729365,-0.24491481175729365,-0.24491481175729365,0.008514399132589398,0.008514399132589398,0.008514399132589398,0.008514399132589398,0.9999999995577369,0,5.711792737273703e-15,0
1,2,901,0,0,2,0,1,2,3,1,0,0.24506276747870775,0,6.283185307179586,0.08325656894321938,18.353001802566165,-0.01,0.15,0.1,0.145,1,-0.7,0,0,0,0,0,0,0,0,0,0,0,0,-0.24491481174422308,-0.24491481174422308,-0.24491481174422308,-0.24491481174422308,0.00851439913411133,0.00851439913411133,0.00851439913411133,0.00851439913411133,0.9999999997037392,0,5.510409576772776e-15,0
1,2,902,0,0,2,0,1,2,3,1,0,0.24506276742443048,0,6.283185307179586,0.08325656894321949,18.373001804566165,-0.01,0.15,0.1,0.145,1,-0.7,0,0,0,0,0,0,0,0,0,0,0,0,-0.24491481168969226,-0.24491481168969226,-0.24491481168969226,-0.24491481168969226,0.008514399140460923,0.008514399140460923,0.008514399140460923,0.008514399140460923,0.9999999999371738,0,5.316126679688449e-15,0
1,2,903,0,0,2,0,1,2,3,1,0,0.24506276736201163,0,6.283185307179586,0.08325656894321949,18.393001806566165,-0.01,0.15,0.1,0.145,1,-0.7,0,0,0,0,0,0,0,0,0,0,0,0,-0.24491481162698187,-0.24491481162698187,-0.24491481162698187,-0.24491481162698187,0.008514399147762945,0.008514399147762945,0.008514399147762945,0.008514399147762945,1.0000000004362875,0,5.1286937238607605e-15,0
1,2,904,0,0,2,0,1,2,3,1,0,0.24506276738533847,0,6.283185307179586,0.08325656894321953,18.413001808566165,-0.01,0.15,0.1,0.145,1,-0.7,0,0,0,0,0,0,0,0,0,0,0,0,-0.24491481165041765,-0.24491481165041765,-0.24491481165041765,-0.24491481165041765,0.008514399145034044,0.008514399145034044,0.008514399145034044,0.008514399145034044,1.0000000008030554,0,4.947869160097971e-15,0
1,2,905,0,0,2,0,1,2,3,1,0,0.24506276741248875,0,6.283185307179586,0.08325656894321945,18.433001810566164,-0.01,0.15,0.1,0.145,1,-0.7,0,0,0,0,0,0,0,0,0,0,0,0,-0.24491481167769477,-0.24491481167769477,-0.24491481167769477,-0.24491481167769477,0.008514399141857943,0.008514399141857943,0.008514399141857943,0.008514399141857943,1.0000000002397584,0,4.773419922906606e-15,0
1,2,906,0,0,2,0,1,2,3,1,0,0.24506276745129785,0,6.283185307179586,0.08325656894321956,18.453001812566164,-0.01,0.15,0.1,0.145,1,-0.7,0,0,0,0,0,0,0,0,0,0,0,0,-0.24491481171668514,-0.24491481171668514,-0.24491481171668514,-0.24491481171668514,0.008514399137317847,0.008514399137317847,0.008514399137317847,0.008514399137317847,1.0000000000790195,0,4.6051213553164475e-15,0
1,2,907,0,0,2,0,1,2,3,1,0,0.24506276744616734,0,6.283185307179586,0.08325656894321941,18.473001814566164,-0.01,0.15,0.1,0.145,1,-0.7,0,0,0,0,0,0,0,0,0,0,0,0,-0.24491481171153068,-0.24491481171153068,-0.24491481171153068,-0.24491481171153068,0.008514399137918077,0.008514399137918077,0.008514399137918077,0.008514399137918077,0.9999999998172484,0,4.442756555933884e-15,0
1,2,908,0,0,2,0,1,2,3,1,0,0.2450627674972806,0,6.283185307179586,0.08325656894321952,18.493001816566164,-0.01,0.15,0.1,0.145,1,-0.7,0,0,0,0,0,0,0,0,0,0,0,0,-0.24491481176288266,-0.24491481176288266,-0.24491481176288266,-0.24491481176288266,0.008514399131938646,0.008514399131938646,0.008514399131938646,0.008514399131938646,1.0000000000779323,0,4.2861163655630654e-15,0
1,2,909,0,0,2,0,1,2,3,1,0,0.24506276751409029,0,6.283185307179586,0.08325656894321957,18.513001818566163,-0.01,0.15,0.1,0.145,1,-0.7,0,0,0,0,0,0,0,0,0,0,0,0,-0.24491481177977087,-0.24491481177977087,-0.24491481177977087,-0.24491481177977087,0.008514399129972157,0.008514399129972157,0.008514399129972157,0.008514399129972157,0.9999999994996571,0,4.1349988432250225e-15,0
1,2,910,0,0,2,0,1,2,3,1,0,0.24506276745585598,0,6.283185307179586,0.0832565689432194,18.533001820566163,-0.01,0.15,0.1,0.145,1,-0.7,0,0,0,0,0,0,0,0,0,0,0,0,-0.24491481172126456,-0.24491481172126456,-0.24491481172126456,-0.24491481172126456,0.008514399136784666,0.008514399136784666,0.008514399136784666,0.008514399136784666,0.9999999995990478,0,3.989209387382287e-15,0
1,2,911,0,0,2,0,1,2,3,1,0,0.24506276743560407,0,6.283185307179586,0.08325656894321955,18.553001822566163,-0.01,0.15,0.1,0.145,1,-0.7,0,0,0,0,0,0,0,0,0,0,0,0,-0.24491481170091806,-0.24491481170091806,-0.24491481170091806,-0.24491481170091806,0.008514399139153809,0.008514399139153809,0.008514399139153809,0.008514399139153809,1.0000000002911449,0,3.8485601373450984e-15,0
1,2,912,0,0,2,0,1,2,3,1,0,0.24506276751312933,0,6.283185307179586,0.0832565689432195,18.573001824566163,-0.01,0.15,0.1,0.145,1,-0.7,0,0,0,0,0,0,0,0,0,0,0,0,-0.24491481177880545,-0.24491481177880545,-0.24491481177880545,-0.24491481177880545,0.008514399130084605,0.008514399130084605,0.008514399130084605,0.008514399130084605,1.0000000001963727,0,3.7128697631152945e-15,0
1,2,913,0,0,2,0,1,2,3,1,0,0.24506276746092584,0,6.283185307179586,0.08325656894321948,18.593001826566162,-0.01,0.15,0.1,0.145,1,-0.7,0,0,0,0,0,0,0,0,0,0,0,0,-0.2449148117263581,-0.2449148117263581,-0.2449148117263581,-0.2449148117263581,0.008514399136191553,0.008514399136191553,0.008514399136191553,0.008514399136191553,0.9999999993138218,0,3.5819634288414936e-15,0
1,2,914,0,0,2,0,1,2,3,1,0,0.245062767407789,0,6.283185307179586,0.08325656894321946,18.613001828566162,-0.01,0.15,0.1,0.145,1,-0.7,0,0,0,0,0,0,0,0,0,0,0,0,-0.24491481167297308,-0.24491481167297308,-0.24491481167297308,-0.24491481167297308,0.008514399142407696,0.008514399142407696,0.008514399142407696,0.008514399142407696,1.0000000002310756,0,3.455672639148082e-15,0
1,2,915,0,0,2,0,1,2,3,1,0,0.2450627674425057,0,6.283185307179586,0.08325656894321945,18.63300183056616,-0.01,0.15,0.1,0.145,1,-0.7,0,0,0,0,0,0,0,0,0,0,0,0,-0.24491481170785195,-0.24491481170785195,-0.24491481170785195,-0.24491481170785195,0.008514399138346387,0.008514399138346387,0.008514399138346387,0.008514399138346387,1.00000000053128,0,3.3338344952720623e-15,0
1,2,916,0,0,2,0,1,2,3,1,0,0.24506276743775474,0,6.283185307179586,0.08325656894321952,18.65300183256616,-0.01,0.15,0.1,0.145,1,-0.7,0,0,0,0,0,0,0,0,0,0,0,0,-0.24491481170307877,-0.24491481170307877,-0.24491481170307877,-0.24491481170307877,0.008514399138902175,0.008514399138902175,0.008514399138902175,0.008514399138902175,0.9999999998751719,0,3.2162919959524317e-15,0
1,2,917,0,0,2,0,1,2,3,1,0,0.24506276748862027,0,6.283185307179586,0.08325656894321944,18.67300183456616,-0.01,0.15,0.1,0.145,1,-0.7,0,0,0,0,0,0,0,0,0,0,0,0,-0.2449148117541819,-0.2449148117541819,-0.2449148117541819,-0.2449148117541819,0.008514399132951767,0.008514399132951767,0.008514399132951767,0.008514399132951767,1.0000000001007479,0,3.1028937958594726e-15,0
1,2,918,0,0,2,0,1,2,3,1,0,0.2450627674007462,0,6.283185307179586,0.08325656894321952,18.69300183656616,-0.01,0.15,0.1,0.145,1,-0.7,0,0,0,0,0,0,0,0,0,0,0,0,-0.24491481166589738,-0.24491481166589738,-0.24491481166589738,-0.24491481166589738,0.00851439914323161,0.00851439914323161,0.00851439914323161,0.00851439914323161,0.9999999995519957,0,2.993493681042891e-15,0
1,2,919,0,0,2,0,1,2,3,1,0,0.24506276749042585,0,6.283185307179586,0.08325656894321952,18.71300183856616,-0.01,0.15,0.1,0.145,1,-0.7,0,0,0,0,0,0,0,0,0,0,0,0,-0.2449148117559959,-0.2449148117559959,-0.2449148117559959,-0.2449148117559959,0.008514399132740502,0.008514399132740502,0.008514399132740502,0.008514399132740502,1.000000000735703,0,2.88795082943851e-15,0
1,2,920,0,0,2,0,1,2,3,1,0,0.24506276750392894,0,6.283185307179586,0.0832565689432194,18.73300184056616,-0.01,0.15,0.1,0.145,1,-0.7,0,0,0,0,0,0,0,0,0,0,0,0,-0.2449148117695621,-0.2449148117695621,-0.2449148117695621,-0.2449148117695621,0.008514399131160866,0.008514399131160866,0.008514399131160866,0.008514399131160866,0.9999999993527666,0,2.7861290108373813e-15,0
1,2,921,0,0,2,0,1,2,3,1,0,0.24506276743133568,0,6.283185307179586,0.08325656894321948,18.75300184256616,-0.01,0.15,0.1,0.145,1,-0.7,0,0,0,0,0,0,0,0,0,0,0,0,-0.2449148116966297,-0.2449148116966297,-0.2449148116966297,-0.2449148116966297,0.00851439913965314,0.00851439913965314,0.00851439913965314,0.00851439913965314,0.9999999996739461,0,2.6878972583810636e-15,0
1,2,922,0,0,2,0,1,2,3,1,0,0.2450627674950514,0,6.283185307179586,0.08325656894321946,18.77300184456616,-0.01,0.15,0.1,0.145,1,-0.7,0,0,0,0,0,0,0,0,0,0,0,0,-0.24491481176064306,-0.24491481176064306,-0.24491481176064306,-0.24491481176064306,0.008514399132199422,0.008514399132199422,0.008514399132199422,0.008514399132199422,1.0000000004819256,0,2.5931289298144183e-15,0
1,2,923,0,0,2,0,1,2,3,1,0,0.2450627674370954,0,6.283185307179586,0.08325656894321955,18.79300184656616,-0.01,0.15,0.1,0.145,1,-0.7,0,0,0,0,0,0,0,0,0,0,0,0,-0.24491481170241636,-0.24491481170241636,-0.24491481170241636,-0.24491481170241636,0.008514399138979304,0.008514399138979304,0.008514399138979304,0.008514399138979304,0.9999999994319992,0,2.5017017998016907e-15,0
1,2,924,0,0,2,0,1,2,3,1,0,0.24506276743623104,0,6.283185307179586,0.08325656894321942,18.81300184856616,-0.01,0.15,0.1,0.145,1,-0.7,0,0,0,0,0,0,0,0,0,0,0,0,-0.24491481170154794,-0.24491481170154794,-0.24491481170154794,-0.24491481170154794,0.008514399139080442,0.008514399139080442,0.008514399139080442,0.008514399139080442,1.0000000003947918,0,2.4134982481539324e-15,0
1,2,925,0,0,2,0,1,2,3,1,0,0.24506276739256064,0,6.283185307179586,0.08325656894321955,18.83300185056616,-0.01,0.15,0.1,0.145,1,-0.7,0,0,0,0,0,0,0,0,0,0,0,0,-0.24491481165767356,-0.24491481165767356,-0.24491481165767356,-0.24491481165767356,0.008514399144189177,0.008514399144189177,0.008514399144189177,0.008514399144189177,1.0000000000932658,0,2.3284044719910282e-15,0
1,2,926,0,0,2,0,1,2,3,1,0,0.24506276745227007,0,6.283185307179586,0.0832565689432195,18.85300185256616,-0.01,0.15,0.1,0.145,1,-0.7,0,0,0,0,0,0,0,0,0,0,0,0,-0.24491481171766188,-0.24491481171766188,-0.24491481171766188,-0.24491481171766188,0.008514399137204134,0.008514399137204134,0.008514399137204134,0.008514399137204134,1.0000000005512817,0,2.2463109164378625e-15,0
1,2,927,0,0,2,0,1,2,3,1,0,0.24506276746832573,0,6.283185307179586,0.0832565689432195,18.87300185456616,-0.01,0.15,0.1,0.145,1,-0.7,0,0,0,0,0,0,0,0,0,0,0,0,-0.24491481173379254,-0.24491481173379254,-0.24491481173379254,-0.24491481173379254,0.008514399135325907,0.008514399135325907,0.008514399135325907,0.008514399135325907,0.9999999997137934,0,2.1671117150766275e-15,0
1,2,928,0,0,2,0,1,2,3,1,0,0.24506276743505848,0,6.283185307179586,0.0832565689432195,18.89300185656616,-0.01,0.15,0.1,0.145,1,-0.7,0,0,0,0,0,0,0,0,0,0,0,0,-0.24491481170036988,-0.24491481170036988,-0.24491481170036988,-0.24491481170036988,0.008514399139217636,0.008514399139217636,0.008514399139217636,0.008514399139217636,0.9999999998357225,0,2.090704915316626e-15,0
1,2,929,0,0,2,0,1,2,3,1,0,0.24506276740023097,0,6.283185307179586,0.0832565689432194,18.913001858566158,-0.01,0.15,0.1,0.145,1,-0.7,0,0,0,0,0,0,0,0,0,0,0,0,-0.24491481166537973,-0.24491481166537973,-0.24491481166537973,-0.24491481166537973,0.00851439914329188,0.00851439914329188,0.00851439914329188,0.00851439914329188,1.000000000284487,0,2.0169920343032048e-15,0
1,2,930,0,0,2,0,1,2,3,1,0,0.24506276741648364,0,6.283185307179586,0.08325656894321953,18.933001860566158,-0.01,0.15,0.1,0.145,1,-0.7,0,0,0,0,0,0,0,0,0,0,0,0,-0.2449148116817083,-0.2449148116817083,-0.2449148116817083,-0.2449148116817083,0.00851439914139057,0.00851439914139057,0.00851439914139057,0.00851439914139057,1.0000000004646878,0,1.94587807109184e-15,0
1,2,931,0,0,2,0,1,2,3,1,0,0.2450627674491519,0,6.283185307179586,0.08325656894321952,18.953001862566158,-0.01,0.15,0.1,0.145,1,-0.7,0,0,0,0,0,0,0,0,0,0,0,0,-0.24491481171452917,-0.24491481171452917,-0.24491481171452917,-0.24491481171452917,0.008514399137568898,0.008514399137568898,0.008514399137568898,0.008514399137568898,1.0000000001049614,0,1.8772713844148415e-15,0
1,2,932,0,0,2,0,1,2,3,1,0,0.24506276739301058,0,6.283185307179586,0.08325656894321945,18.973001864566157,-0.01,0.15,0.1,0.145,1,-0.7,0,0,0,0,0,0,0,0,0,0,0,0,-0.2449148116581256,-0.2449148116581256,-0.2449148116581256,-0.2449148116581256,0.008514399144136538,0.008514399144136538,0.008514399144136538,0.008514399144136538,0.999999999856918,0,1.811083597355e-15,0
1,2,933,0,0,2,0,1,2,3,1,0,0.24506276746688377,0,6.283185307179586,0.0832565689432195,18.993001866566157,-0.01,0.15,0.1,0.145,1,-0.7,0,0,0,0,0,0,0,0,0,0,0,0,-0.24491481173234386,-0.24491481173234386,-0.24491481173234386,-0.24491481173234386,0.00851439913549456,0.00851439913549456,0.00851439913549456,0.00851439913549456,1.000000000603805,0,1.7472294562228682e-15,0
1,2,934,0,0,2,0,1,2,3,1,0,0.24506276746124195,0,6.283185307179586,0.08325656894321949,19.013001868566157,-0.01,0.15,0.1,0.145,1,-0.7,0,0,0,0,0,0,0,0,0,0,0,0,-0.2449148117266757,-0.2449148117266757,-0.2449148117266757,-0.2449148117266757,0.00851439913615457,0.00851439913615457,0.00851439913615457,0.00851439913615457,0.9999999995695603,0,1.6856265888563386e-15,0
1,2,935,0,0,2,0,1,2,3,1,0,0.24506276741908906,0,6.283185307179586,0.08325656894321952,19.033001870566157,-0.01,0.15,0.1,0.145,1,-0.7,0,0,0,0,0,0,0,0,0,0,0,0,-0.24491481168432588,-0.24491481168432588,-0.24491481168432588,-0.24491481168432588,0.008514399141085779,0.008514399141085779,0.008514399141085779,0.008514399141085779,0.9999999999811067,0,1.6261957288775167e-15,0
1,2,936,0,0,2,0,1,2,3,1,0,0.24506276743941038,0,6.283185307179586,0.0832565689432194,19.053001872566156,-0.01,0.15,0.1,0.145,1,-0.7,0,0,0,0,0,0,0,0,0,0,0,0,-0.24491481170474214,-0.24491481170474214,-0.24491481170474214,-0.24491481170474214,0.008514399138708498,0.008514399138708498,0.008514399138708498,0.008514399138708498,1.0000000004013572,0,1.5688602472149173e-15,0
1,2,937,0,0,2,0,1,2,3,1,0,0.24506276741783764,0,6.283185307179586,0.08325656894321953,19.073001874566156,-0.01,0.15,0.1,0.145,1,-0.7,0,0,0,0,0,0,0,0,0,0,0,0,-0.24491481168306864,-0.24491481168306864,-0.24491481168306864,-0.24491481168306864,0.008514399141232162,0.008514399141232162,0.008514399141232162,0.008514399141232162,0.9999999999711378,0,1.5135462428326532e-15,0
1,2,938,0,0,2,0,1,2,3,1,0,0.2450627673890358,0,6.283185307179586,0.08325656894321949,19.093001876566156,-0.01,0.15,0.1,0.145,1,-0.7,0,0,0,0,0,0,0,0,0,0,0,0,-0.24491481165413226,-0.24491481165413226,-0.24491481165413226,-0.24491481165413226,0.008514399144601536,0.008514399144601536,0.008514399144601536,0.008514399144601536,1.0000000003031602,0,1.4601824903040754e-15,0
1,2,939,0,0,2,0,1,2,3,1,0,0.24506276747025138,0,6.283185307179586,0.08325656894321949,19.113001878566156,-0.01,0.15,0.1,0.145,1,-0.7,0,0,0,0,0,0,0,0,0,0,0,0,-0.2449148117357272,-0.2449148117357272,-0.2449148117357272,-0.2449148117357272,0.008514399135100588,0.008514399135100588,0.008514399135100588,0.008514399135100588,1.0000000004886402,0,1.408700202751546e-15,0
1,2,940,0,0,2,0,1,2,3,1,0,0.2450627674719525,0,6.283185307179586,0.08325656894321941,19.133001880566155,-0.01,0.15,0.1,0.145,1,-0.7,0,0,0,0,0,0,0,0,0,0,0,0,-0.24491481173743623,-0.24491481173743623,-0.24491481173743623,-0.24491481173743623,0.008514399134901627,0.008514399134901627,0.008514399134901627,0.008514399134901627,0.9999999994877342,0,1.359033017553153e-15,0
1,2,941,0,0,2,0,1,2,3,1,0,0.245062767434187,0,6.283185307179586,0.0832565689432195,19.153001882566155,-0.01,0.15,0.1,0.145,1,-0.7,0,0,0,0,0,0,0,0,0,0,0,0,-0.24491481169949436,-0.24491481169949436,-0.24491481169949436,-0.24491481169949436,0.008514399139319541,0.008514399139319541,0.008514399139319541,0.008514399139319541,0.999999999912049,0,1.3111170063284923e-15,0
1,2,942,0,0,2,0,1,2,3,1,0,0.24506276744841377,0,6.283185307179586,0.08325656894321948,19.173001884566155,-0.01,0.15,0.1,0.145,1,-0.7,0,0,0,0,0,0,0,0,0,0,0,0,-0.24491481171378757,-0.24491481171378757,-0.24491481171378757,-0.24491481171378757,0.008514399137655273,0.008514399137655273,0.008514399137655273,0.008514399137655273,1.0000000002968008,0,1.2648903904851255e-15,0
1,2,943,0,0,2,0,1,2,3,1,0,0.24506276747071562,0,6.283185307179586,0.08325656894321959,19.193001886566154,-0.01,0.15,0.1,0.145,1,-0.7,0,0,0,0,0,0,0,0,0,0,0,0,-0.2449148117361936,-0.2449148117361936,-0.2449148117361936,-0.2449148117361936,0.008514399135046289,0.008514399135046289,0.008514399135046289,0.008514399135046289,0.9999999999424176,0,1.2202935887019786e-15,0
1,2,944,0,0,2,0,1,2,3,1,0,0.24506276744845212,0,6.283185307179586,0.0832565689432194,19.213001888566154,-0.01,0.15,0.1,0.145,1,-0.7,0,0,0,0,0,0,0,0,0,0,0,0,-0.24491481171382612,-0.24491481171382612,-0.24491481171382612,-0.24491481171382612,0.008514399137650772,0.008514399137650772,0.008514399137650772,0.008514399137650772,0.9999999998018083,0,1.177269160366319e-15,0
1,2,945,0,0,2,0,1,2,3,1,0,0.24506276747075204,0,6.283185307179586,0.08325656894321949,19.233001890566154,-0.01,0.15,0.1,0.145,1,-0.7,0,0,0,0,0,0,0,0,0,0,0,0,-0.2449148117362302,-0.2449148117362302,-0.2449148117362302,-0.2449148117362302,0.008514399135042058,0.008514399135042058,0.008514399135042058,0.008514399135042058,1.000000000163297,0,1.135761674379183e-15,0
1,2,946,0,0,2,0,1,2,3,1,0,0.24506276745449734,0,6.283185307179586,0.08325656894321942,19.253001892566154,-0.01,0.15,0.1,0.145,1,-0.7,0,0,0,0,0,0,0,0,0,0,0,0,-0.24491481171989957,-0.24491481171989957,-0.24491481171989957,-0.24491481171989957,0.008514399136943566,0.008514399136943566,0.008514399136943566,0.008514399136943566,0.9999999997978861,0,1.0957176209250832e-15,0
1,2,947,0,0,2,0,1,2,3,1,0,0.245062767454658,0,6.283185307179586,0.08325656894321956,19.273001894566153,-0.01,0.15,0.1,0.145,1,-0.7,0,0,0,0,0,0,0,0,0,0,0,0,-0.24491481172006097,-0.24491481172006097,-0.24491481172006097,-0.24491481172006097,0.008514399136924776,0.008514399136924776,0.008514399136924776,0.008514399136924776,1.0000000000918376,0,1.0570854314198994e-15,0
1,2,948,0,0,2,0,1,2,3,1,0,0.2450627674183089,0,6.283185307179586,0.08325656894321948,19.293001896566153,-0.01,0.15,0.1,0.145,1,-0.7,0,0,0,0,0,0,0,0,0,0,0,0,-0.2449148116835421,-0.2449148116835421,-0.2449148116835421,-0.2449148116835421,0.008514399141177046,0.008514399141177046,0.008514399141177046,0.008514399141177046,0.9999999999976907,0,1.019815306351534e-15,0
1,2,949,0,0,2,0,1,2,3,1,0,0.24506276748240827,0,6.283185307179586,0.08325656894321949,19.313001898566153,-0.01,0.15,0.1,0.145,1,-0.7,0,0,0,0,0,0,0,0,0,0,0,0,-0.24491481174794086,-0.24491481174794086,-0.24491481174794086,-0.24491481174794086,0.00851439913367843,0.00851439913367843,0.00851439913367843,0.00851439913367843,1.0000000003794582,0,9.838592393667063e-16,0
1,2,950,0,0,2,0,1,2,3,1,0,0.24506276745773928,0,6.283185307179586,0.08325656894321946,19.333001900566153,-0.01,0.15,0.1,0.145,1,-0.7,0,0,0,0,0,0,0,0,0,0,0,0,-0.24491481172315666,-0.24491481172315666,-0.24491481172315666,-0.24491481172315666,0.008514399136564321,0.008514399136564321,0.008514399136564321,0.008514399136564321,0.999999999513399,0,9.491708680467077e-16,0
1,2,951,0,0,2,0,1,2,3,1,0,0.24506276748330308,0,6.283185307179586,0.08325656894321942,19.353001902566152,-0.01,0.15,0.1,0.145,1,-0.7,0,0,0,0,0,0,0,0,0,0,0,0,-0.24491481174883986,-0.24491481174883986,-0.24491481174883986,-0.24491481174883986,0.008514399133573752,0.008514399133573752,0.008514399133573752,0.008514399133573752,1.0000000000983675,0,9.157055461974943e-16,0
1,2,952,0,0,2,0,1,2,3,1,0,0.2450627674759814,0,6.283185307179586,0.0832565689432194,19.373001904566152,-0.01,0.15,0.1,0.145,1,-0.7,0,0,0,0,0,0,0,0,0,0,0,0,-0.244914811741484,-0.244914811741484,-0.244914811741484,-0.244914811741484,0.008514399134430289,0.008514399134430289,0.008514399134430289,0.008514399134430289,0.9999999997195275,0,8.834201084753521e-16,0
1,2,953,0,0,2,0,1,2,3,1,0,0.24506276741842525,0,6.283185307179586,0.08325656894321953,19.393001906566152,-0.01,0.15,0.1,0.145,1,-0.7,0,0,0,0,0,0,0,0,0,0,0,0,-0.244914811683659,-0.244914811683659,-0.244914811683659,-0.244914811683659,0.008514399141163415,0.008514399141163415,0.008514399141163415,0.008514399141163415,0.9999999999268638,0,8.522729828712326e-16,0
1,2,954,0,0,2,0,1,2,3,1,0,0.2450627674601187,0,6.283185307179586,0.08325656894321948,19.41300190856615,-0.01,0.15,0.1,0.145,1,-0.7,0,0,0,0,0,0,0,0,0,0,0,0,-0.2449148117255472,-0.2449148117255472,-0.2449148117255472,-0.2449148117255472,0.008514399136285981,0.008514399136285981,0.008514399136285981,0.008514399136285981,1.000000000502851,0,8.22224030617796e-16,0
1,2,955,0,0,2,0,1,2,3,1,0,0.24506276741508873,0,6.283185307179586,0.08325656894321953,19.43300191056615,-0.01,0.15,0.1,0.145,1,-0.7,0,0,0,0,0,0,0,0,0,0,0,0,-0.24491481168030688,-0.24491481168030688,-0.24491481168030688,-0.24491481168030688,0.00851439914155375,0.00851439914155375,0.00851439914155375,0.00851439914155375,0.999999999739714,0,7.932345069913543e-16,0
1,2,956,0,0,2,0,1,2,3,1,0,0.24506276750340975,0,6.283185307179586,0.08325656894321942,19.45300191256615,-0.01,0.15,0.1,0.145,1,-0.7,0,0,0,0,0,0,0,0,0,0,0,0,-0.24491481176904042,-0.24491481176904042,-0.24491481176904042,-0.24491481176904042,0.008514399131221635,0.008514399131221635,0.008514399131221635,0.008514399131221635,1.000000000447777,0,7.652671013546722e-16,0
1,2,957,0,0,2,0,1,2,3,1,0,0.2450627675158389,0,6.283185307179586,0.08325656894321949,19.47300191456615,-0.01,0.15,0.1,0.145,1,-0.7,0,0,0,0,0,0,0,0,0,0,0,0,-0.24491481178152763,-0.24491481178152763,-0.24491481178152763,-0.24491481178152763,0.0085143991297676,0.0085143991297676,0.0085143991297676,0.0085143991297676,0.9999999992918305,0,7.38285727763444e-16,0
1,2,958,0,0,2,0,1,2,3,1,0,0.24506276748704192,0,6.283185307179586,0.0832565689432195,19.49300191656615,-0.01,0.15,0.1,0.145,1,-0.7,0,0,0,0,0,0,0,0,0,0,0,0,-0.24491481175259616,-0.24491481175259616,-0.24491481175259616,-0.24491481175259616,0.008514399133136381,0.008514399133136381,0.008514399133136381,0.008514399133136381,0.9999999996258282,0,7.122556696000165e-16,0
1,2,959,0,0,2,0,1,2,3,1,0,0.245062767460936,0,6.283185307179586,0.08325656894321938,19.51300191856615,-0.01,0.15,0.1,0.145,1,-0.7,0,0,0,0,0,0,0,0,0,0,0,0,-0.2449148117263683,-0.2449148117263683,-0.2449148117263683,-0.2449148117263683,0.008514399136190393,0.008514399136190393,0.008514399136190393,0.008514399136190393,0.9999999999849436,0,6.871433648821861e-16,0
1,2,960,0,0,2,0,1,2,3,1,0,0.24506276739740734,0,6.283185307179586,0.08325656894321955,19.53300192056615,-0.01,0.15,0.1,0.145,1,-0.7,0,0,0,0,0,0,0,0,0,0,0,0,-0.2449148116625429,-0.2449148116625429,-0.2449148116625429,-0.2449148116625429,0.008514399143622205,0.008514399143622205,0.008514399143622205,0.008514399143622205,1.0000000001210125,0,6.629164523468475e-16,0
1,2,961,0,0,2,0,1,2,3,1,0,0.24506276742683017,0,6.283185307179586,0.08325656894321955,19.55300192256615,-0.01,0.15,0.1,0.145,1,-0.7,0,0,0,0,0,0,0,0,0,0,0,0,-0.24491481169210316,-0.24491481169210316,-0.24491481169210316,-0.24491481169210316,0.008514399140180172,0.008514399140180172,0.008514399140180172,0.008514399140180172,1.0000000006248442,0,6.395437237044683e-16,0
1,2,962,0,0,2,0,1,2,3,1,0,0.2450627674535603,0,6.283185307179586,0.08325656894321938,19.57300192456615,-0.01,0.15,0.1,0.145,1,-0.7,0,0,0,0,0,0,0,0,0,0,0,0,-0.24491481171895813,-0.24491481171895813,-0.24491481171895813,-0.24491481171895813,0.008514399137053187,0.008514399137053187,0.008514399137053187,0.008514399137053187,1.0000000000025864,0,6.169950431897347e-16,0
1,2,963,0,0,2,0,1,2,3,1,0,0.2450627674360663,0,6.283185307179586,0.08325656894321948,19.59300192656615,-0.01,0.15,0.1,0.145,1,-0.7,0,0,0,0,0,0,0,0,0,0,0,0,-0.24491481170138243,-0.24491481170138243,-0.24491481170138243,-0.24491481170138243,0.008514399139099718,0.008514399139099718,0.008514399139099718,0.008514399139099718,0.9999999998748805,0,5.952413776630287e-16,0
1,2,964,0,0,2,0,1,2,3,1,0,0.24506276742393499,0,6.283185307179586,0.08325656894321957,19.61300192856615,-0.01,0.15,0.1,0.145,1,-0.7,0,0,0,0,0,0,0,0,0,0,0,0,-0.24491481168919446,-0.24491481168919446,-0.24491481168919446,-0.24491481168919446,0.008514399140518865,0.008514399140518865,0.008514399140518865,0.008514399140518865,1.0000000001951435,0,5.742546957415035e-16,0
1,2,965,0,0,2,0,1,2,3,1,0,0.2450627674500725,0,6.283185307179586,0.08325656894321941,19.63300193056615,-0.01,0.15,0.1,0.145,1,-0.7,0,0,0,0,0,0,0,0,0,0,0,0,-0.24491481171545407,-0.24491481171545407,-0.24491481171545407,-0.24491481171545407,0.008514399137461241,0.008514399137461241,0.008514399137461241,0.008514399137461241,1.0000000002237144,0,5.540079471812406e-16,0
1,2,966,0,0,2,0,1,2,3,1,0,0.24506276743135932,0,6.283185307179586,0.08325656894321952,19.65300193256615,-0.01,0.15,0.1,0.145,1,-0.7,0,0,0,0,0,0,0,0,0,0,0,0,-0.24491481169665347,-0.24491481169665347,-0.24491481169665347,-0.24491481169665347,0.008514399139650363,0.008514399139650363,0.008514399139650363,0.008514399139650363,0.9999999998851621,0,5.344750431560772e-16,0
1,2,967,0,0,2,0,1,2,3,1,0,0.24506276746555125,0,6.283185307179586,0.08325656894321946,19.673001934566148,-0.01,0.15,0.1,0.145,1,-0.7,0,0,0,0,0,0,0,0,0,0,0,0,-0.2449148117310051,-0.2449148117310051,-0.2449148117310051,-0.2449148117310051,0.008514399135650441,0.008514399135650441,0.008514399135650441,0.008514399135650441,1.000000000222876,0,5.15630826193376e-16,0
1,2,968,0,0,2,0,1,2,3,1,0,0.245062767466572,0,6.283185307179586,0.08325656894321937,19.693001936566148,-0.01,0.15,0.1,0.145,1,-0.7,0,0,0,0,0,0,0,0,0,0,0,0,-0.2449148117320306,-0.2449148117320306,-0.2449148117320306,-0.2449148117320306,0.008514399135531025,0.008514399135531025,0.008514399135531025,0.008514399135531025,0.9999999997607176,0,4.974510001771073e-16,0
1,2,969,0,0,2,0,1,2,3,1,0,0.24506276737752977,0,6.283185307179586,0.08325656894321956,19.713001938566148,-0.01,0.15,0.1,0.145,1,-0.7,0,0,0,0,0,0,0,0,0,0,0,0,-0.24491481164257248,-0.24491481164257248,-0.24491481164257248,-0.24491481164257248,0.008514399145947552,0.008514399145947552,0.008514399145947552,0.008514399145947552,0.9999999999383604,0,4.79912154305608e-16,0
1,2,970,0,0,2,0,1,2,3,1,0,0.24506276742564162,0,6.283185307179586,0.08325656894321946,19.733001940566147,-0.01,0.15,0.1,0.145,1,-0.7,0,0,0,0,0,0,0,0,0,0,0,0,-0.24491481169090906,-0.24491481169090906,-0.24491481169090906,-0.24491481169090906,0.008514399140319269,0.008514399140319269,0.008514399140319269,0.008514399140319269,1.0000000008550955,0,4.629916901882477e-16,0
1,2,971,0,0,2,0,1,2,3,1,0,0.2450627674881243,0,6.283185307179586,0.08325656894321956,19.753001942566147,-0.01,0.15,0.1,0.145,1,-0.7,0,0,0,0,0,0,0,0,0,0,0,0,-0.2449148117536836,-0.2449148117536836,-0.2449148117536836,-0.2449148117536836,0.008514399133009776,0.008514399133009776,0.008514399133009776,0.008514399133009776,0.9999999999126246,0,4.466677811148227e-16,0
1,2,972,0,0,2,0,1,2,3,1,0,0.24506276746784988,0,6.283185307179586,0.08325656894321935,19.773001944566147,-0.01,0.15,0.1,0.145,1,-0.7,0,0,0,0,0,0,0,0,0,0,0,0,-0.24491481173331447,-0.24491481173331447,-0.24491481173331447,-0.24491481173331447,0.008514399135381542,0.008514399135381542,0.008514399135381542,0.008514399135381542,0.9999999995167457,0,4.3091941637603016e-16,0
1,2,973,0,0,2,0,1,2,3,1,0,0.24506276741078015,0,6.283185307179586,0.08325656894321946,19.793001946566147,-0.01,0.15,0.1,0.145,1,-0.7,0,0,0,0,0,0,0,0,0,0,0,0,-0.24491481167597817,-0.24491481167597817,-0.24491481167597817,-0.24491481167597817,0.008514399142057776,0.008514399142057776,0.008514399142057776,0.008514399142057776,1.0000000000450484,0,4.157263065116483e-16,0
1,2,974,0,0,2,0,1,2,3,1,0,0.24506276740450628,0,6.283185307179586,0.08325656894321945,19.813001948566146,-0.01,0.15,0.1,0.145,1,-0.7,0,0,0,0,0,0,0,0,0,0,0,0,-0.244914811669675,-0.244914811669675,-0.244914811669675,-0.244914811669675,0.008514399142791732,0.008514399142791732,0.008514399142791732,0.008514399142791732,1.0000000005179075,0,4.0106886622871193e-16,0
1,2,975,0,0,2,0,1,2,3,1,0,0.24506276748971026,0,6.283185307179586,0.08325656894321945,19.833001950566146,-0.01,0.15,0.1,0.145,1,-0.7,0,0,0,0,0,0,0,0,0,0,0,0,-0.24491481175527696,-0.24491481175527696,-0.24491481175527696,-0.24491481175527696,0.008514399132824257,0.008514399132824257,0.008514399132824257,0.008514399132824257,1.0000000003037357,0,3.8692820402292555e-16,0
1,2,976,0,0,2,0,1,2,3,1,0,0.24506276743350502,0,6.283185307179586,0.0832565689432195,19.853001952566146,-0.01,0.15,0.1,0.145,1,-0.7,0,0,0,0,0,0,0,0,0,0,0,0,-0.24491481169880921,-0.24491481169880921,-0.24491481169880921,-0.24491481169880921,0.008514399139399338,0.008514399139399338,0.008514399139399338,0.008514399139399338,0.9999999993805986,0,3.7328610024874624e-16,0
1,2,977,0,0,2,0,1,2,3,1,0,0.24506276742900773,0,6.283185307179586,0.08325656894321948,19.873001954566146,-0.01,0.15,0.1,0.145,1,-0.7,0,0,0,0,0,0,0,0,0,0,0,0,-0.24491481169429088,-0.24491481169429088,-0.24491481169429088,-0.24491481169429088,0.008514399139925466,0.008514399139925466,0.008514399139925466,0.008514399139925466,1.0000000004149499,0,3.601249963739716e-16,0
1,2,978,0,0,2,0,1,2,3,1,0,0.24506276747921452,0,6.283185307179586,0.0832565689432195,19.893001956566145,-0.01,0.15,0.1,0.145,1,-0.7,0,0,0,0,0,0,0,0,0,0,0,0,-0.2449148117447322,-0.2449148117447322,-0.2449148117447322,-0.2449148117447322,0.008514399134052095,0.008514399134052095,0.008514399134052095,0.008514399134052095,1.000000000163567,0,3.474279101747638e-16,0
1,2,979,0,0,2,0,1,2,3,1,0,0.2450627674442378,0,6.283185307179586,0.08325656894321946,19.913001958566145,-0.01,0.15,0.1,0.145,1,-0.7,0,0,0,0,0,0,0,0,0,0,0,0,-0.24491481170959212,-0.24491481170959212,-0.24491481170959212,-0.24491481170959212,0.008514399138143799,0.008514399138143799,0.008514399138143799,0.008514399138143799,0.9999999996285354,0,3.351784887325282e-16,0
1,2,980,0,0,2,0,1,2,3,1,0,0.24506276746216635,0,6.283185307179586,0.08325656894321956,19.933001960566145,-0.01,0.15,0.1,0.145,1,-0.7,0,0,0,0,0,0,0,0,0,0,0,0,-0.2449148117276044,-0.2449148117276044,-0.2449148117276044,-0.2449148117276044,0.008514399136046444,0.008514399136046444,0.008514399136046444,0.008514399136046444,1.0000000002209504,0,3.2336095823291885e-16,0
1,2,981,0,0,2,0,1,2,3,1,0,0.2450627674843251,0,6.283185307179586,0.08325656894321941,19.953001962566145,-0.01,0.15,0.1,0.145,1,-0.7,0,0,0,0,0,0,0,0,0,0,0,0,-0.24491481174986665,-0.24491481174986665,-0.24491481174986665,-0.24491481174986665,0.008514399133454214,0.008514399133454214,0.008514399133454214,0.008514399133454214,0.999999999876195,0,3.119600772012557e-16,0
1,2,982,0,0,2,0,1,2,3,1,0,0.2450627674251441,0,6.283185307179586,0.08325656894321952,19.973001964566144,-0.01,0.15,0.1,0.145,1,-0.7,0,0,0,0,0,0,0,0,0,0,0,0,-0.2449148116904092,-0.2449148116904092,-0.2449148116904092,-0.2449148116904092,0.00851439914037744,0.00851439914037744,0.00851439914037744,0.00851439914037744,0.9999999997322675,0,3.009611635009233e-16,0
1,2,983,0,0,2,0,1,2,3,1,0,0.24506276749241726,0,6.283185307179586,0.08325656894321944,19.993001966566144,-0.01,0.15,0.1,0.145,1,-0.7,0,0,0,0,0,0,0,0,0,0,0,0,-0.24491481175799662,-0.24491481175799662,-0.24491481175799662,-0.24491481175799662,0.008514399132507568,0.008514399132507568,0.008514399132507568,0.008514399132507568,1.0000000004646452,0,2.9035004841646075e-16,0
1,2,984,0,0,2,0,1,2,3,1,0,0.24506276743738853,0,6.283185307179586,0.08325656894321955,20.013001968566144,-0.01,0.15,0.1,0.145,1,-0.7,0,0,0,0,0,0,0,0,0,0,0,0,-0.24491481170271084,-0.24491481170271084,-0.24491481170271084,-0.24491481170271084,0.008514399138945054,0.008514399138945054,0.008514399138945054,0.008514399138945054,0.9999999994726281,0,2.8011304408510335e-16,0
1,2,985,0,0,2,0,1,2,3,1,0,0.24506276742896826,0,6.283185307179586,0.0832565689432195,20.033001970566144,-0.01,0.15,0.1,0.145,1,-0.7,0,0,0,0,0,0,0,0,0,0,0,0,-0.24491481169425125,-0.24491481169425125,-0.24491481169425125,-0.24491481169425125,0.008514399139930047,0.008514399139930047,0.008514399139930047,0.008514399139930047,1.0000000003763105,0,2.70236981021742e-16,0
1,2,986,0,0,2,0,1,2,3,1,0,0.24506276746511163,0,6.283185307179586,0.08325656894321934,20.053001972566143,-0.01,0.15,0.1,0.145,1,-0.7,0,0,0,0,0,0,0,0,0,0,0,0,-0.24491481173056343,-0.24491481173056343,-0.24491481173056343,-0.24491481173056343,0.008514399135701891,0.008514399135701891,0.008514399135701891,0.008514399135701891,1.0000000001660183,0,2.6070911655391577e-16,0
1,2,987,0,0,2,0,1,2,3,1,0,0.2450627674142455,0,6.283185307179586,0.08325656894321962,20.073001974566143,-0.01,0.15,0.1,0.145,1,-0.7,0,0,0,0,0,0,0,0,0,0,0,0,-0.24491481167945972,-0.24491481167945972,-0.24491481167945972,-0.24491481167945972,0.008514399141652381,0.008514399141652381,0.008514399141652381,0.008514399141652381,0.9999999997722071,0,2.5151717907663945e-16,0
1,2,988,0,0,2,0,1,2,3,1,0,0.2450627674641438,0,6.283185307179586,0.08325656894321941,20.093001976566143,-0.01,0.15,0.1,0.145,1,-0.7,0,0,0,0,0,0,0,0,0,0,0,0,-0.2449148117295911,-0.2449148117295911,-0.2449148117295911,-0.2449148117295911,0.008514399135815118,0.008514399135815118,0.008514399135815118,0.008514399135815118,1.0000000004717577,0,2.426493314226047e-16,0
1,2,989,0,0,2,0,1,2,3,1,0,0.24506276742794705,0,6.283185307179586,0.08325656894321957,20.113001978566142,-0.01,0.15,0.1,0.145,1,-0.7,0,0,0,0,0,0,0,0,0,0,0,0,-0.24491481169322527,-0.24491481169322527,-0.24491481169322527,-0.24491481169322527,0.008514399140049552,0.008514399140049552,0.008514399140049552,0.008514399140049552,0.9999999997018918,0,2.3409413410414714e-16,0
1,2,990,0,0,2,0,1,2,3,1,0,0.2450627674443696,0,6.283185307179586,0.08325656894321944,20.133001980566142,-0.01,0.15,0.1,0.145,1,-0.7,0,0,0,0,0,0,0,0,0,0,0,0,-0.24491481170972454,-0.24491481170972454,-0.24491481170972454,-0.24491481170972454,0.008514399138128364,0.008514399138128364,0.008514399138128364,0.008514399138128364,1.0000000003300116,0,2.258405777589542e-16,0
1,2,991,0,0,2,0,1,2,3,1,0,0.24506276746348338,0,6.283185307179586,0.08325656894321945,20.153001982566142,-0.01,0.15,0.1,0.145,1,-0.7,0,0,0,0,0,0,0,0,0,0,0,0,-0.24491481172892757,-0.24491481172892757,-0.24491481172892757,-0.24491481172892757,0.008514399135892338,0.008514399135892338,0.008514399135892338,0.008514399135892338,0.9999999999701146,0,2.1787801615280961e-16,0
1,2,992,0,0,2,0,1,2,3,1,0,0.24506276744313024,0,6.283185307179586,0.08325656894321944,20.17300198456614,-0.01,0.15,0.1,0.145,1,-0.7,0,0,0,0,0,0,0,0,0,0,0,0,-0.24491481170847937,-0.24491481170847937,-0.24491481170847937,-0.24491481170847937,0.00851439913827336,0.00851439913827336,0.00851439913827336,0.00851439913827336,0.9999999998622044,0,2.1019619517160983e-16,0
1,2,993,0,0,2,0,1,2,3,1,0,0.24506276742212907,0,6.283185307179586,0.08325656894321959,20.19300198656614,-0.01,0.15,0.1,0.145,1,-0.7,0,0,0,0,0,0,0,0,0,0,0,0,-0.2449148116873801,-0.2449148116873801,-0.2449148116873801,-0.2449148116873801,0.008514399140730136,0.008514399140730136,0.008514399140730136,0.008514399140730136,1.0000000001603624,0,2.027852172781785e-16,0
1,2,994,0,0,2,0,1,2,3,1,0,0.24506276749260686,0,6.283185307179586,0.08325656894321941,20.21300198856614,-0.01,0.15,0.1,0.145,1,-0.7,0,0,0,0,0,0,0,0,0,0,0,0,-0.2449148117581871,-0.2449148117581871,-0.2449148117581871,-0.2449148117581871,0.008514399132485397,0.008514399132485397,0.008514399132485397,0.008514399132485397,1.000000000267292,0,1.9563553063790517e-16,0
1,2,995,0,0,2,0,1,2,3,1,0,0.24506276744141084,0,6.283185307179586,0.08325656894321963,20.23300199056614,-0.01,0.15,0.1,0.145,1,-0.7,0,0,0,0,0,0,0,0,0,0,0,0,-0.24491481170675194,-0.24491481170675194,-0.24491481170675194,-0.24491481170675194,0.008514399138474507,0.008514399138474507,0.008514399138474507,0.008514399138474507,0.9999999994528608,0,1.8873791993203504e-16,0
1,2,996,0,0,2,0,1,2,3,1,0,0.2450627674475917,0,6.283185307179586,0.08325656894321935,20.25300199256614,-0.01,0.15,0.1,0.145,1,-0.7,0,0,0,0,0,0,0,0,0,0,0,0,-0.24491481171296167,-0.24491481171296167,-0.24491481171296167,-0.24491481171296167,0.00851439913775144,0.00851439913775144,0.00851439913775144,0.00851439913775144,1.0000000003252225,0,1.8208350789091711e-16,0
1,2,997,0,0,2,0,1,2,3,1,0,0.24506276745646363,0,6.283185307179586,0.08325656894321953,20.27300199456614,-0.01,0.15,0.1,0.145,1,-0.7,0,0,0,0,0,0,0,0,0,0,0,0,-0.24491481172187504,-0.24491481172187504,-0.24491481172187504,-0.24491481172187504,0.008514399136713582,0.008514399136713582,0.008514399136713582,0.008514399136713582,1.000000000013479,0,1.7566370883497578e-16,0
1,2,998,0,0,2,0,1,2,3,1,0,0.24506276747341046,0,6.283185307179586,0.08325656894321955,20.29300199656614,-0.01,0.15,0.1,0.145,1,-0.7,0,0,0,0,0,0,0,0,0,0,0,0,-0.24491481173890103,-0.24491481173890103,-0.24491481173890103,-0.24491481173890103,0.008514399134731065,0.008514399134731065,0.008514399134731065,0.008514399134731065,0.9999999999472138,0,1.6947025641880152e-16,0
1,2,999,0,0,2,0,1,2,3,1,0,0.24506276745117564,0,6.283185307179586,0.08325656894321949,20.31300199856614,-0.01,0.15,0.1,0.145,1,-0.7,0,0,0,0,0,0,0,0,0,0,0,0,-0.24491481171656235,-0.24491481171656235,-0.24491481171656235,-0.24491481171656235,0.008514399137332165,0.008514399137332165,0.008514399137332165,0.008514399137332165,0.9999999998159197,0,1.6349516903879959e-16,0
1,2,1000,24,5,2,0,1,2,3,1,0,0.2450627674788879,0,6.283185307179586,0.08325656894321953,20.33300200056614,-0.01,0.15,0.1,0.145,1,-0.7,0,0,0,0,0,0,0,0,0,0,0,0,-0.24491481174440405,-0.24491481174440405,-0.24491481174440405,-0.24491481174440405,0.008514399134090285,0.008514399134090285,0.008514399134090285,0.008514399134090285,1.000000000141597,0,1.5773074939322916e-16,0
1,2,1001,0,0,2,0,1,2,3,1,0,0.24506276742588615,0,6.283185307179586,0.08325656894321944,20.35300200256614,-0.01,0.15,0.1,0.145,1,-0.7,0,0,0,0,0,0,0,0,0,0,0,0,-0.24491481169115473,-0.24491481169115473,-0.24491481169115473,-0.24491481169115473,0.008514399140290637,0.008514399140290637,0.008514399140290637,0.008514399140290637,0.9999999997337881,0,1.5216956612215468e-16,0
1,2,1002,0,0,2,0,1,2,3,1,0,0.24506276747241995,0,6.283185307179586,0.0832565689432195,20.37300200456614,-0.01,0.15,0.1,0.145,1,-0.7,0,0,0,0,0,0,0,0,0,0,0,0,-0.2449148117379059,-0.2449148117379059,-0.2449148117379059,-0.2449148117379059,0.008514399134846926,0.008514399134846926,0.008514399134846926,0.008514399134846926,1.0000000004316263,0,1.468044592805788e-16,0
1,2,1003,0,0,2,0,1,2,3,1,0,0.2450627674378987,0,6.283185307179586,0.08325656894321949,20.39300200656614,-0.01,0.15,0.1,0.145,1,-0.7,0,0,0,0,0,0,0,0,0,0,0,0,-0.2449148117032234,-0.2449148117032234,-0.2449148117032234,-0.2449148117032234,0.00851439913888536,0.00851439913888536,0.00851439913888536,0.00851439913888536,0.9999999996625633,0,1.4162850804527024e-16,0
1,2,1004,0,0,2,0,1,2,3,1,0,0.24506276746705014,0,6.283185307179586,0.08325656894321949,20.41300200856614,-0.01,0.15,0.1,0.145,1,-0.7,0,0,0,0,0,0,0,0,0,0,0,0,-0.244914811732511,-0.244914811732511,-0.244914811732511,-0.244914811732511,0.008514399135475107,0.008514399135475107,0.008514399135475107,0.008514399135475107,1.0000000002767706,0,1.366350514872832e-16,0
1,2,1005,0,0,2,0,1,2,3,1,0,0.24506276739842459,0,6.283185307179586,0.08325656894321946,20.43300201056614,-0.01,0.15,0.1,0.145,1,-0.7,0,0,0,0,0,0,0,0,0,0,0,0,-0.2449148116635649,-0.2449148116635649,-0.2449148116635649,-0.2449148116635649,0.008514399143503201,0.008514399143503201,0.008514399143503201,0.008514399143503201,0.9999999997955769,0,1.3181764841169986e-16,0
1,2,1006,0,0,2,0,1,2,3,1,0,0.24506276745980948,0,6.283185307179586,0.08325656894321942,20.453002012566138,-0.01,0.15,0.1,0.145,1,-0.7,0,0,0,0,0,0,0,0,0,0,0,0,-0.24491481172523652,-0.24491481172523652,-0.24491481172523652,-0.24491481172523652,0.008514399136322159,0.008514399136322159,0.008514399136322159,0.008514399136322159,1.0000000006462528,0,1.2717009820317558e-16,0
1,2,1007,0,0,2,0,1,2,3,1,0,0.24506276747458416,0,6.283185307179586,0.08325656894321956,20.473002014566138,-0.01,0.15,0.1,0.145,1,-0.7,0,0,0,0,0,0,0,0,0,0,0,0,-0.24491481174008023,-0.24491481174008023,-0.24491481174008023,-0.24491481174008023,0.008514399134593734,0.008514399134593734,0.008514399134593734,0.008514399134593734,0.9999999996745927,0,1.2268640391453295e-16,0
1,2,1008,0,0,2,0,1,2,3,1,0,0.24506276744479313,0,6.283185307179586,0.08325656894321937,20.493002016566138,-0.01,0.15,0.1,0.145,1,-0.7,0,0,0,0,0,0,0,0,0,0,0,0,-0.24491481171015003,-0.24491481171015003,-0.24491481171015003,-0.24491481171015003,0.008514399138078813,0.008514399138078813,0.008514399138078813,0.008514399138078813,0.9999999998227338,0,1.183607961221983e-16,0
1,2,1009,0,0,2,0,1,2,3,1,0,0.2450627674194525,0,6.283185307179586,0.08325656894321955,20.513002018566137,-0.01,0.15,0.1,0.145,1,-0.7,0,0,0,0,0,0,0,0,0,0,0,0,-0.24491481168469104,-0.24491481168469104,-0.24491481168469104,-0.24491481168469104,0.00851439914104325,0.00851439914104325,0.00851439914104325,0.00851439914104325,1.0000000002138876,0,1.1418769868395968e-16,0
1,2,1010,0,0,2,0,1,2,3,1,0,0.24506276738688249,0,6.283185307179586,0.08325656894321949,20.533002020566137,-0.01,0.15,0.1,0.145,1,-0.7,0,0,0,0,0,0,0,0,0,0,0,0,-0.24491481165196888,-0.24491481165196888,-0.24491481165196888,-0.24491481165196888,0.008514399144853422,0.008514399144853422,0.008514399144853422,0.008514399144853422,1.0000000003329248,0,1.1016173330054832e-16,0
1,2,1011,0,0,2,0,1,2,3,1,0,0.24506276745293354,0,6.283185307179586,0.08325656894321952,20.553002022566137,-0.01,0.15,0.1,0.145,1,-0.7,0,0,0,0,0,0,0,0,0,0,0,0,-0.24491481171832846,-0.24491481171832846,-0.24491481171832846,-0.24491481171832846,0.008514399137126503,0.008514399137126503,0.008514399137126503,0.008514399137126503,1.0000000005360903,0,1.0627771334854568e-16,0
1,2,1012,0,0,2,0,1,2,3,1,0,0.24506276747237432,0,6.283185307179586,0.08325656894321942,20.573002024566136,-0.01,0.15,0.1,0.145,1,-0.7,0,0,0,0,0,0,0,0,0,0,0,0,-0.24491481173786006,-0.24491481173786006,-0.24491481173786006,-0.24491481173786006,0.008514399134852262,0.008514399134852262,0.008514399134852262,0.008514399134852262,0.9999999996774491,0,1.0253063171296888e-16,0
1,2,1013,0,0,2,0,1,2,3,1,0,0.2450627673994214,0,6.283185307179586,0.08325656894321944,20.593002026566136,-0.01,0.15,0.1,0.145,1,-0.7,0,0,0,0,0,0,0,0,0,0,0,0,-0.24491481166456636,-0.24491481166456636,-0.24491481166456636,-0.24491481166456636,0.008514399143386595,0.008514399143386595,0.008514399143386595,0.008514399143386595,0.9999999998219096,0,9.89156646794861e-17,0
1,2,1014,0,0,2,0,1,2,3,1,0,0.2450627674185103,0,6.283185307179586,0.08325656894321962,20.613002028566136,-0.01,0.15,0.1,0.145,1,-0.7,0,0,0,0,0,0,0,0,0,0,0,0,-0.24491481168374443,-0.24491481168374443,-0.24491481168374443,-0.24491481168374443,0.008514399141153504,0.008514399141153504,0.008514399141153504,0.008514399141153504,1.0000000006726921,0,9.54281535362391e-17,0
1,2,1015,0,0,2,0,1,2,3,1,0,0.24506276745401445,0,6.283185307179586,0.08325656894321948,20.633002030566136,-0.01,0.15,0.1,0.145,1,-0.7,0,0,0,0,0,0,0,0,0,0,0,0,-0.24491481171941443,-0.24491481171941443,-0.24491481171941443,-0.24491481171941443,0.008514399137000061,0.008514399137000061,0.008514399137000061,0.008514399137000061,1.0000000000787423,0,9.206360028796745e-17,0
1,2,1016,0,0,2,0,1,2,3,1,0,0.2450627674395695,0,6.283185307179586,0.08325656894321945,20.653002032566135,-0.01,0.15,0.1,0.145,1,-0.7,0,0,0,0,0,0,0,0,0,0,0,0,-0.244914811704902,-0.244914811704902,-0.244914811704902,-0.244914811704902,0.008514399138689928,0.008514399138689928,0.008514399138689928,0.008514399138689928,0.9999999998177813,0,8.881767317109929e-17,0
1,2,1017,0,0,2,0,1,2,3,1,0,0.24506276743524405,0,6.283185307179586,0.08325656894321953,20.673002034566135,-0.01,0.15,0.1,0.145,1,-0.7,0,0,0,0,0,0,0,0,0,0,0,0,-0.24491481170055635,-0.24491481170055635,-0.24491481170055635,-0.24491481170055635,0.008514399139195897,0.008514399139195897,0.008514399139195897,0.008514399139195897,1.0000000001566605,0,8.568619022175143e-17,0
1,2,1018,0,0,2,0,1,2,3,1,0,0.2450627674754831,0,6.283185307179586,0.08325656894321942,20.693002036566135,-0.01,0.15,0.1,0.145,1,-0.7,0,0,0,0,0,0,0,0,0,0,0,0,-0.24491481174098337,-0.24491481174098337,-0.24491481174098337,-0.24491481174098337,0.008514399134488588,0.008514399134488588,0.008514399134488588,0.008514399134488588,1.000000000134193,0,8.266511468843392e-17,0
1,2,1019,0,0,2,0,1,2,3,1,0,0.24506276747421044,0,6.283185307179586,0.08325656894321952,20.713002038566135,-0.01,0.15,0.1,0.145,1,-0.7,0,0,0,0,0,0,0,0,0,0,0,0,-0.24491481173970475,-0.24491481173970475,-0.24491481173970475,-0.24491481173970475,0.008514399134637455,0.008514399134637455,0.008514399134637455,0.008514399134637455,0.9999999996944453,0,7.975055385360985e-17,0
1,2,1020,0,0,2,0,1,2,3,1,0,0.24506276743885508,0,6.283185307179586,0.08325656894321941,20.733002040566134,-0.01,0.15,0.1,0.145,1,-0.7,0,0,0,0,0,0,0,0,0,0,0,0,-0.24491481170418425,-0.24491481170418425,-0.24491481170418425,-0.24491481170418425,0.008514399138773481,0.008514399138773481,0.008514399138773481,0.008514399138773481,0.9999999999213856,0,7.693875405569228e-17,0
1,2,1021,0,0,2,0,1,2,3,1,0,0.24506276740193955,0,6.283185307179586,0.08325656894321962,20.753002042566134,-0.01,0.15,0.1,0.145,1,-0.7,0,0,0,0,0,0,0,0,0,0,0,0,-0.24491481166709628,-0.24491481166709628,-0.24491481166709628,-0.24491481166709628,0.008514399143091983,0.008514399143091983,0.008514399143091983,0.008514399143091983,1.000000000285688,0,7.422609131684533e-17,0
1,2,1022,0,0,2,0,1,2,3,1,0,0.24506276742624516,0,6.283185307179586,0.0832565689432194,20.773002044566134,-0.01,0.15,0.1,0.145,1,-0.7,0,0,0,0,0,0,0,0,0,0,0,0,-0.2449148116915154,-0.2449148116915154,-0.2449148116915154,-0.2449148116915154,0.008514399140248641,0.008514399140248641,0.008514399140248641,0.008514399140248641,1.0000000004625207,0,7.160906985715642e-17,0
1,2,1023,0,0,2,0,1,2,3,1,0,0.24506276741341396,0,6.283185307179586,0.08325656894321957,20.793002046566134,-0.01,0.15,0.1,0.145,1,-0.7,0,0,0,0,0,0,0,0,0,0,0,0,-0.24491481167862428,-0.24491481167862428,-0.24491481167862428,-0.24491481167862428,0.00851439914174967,0.00851439914174967,0.00851439914174967,0.00851439914174967,1.0000000000263256,0,6.908431692019944e-17,0
1,2,1024,0,0,2,0,1,2,3,1,0,0.24506276746362748,0,6.283185307179586,0.08325656894321941,20.813002048566133,-0.01,0.15,0.1,0.145,1,-0.7,0,0,0,0,0,0,0,0,0,0,0,0,-0.24491481172907237,-0.24491481172907237,-0.24491481172907237,-0.24491481172907237,0.008514399135875528,0.008514399135875528,0.008514399135875528,0.008514399135875528,1.0000000002868674,0,6.664858130872943e-17,0
1,2,1025,0,0,2,0,1,2,3,1,0,0.24506276747619843,0,6.283185307179586,0.0832565689432196,20.833002050566133,-0.01,0.15,0.1,0.145,1,-0.7,0,0,0,0,0,0,0,0,0,0,0,0,-0.24491481174170202,-0.24491481174170202,-0.24491481174170202,-0.24491481174170202,0.008514399134404932,0.008514399134404932,0.008514399134404932,0.008514399134404932,0.9999999996840003,0,6.429872233477619e-17,0
1,2,1026,0,0,2,0,1,2,3,1,0,0.2450627674394477,0,6.283185307179586,0.08325656894321945,20.853002052566133,-0.01,0.15,0.1,0.145,1,-0.7,0,0,0,0,0,0,0,0,0,0,0,0,-0.2449148117047796,-0.2449148117047796,-0.2449148117047796,-0.2449148117047796,0.008514399138704123,0.008514399138704123,0.008514399138704123,0.008514399138704123,0.999999999824098,0,6.203171433083113e-17,0
1,2,1027,0,0,2,0,1,2,3,1,0,0.24506276740652044,0,6.283185307179586,0.08325656894321938,20.873002054566133,-0.01,0.15,0.1,0.145,1,-0.7,0,0,0,0,0,0,0,0,0,0,0,0,-0.24491481167169857,-0.24491481167169857,-0.24491481167169857,-0.24491481167169857,0.008514399142556105,0.008514399142556105,0.008514399142556105,0.008514399142556105,1.0000000002831442,0,5.984463561359578e-17,0
1,2,1028,0,0,2,0,1,2,3,1,0,0.24506276739299773,0,6.283185307179586,0.08325656894321949,20.893002056566132,-0.01,0.15,0.1,0.145,1,-0.7,0,0,0,0,0,0,0,0,0,0,0,0,-0.24491481165811269,-0.24491481165811269,-0.24491481165811269,-0.24491481165811269,0.008514399144138039,0.008514399144138039,0.008514399144138039,0.008514399144138039,1.0000000004274199,0,5.773466730814438e-17,0
1,2,1029,0,0,2,0,1,2,3,1,0,0.2450627674574741,0,6.283185307179586,0.08325656894321957,20.913002058566132,-0.01,0.15,0.1,0.145,1,-0.7,0,0,0,0,0,0,0,0,0,0,0,0,-0.24491481172289023,-0.24491481172289023,-0.24491481172289023,-0.24491481172289023,0.008514399136595357,0.008514399136595357,0.008514399136595357,0.008514399136595357,1.0000000003892424,0,5.569909085843188e-17,0
1,2,1030,0,0,2,0,1,2,3,1,0,0.24506276744152186,0,6.283185307179586,0.08325656894321949,20.93300206056613,-0.01,0.15,0.1,0.145,1,-0.7,0,0,0,0,0,0,0,0,0,0,0,0,-0.2449148117068635,-0.2449148117068635,-0.2449148117068635,-0.2449148117068635,0.008514399138461519,0.008514399138461519,0.008514399138461519,0.008514399138461519,0.9999999996709334,0,5.373528281299501e-17,0
1,2,1031,0,0,2,0,1,2,3,1,0,0.24506276743030536,0,6.283185307179586,0.08325656894321942,20.95300206256613,-0.01,0.15,0.1,0.145,1,-0.7,0,0,0,0,0,0,0,0,0,0,0,0,-0.2449148116955946,-0.2449148116955946,-0.2449148116955946,-0.2449148116955946,0.008514399139773643,0.008514399139773643,0.008514399139773643,0.008514399139773643,1.000000000147324,0,5.18407149954946e-17,0
1,2,1032,0,0,2,0,1,2,3,1,0,0.2450627675060953,0,6.283185307179586,0.08325656894321952,20.97300206456613,-0.01,0.15,0.1,0.145,1,-0.7,0,0,0,0,0,0,0,0,0,0,0,0,-0.24491481177173854,-0.24491481177173854,-0.24491481177173854,-0.24491481177173854,0.008514399130907456,0.008514399130907456,0.008514399130907456,0.008514399130907456,1.0000000001984901,0,5.001294427188838e-17,0
1,2,1033,0,0,2,0,1,2,3,1,0,0.24506276740728744,0,6.283185307179586,0.08325656894321944,20.99300206656613,-0.01,0.15,0.1,0.145,1,-0.7,0,0,0,0,0,0,0,0,0,0,0,0,-0.24491481167246915,-0.24491481167246915,-0.24491481167246915,-0.24491481167246915,0.008514399142466355,0.008514399142466355,0.008514399142466355,0.008514399142466355,0.9999999993503721,0,4.8249615159262724e-17,0
1,2,1034,0,0,2,0,1,2,3,1,0,0.24506276747022512,0,6.283185307179586,0.08325656894321941,21.01300206856613,-0.01,0.15,0.1,0.145,1,-0.7,0,0,0,0,0,0,0,0,0,0,0,0,-0.24491481173570082,-0.24491481173570082,-0.24491481173570082,-0.24491481173570082,0.008514399135103665,0.008514399135103665,0.008514399135103665,0.008514399135103665,1.0000000007734684,0,4.6548458777866906e-17,0
1,2,1035,0,0,2,0,1,2,3,1,0,0.24506276744797645,0,6.283185307179586,0.08325656894321949,21.03300207056613,-0.01,0.15,0.1,0.145,1,-0.7,0,0,0,0,0,0,0,0,0,0,0,0,-0.2449148117133482,-0.2449148117133482,-0.2449148117133482,-0.2449148117133482,0.00851439913770643,0.00851439913770643,0.00851439913770643,0.00851439913770643,0.9999999996035456,0,4.490727829778257e-17,0
1,2,1036,0,0,2,0,1,2,3,1,0,0.24506276744185804,0,6.283185307179586,0.08325656894321949,21.05300207256613,-0.01,0.15,0.1,0.145,1,-0.7,0,0,0,0,0,0,0,0,0,0,0,0,-0.24491481170720122,-0.24491481170720122,-0.24491481170720122,-0.24491481170720122,0.008514399138422174,0.008514399138422174,0.008514399138422174,0.008514399138422174,1.0000000001697416,0,4.332396326032074e-17,0
1,2,1037,0,0,2,0,1,2,3,1,0,0.2450627673983182,0,6.283185307179586,0.0832565689432195,21.07300207456613,-0.01,0.15,0.1,0.145,1,-0.7,0,0,0,0,0,0,0,0,0,0,0,0,-0.24491481166345802,-0.24491481166345802,-0.24491481166345802,-0.24491481166345802,0.008514399143515637,0.008514399143515637,0.008514399143515637,0.008514399143515637,1.000000000103043,0,4.1796471295034236e-17,0
1,2,1038,0,0,2,0,1,2,3,1,0,0.24506276742109756,0,6.283185307179586,0.08325656894321946,21.09300207656613,-0.01,0.15,0.1,0.145,1,-0.7,0,0,0,0,0,0,0,0,0,0,0,0,-0.24491481168634377,-0.24491481168634377,-0.24491481168634377,-0.24491481168634377,0.008514399140850797,0.008514399140850797,0.008514399140850797,0.008514399140850797,1.0000000005178435,0,4.03228351884088e-17,0
1,2,1039,0,0,2,0,1,2,3,1,0,0.2450627674402721,0,6.283185307179586,0.0832565689432194,21.11300207856613,-0.01,0.15,0.1,0.145,1,-0.7,0,0,0,0,0,0,0,0,0,0,0,0,-0.2449148117056079,-0.2449148117056079,-0.2449148117056079,-0.2449148117056079,0.008514399138607671,0.008514399138607671,0.008514399138607671,0.008514399138607671,1.0000000000685745,0,3.890115497047495e-17,0
1,2,1040,0,0,2,0,1,2,3,1,0,0.24506276746814862,0,6.283185307179586,0.08325656894321952,21.13300208056613,-0.01,0.15,0.1,0.145,1,-0.7,0,0,0,0,0,0,0,0,0,0,0,0,-0.2449148117336146,-0.2449148117336146,-0.2449148117336146,-0.2449148117336146,0.008514399135346603,0.008514399135346603,0.008514399135346603,0.008514399135346603,0.9999999999791669,0,3.75295998721142e-17,0
1,2,1041,0,0,2,0,1,2,3,1,0,0.2450627674628541,0,6.283185307179586,0.08325656894321953,21.15300208256613,-0.01,0.15,0.1,0.145,1,-0.7,0,0,0,0,0,0,0,0,0,0,0,0,-0.24491481172829538,-0.24491481172829538,-0.24491481172829538,-0.24491481172829538,0.008514399135965989,0.008514399135965989,0.008514399135965989,0.008514399135965989,0.9999999998099796,0,3.6206402209366246e-17,0
1,2,1042,0,0,2,0,1,2,3,1,0,0.2450627674656345,0,6.283185307179586,0.0832565689432195,21.17300208456613,-0.01,0.15,0.1,0.145,1,-0.7,0,0,0,0,0,0,0,0,0,0,0,0,-0.24491481173108876,-0.24491481173108876,-0.24491481173108876,-0.24491481173108876,0.008514399135640728,0.008514399135640728,0.008514399135640728,0.008514399135640728,0.999999999988745,0,3.492985740276456e-17,0
1,2,1043,0,0,2,0,1,2,3,1,0,0.24506276747139139,0,6.283185307179586,0.08325656894321956,21.19300208656613,-0.01,0.15,0.1,0.145,1,-0.7,0,0,0,0,0,0,0,0,0,0,0,0,-0.24491481173687252,-0.24491481173687252,-0.24491481173687252,-0.24491481173687252,0.008514399134967229,0.008514399134967229,0.008514399134967229,0.008514399134967229,0.9999999999471498,0,3.369832010335271e-17,0
1,2,1044,0,0,2,0,1,2,3,1,0,0.2450627674430651,0,6.283185307179586,0.0832565689432195,21.213002088566128,-0.01,0.15,0.1,0.145,1,-0.7,0,0,0,0,0,0,0,0,0,0,0,0,-0.24491481170841392,-0.24491481170841392,-0.24491481170841392,-0.24491481170841392,0.008514399138280986,0.008514399138280986,0.008514399138280986,0.008514399138280986,0.9999999998777582,0,3.2510203662780744e-17,0
1,2,1045,0,0,2,0,1,2,3,1,0,0.24506276742457317,0,6.283185307179586,0.08325656894321949,21.233002090566128,-0.01,0.15,0.1,0.145,1,-0.7,0,0,0,0,0,0,0,0,0,0,0,0,-0.24491481168983562,-0.24491481168983562,-0.24491481168983562,-0.24491481168983562,0.008514399140444225,0.008514399140444225,0.008514399140444225,0.008514399140444225,1.0000000002107114,0,3.136397741215118e-17,0
1,2,1046,0,0,2,0,1,2,3,1,0,0.2450627674536015,0,6.283185307179586,0.08325656894321942,21.253002092566128,-0.01,0.15,0.1,0.145,1,-0.7,0,0,0,0,0,0,0,0,0,0,0,0,-0.24491481171899956,-0.24491481171899956,-0.24491481171899956,-0.24491481171899956,0.008514399137048375,0.008514399137048375,0.008514399137048375,0.008514399137048375,1.0000000002442064,0,3.02581639735464e-17,0
1,2,1047,0,0,2,0,1,2,3,1,0,0.24506276743302247,0,6.283185307179586,0.08325656894321952,21.273002094566127,-0.01,0.15,0.1,0.145,1,-0.7,0,0,0,0,0,0,0,0,0,0,0,0,-0.24491481169832438,-0.24491481169832438,-0.24491481169832438,-0.24491481169832438,0.00851439913945581,0.00851439913945581,0.00851439913945581,0.00851439913945581,0.9999999998700417,0,2.9191338404268475e-17,0
1,2,1048,0,0,2,0,1,2,3,1,0,0.2450627675153169,0,6.283185307179586,0.08325656894321941,21.293002096566127,-0.01,0.15,0.1,0.145,1,-0.7,0,0,0,0,0,0,0,0,0,0,0,0,-0.24491481178100322,-0.24491481178100322,-0.24491481178100322,-0.24491481178100322,0.008514399129828647,0.008514399129828647,0.008514399129828647,0.008514399129828647,1.0000000002471126,0,2.816212683992928e-17,0
1,2,1049,0,0,2,0,1,2,3,1,0,0.24506276746788494,0,6.283185307179586,0.08325656894321948,21.313002098566127,-0.01,0.15,0.1,0.145,1,-0.7,0,0,0,0,0,0,0,0,0,0,0,0,-0.2449148117333497,-0.2449148117333497,-0.2449148117333497,-0.2449148117333497,0.008514399135377429,0.008514399135377429,0.008514399135377429,0.008514399135377429,0.9999999992603463,0,2.7169201856293324e-17,0
1,2,1050,0,0,2,0,1,2,3,1,0,0.24506276737135044,0,6.283185307179586,0.08325656894321944,21.333002100566127,-0.01,0.15,0.1,0.145,1,-0.7,0,0,0,0,0,0,0,0,0,0,0,0,-0.24491481163636428,-0.24491481163636428,-0.24491481163636428,-0.24491481163636428,0.008514399146670432,0.008514399146670432,0.008514399146670432,0.008514399146670432,1.0000000001711697,0,2.621128594327672e-17,0
1,2,1051,0,0,2,0,1,2,3,1,0,0.24506276748319158,0,6.283185307179586,0.08325656894321948,21.353002102566126,-0.01,0.15,0.1,0.145,1,-0.7,0,0,0,0,0,0,0,0,0,0,0,0,-0.24491481174872784,-0.24491481174872784,-0.24491481174872784,-0.24491481174872784,0.008514399133586818,0.008514399133586818,0.008514399133586818,0.008514399133586818,1.0000000009559287,0,2.5287143583676012e-17,0
1,2,1052,0,0,2,0,1,2,3,1,0,0.2450627674207224,0,6.283185307179586,0.08325656894321944,21.373002104566126,-0.01,0.15,0.1,0.145,1,-0.7,0,0,0,0,0,0,0,0,0,0,0,0,-0.24491481168596688,-0.24491481168596688,-0.24491481168596688,-0.24491481168596688,0.008514399140894677,0.008514399140894677,0.008514399140894677,0.008514399140894677,0.999999999280611,0,2.4395582829516984e-17,0
1,2,1053,0,0,2,0,1,2,3,1,0,0.24506276745901578,0,6.283185307179586,0.0832565689432194,21.393002106566126,-0.01,0.15,0.1,0.145,1,-0.7,0,0,0,0,0,0,0,0,0,0,0,0,-0.24491481172443913,-0.24491481172443913,-0.24491481172443913,-0.24491481172443913,0.00851439913641502,0.00851439913641502,0.00851439913641502,0.00851439913641502,1.000000000524473,0,2.3535457720989963e-17,0
1,2,1054,0,0,2,0,1,2,3,1,0,0.24506276745875427,0,6.283185307179586,0.08325656894321964,21.413002108566126,-0.01,0.15,0.1,0.145,1,-0.7,0,0,0,0,0,0,0,0,0,0,0,0,-0.24491481172417637,-0.24491481172417637,-0.24491481172417637,-0.24491481172417637,0.008514399136445609,0.008514399136445609,0.008514399136445609,0.008514399136445609,0.9999999997848832,0,2.2705657441599696e-17,0
1,2,1055,0,0,2,0,1,2,3,1,0,0.24506276742198266,0,6.283185307179586,0.08325656894321953,21.433002110566125,-0.01,0.15,0.1,0.145,1,-0.7,0,0,0,0,0,0,0,0,0,0,0,0,-0.244914811687233,-0.244914811687233,-0.244914811687233,-0.244914811687233,0.00851439914074726,0.00851439914074726,0.00851439914074726,0.00851439914074726,1.000000000000533,0,2.190511424259972e-17,0
1,2,1056,0,0,2,0,1,2,3,1,0,0.24506276741028454,0,6.283185307179586,0.08325656894321942,21.453002112566125,-0.01,0.15,0.1,0.145,1,-0.7,0,0,0,0,0,0,0,0,0,0,0,0,-0.24491481167548024,-0.24491481167548024,-0.24491481167548024,-0.24491481167548024,0.008514399142115783,0.008514399142115783,0.008514399142115783,0.008514399142115783,1.00000000037965,0,2.113279622385642e-17,0
1,2,1057,0,0,2,0,1,2,3,1,0,0.24506276743622732,0,6.283185307179586,0.08325656894321959,21.473002114566125,-0.01,0.15,0.1,0.145,1,-0.7,0,0,0,0,0,0,0,0,0,0,0,0,-0.2449148117015442,-0.2449148117015442,-0.2449148117015442,-0.2449148117015442,0.008514399139080905,0.008514399139080905,0.008514399139080905,0.008514399139080905,1.0000000003090932,0,2.0387707954884595e-17,0
1,2,1058,0,0,2,0,1,2,3,1,0,0.2450627674594774,0,6.283185307179586,0.0832565689432195,21.493002116566124,-0.01,0.15,0.1,0.145,1,-0.7,0,0,0,0,0,0,0,0,0,0,0,0,-0.24491481172490287,-0.24491481172490287,-0.24491481172490287,-0.24491481172490287,0.008514399136361015,0.008514399136361015,0.008514399136361015,0.008514399136361015,0.9999999999632578,0,1.9668889478313758e-17,0
1,2,1059,0,0,2,0,1,2,3,1,0,0.24506276745852396,0,6.283185307179586,0.08325656894321957,21.513002118566124,-0.01,0.15,0.1,0.145,1,-0.7,0,0,0,0,0,0,0,0,0,0,0,0,-0.244914811723945,-0.244914811723945,-0.244914811723945,-0.244914811723945,0.008514399136472525,0.008514399136472525,0.008514399136472525,0.008514399136472525,0.9999999998566196,0,1.8975414796214285e-17,0
1,2,1060,0,0,2,0,1,2,3,1,0,0.24506276747102912,0,6.283185307179586,0.08325656894321944,21.533002120566124,-0.01,0.15,0.1,0.145,1,-0.7,0,0,0,0,0,0,0,0,0,0,0,0,-0.24491481173650856,-0.24491481173650856,-0.24491481173650856,-0.24491481173650856,0.008514399135009646,0.008514399135009646,0.008514399135009646,0.008514399135009646,0.9999999999839915,0,1.8306390350182288e-17,0
1,2,1061,0,0,2,0,1,2,3,1,0,0.24506276743392608,0,6.283185307179586,0.08325656894321949,21.553002122566124,-0.01,0.15,0.1,0.145,1,-0.7,0,0,0,0,0,0,0,0,0,0,0,0,-0.2449148116992322,-0.2449148116992322,-0.2449148116992322,-0.2449148116992322,0.008514399139350096,0.008514399139350096,0.008514399139350096,0.008514399139350096,0.9999999998565059,0,1.7660953887643145e-17,0
1,2,1062,0,0,2,0,1,2,3,1,0,0.24506276739022065,0,6.283185307179586,0.08325656894321941,21.573002124566123,-0.01,0.15,0.1,0.145,1,-0.7,0,0,0,0,0,0,0,0,0,0,0,0,-0.24491481165532264,-0.24491481165532264,-0.24491481165532264,-0.24491481165532264,0.008514399144462937,0.008514399144462937,0.008514399144462937,0.008514399144462937,1.0000000003108056,0,1.703827408028224e-17,0
1,2,1063,0,0,2,0,1,2,3,1,0,0.24506276741283528,0,6.283185307179586,0.08325656894321959,21.593002126566123,-0.01,0.15,0.1,0.145,1,-0.7,0,0,0,0,0,0,0,0,0,0,0,0,-0.24491481167804288,-0.24491481167804288,-0.24491481167804288,-0.24491481167804288,0.008514399141817367,0.008514399141817367,0.008514399141817367,0.008514399141817367,1.0000000005846417,0,1.643754829315422e-17,0
1,2,1064,0,0,2,0,1,2,3,1,0,0.24506276749106723,0,6.283185307179586,0.08325656894321944,21.613002128566123,-0.01,0.15,0.1,0.145,1,-0.7,0,0,0,0,0,0,0,0,0,0,0,0,-0.2449148117566403,-0.2449148117566403,-0.2449148117566403,-0.2449148117566403,0.008514399132665508,0.008514399132665508,0.008514399132665508,0.008514399132665508,1.0000000001256382,0,1.585800230479604e-17,0
1,2,1065,0,0,2,0,1,2,3,1,0,0.24506276748745445,0,6.283185307179586,0.08325656894321956,21.633002130566123,-0.01,0.15,0.1,0.145,1,-0.7,0,0,0,0,0,0,0,0,0,0,0,0,-0.24491481175301064,-0.24491481175301064,-0.24491481175301064,-0.24491481175301064,0.008514399133088118,0.008514399133088118,0.008514399133088118,0.008514399133088118,0.9999999994054534,0,1.529888955022891e-17,0
1,2,1066,0,0,2,0,1,2,3,1,0,0.2450627674982126,0,6.283185307179586,0.08325656894321944,21.653002132566122,-0.01,0.15,0.1,0.145,1,-0.7,0,0,0,0,0,0,0,0,0,0,0,0,-0.24491481176381902,-0.24491481176381902,-0.24491481176381902,-0.24491481176381902,0.008514399131829596,0.008514399131829596,0.008514399131829596,0.008514399131829596,0.999999999868443,0,1.4759490053524213e-17,0
1,2,1067,0,0,2,0,1,2,3,1,0,0.2450627674276297,0,6.283185307179586,0.08325656894321937,21.673002134566122,-0.01,0.15,0.1,0.145,1,-0.7,0,0,0,0,0,0,0,0,0,0,0,0,-0.24491481169290644,-0.24491481169290644,-0.24491481169290644,-0.24491481169290644,0.008514399140086653,0.008514399140086653,0.008514399140086653,0.008514399140086653,0.9999999997367155,0,1.4239108217216723e-17,0
1,2,1068,0,0,2,0,1,2,3,1,0,0.24506276740245736,0,6.283185307179586,0.08325656894321959,21.693002136566122,-0.01,0.15,0.1,0.145,1,-0.7,0,0,0,0,0,0,0,0,0,0,0,0,-0.2449148116676165,-0.2449148116676165,-0.2449148116676165,-0.2449148116676165,0.008514399143031428,0.008514399143031428,0.008514399143031428,0.008514399143031428,1.0000000005103118,0,1.3737073988712189e-17,0
1,2,1069,0,0,2,0,1,2,3,1,0,0.24506276745591252,0,6.283185307179586,0.0832565689432194,21.71300213856612,-0.01,0.15,0.1,0.145,1,-0.7,0,0,0,0,0,0,0,0,0,0,0,0,-0.24491481172132137,-0.24491481172132137,-0.24491481172132137,-0.24491481172132137,0.008514399136778022,0.008514399136778022,0.008514399136778022,0.008514399136778022,1.0000000004148646,0,1.3252739933087631e-17,0
1,2,1070,0,0,2,0,1,2,3,1,0,0.24506276741725969,0,6.283185307179586,0.08325656894321945,21.73300214056612,-0.01,0.15,0.1,0.145,1,-0.7,0,0,0,0,0,0,0,0,0,0,0,0,-0.244914811682488,-0.244914811682488,-0.244914811682488,-0.244914811682488,0.008514399141299813,0.008514399141299813,0.008514399141299813,0.008514399141299813,0.9999999997385629,0,1.2785482093196682e-17,0
1,2,1071,0,0,2,0,1,2,3,1,0,0.2450627674518489,0,6.283185307179586,0.08325656894321945,21.75300214256612,-0.01,0.15,0.1,0.145,1,-0.7,0,0,0,0,0,0,0,0,0,0,0,0,-0.24491481171723878,-0.24491481171723878,-0.24491481171723878,-0.24491481171723878,0.008514399137253381,0.008514399137253381,0.008514399137253381,0.008514399137253381,1.0000000004076526,0,1.2334698943244464e-17,0
1,2,1072,0,0,2,0,1,2,3,1,0,0.2450627674418723,0,6.283185307179586,0.08325656894321945,21.77300214456612,-0.01,0.15,0.1,0.145,1,-0.7,0,0,0,0,0,0,0,0,0,0,0,0,-0.24491481170721557,-0.24491481170721557,-0.24491481170721557,-0.24491481170721557,0.008514399138420494,0.008514399138420494,0.008514399138420494,0.008514399138420494,0.9999999998448317,0,1.1899808922268866e-17,0
1,2,1073,0,0,2,0,1,2,3,1,0,0.24506276748184413,0,6.283185307179586,0.08325656894321945,21.79300214656612,-0.01,0.15,0.1,0.145,1,-0.7,0,0,0,0,0,0,0,0,0,0,0,0,-0.2449148117473741,-0.2449148117473741,-0.2449148117473741,-0.2449148117473741,0.00851439913374446,0.00851439913374446,0.00851439913374446,0.00851439913374446,1.0000000001193143,0,1.1480252226453805e-17,0
1,2,1074,0,0,2,0,1,2,3,1,0,0.24506276744677088,0,6.283185307179586,0.08325656894321956,21.81300214856612,-0.01,0.15,0.1,0.145,1,-0.7,0,0,0,0,0,0,0,0,0,0,0,0,-0.24491481171213703,-0.24491481171213703,-0.24491481171213703,-0.24491481171213703,0.008514399137847439,0.008514399137847439,0.008514399137847439,0.008514399137847439,0.9999999996746922,0,1.1075487839156573e-17,0
1,2,1075,0,0,2,0,1,2,3,1,0,0.24506276747536992,0,6.283185307179586,0.08325656894321942,21.83300215056612,-0.01,0.15,0.1,0.145,1,-0.7,0,0,0,0,0,0,0,0,0,0,0,0,-0.24491481174086965,-0.24491481174086965,-0.24491481174086965,-0.24491481174086965,0.008514399134501822,0.008514399134501822,0.008514399134501822,0.008514399134501822,1.0000000002237286,0,1.068499465529288e-17,0
1,2,1076,0,0,2,0,1,2,3,1,0,0.2450627674656992,0,6.283185307179586,0.08325656894321952,21.85300215256612,-0.01,0.15,0.1,0.145,1,-0.7,0,0,0,0,0,0,0,0,0,0,0,0,-0.24491481173115373,-0.24491481173115373,-0.24491481173115373,-0.24491481173115373,0.008514399135633155,0.008514399135633155,0.008514399135633155,0.008514399135633155,0.9999999997483613,0,1.0308269016955108e-17,0
1,2,1077,0,0,2,0,1,2,3,1,0,0.24506276745333574,0,6.283185307179586,0.08325656894321949,21.87300215456612,-0.01,0.15,0.1,0.145,1,-0.7,0,0,0,0,0,0,0,0,0,0,0,0,-0.24491481171873256,-0.24491481171873256,-0.24491481171873256,-0.24491481171873256,0.008514399137079492,0.008514399137079492,0.008514399137079492,0.008514399137079492,1.000000000010722,0,9.944825922600439e-18,0
1,2,1078,0,0,2,0,1,2,3,1,0,0.24506276749721678,0,6.283185307179586,0.08325656894321944,21.89300215656612,-0.01,0.15,0.1,0.145,1,-0.7,0,0,0,0,0,0,0,0,0,0,0,0,-0.24491481176281854,-0.24491481176281854,-0.24491481176281854,-0.24491481176281854,0.008514399131946113,0.008514399131946113,0.008514399131946113,0.008514399131946113,1.0000000000872689,0,9.59419686238895e-18,0
1,2,1079,0,0,2,0,1,2,3,1,0,0.2450627674555714,0,6.283185307179586,0.08325656894321957,21.91300215856612,-0.01,0.15,0.1,0.145,1,-0.7,0,0,0,0,0,0,0,0,0,0,0,0,-0.24491481172097865,-0.24491481172097865,-0.24491481172097865,-0.24491481172097865,0.008514399136817945,0.008514399136817945,0.008514399136817945,0.008514399136817945,0.99999999956529,0,9.255929961460935e-18,0
1,2,1080,0,0,2,0,1,2,3,1,0,0.24506276741837651,0,6.283185307179586,0.08325656894321941,21.93300216056612,-0.01,0.15,0.1,0.145,1,-0.7,0,0,0,0,0,0,0,0,0,0,0,0,-0.24491481168361,-0.24491481168361,-0.24491481168361,-0.24491481168361,0.008514399141169143,0.008514399141169143,0.008514399141169143,0.008514399141169143,1.0000000002180798,0,8.929589721198167e-18,0
1,2,1081,0,0,2,0,1,2,3,1,0,0.245062767460093,0,6.283185307179586,0.08325656894321955,21.95300216256612,-0.01,0.15,0.1,0.145,1,-0.7,0,0,0,0,0,0,0,0,0,0,0,0,-0.24491481172552138,-0.24491481172552138,-0.24491481172552138,-0.24491481172552138,0.008514399136288956,0.008514399136288956,0.008514399136288956,0.008514399136288956,1.0000000003994671,0,8.614755303968885e-18,0
1,2,1082,0,0,2,0,1,2,3,1,0,0.24506276745815608,0,6.283185307179586,0.08325656894321937,21.973002164566118,-0.01,0.15,0.1,0.145,1,-0.7,0,0,0,0,0,0,0,0,0,0,0,0,-0.2449148117235754,-0.2449148117235754,-0.2449148117235754,-0.2449148117235754,0.008514399136515586,0.008514399136515586,0.008514399136515586,0.008514399136515586,0.9999999997807265,0,8.311020993320313e-18,0
1,2,1083,0,0,2,0,1,2,3,1,0,0.24506276745352648,0,6.283185307179586,0.08325656894321957,21.993002166566118,-0.01,0.15,0.1,0.145,1,-0.7,0,0,0,0,0,0,0,0,0,0,0,0,-0.24491481171892415,-0.24491481171892415,-0.24491481171892415,-0.24491481171892415,0.008514399137057182,0.008514399137057182,0.008514399137057182,0.008514399137057182,1.0000000000036238,0,8.017995733618317e-18,0
1,2,1084,0,0,2,0,1,2,3,1,0,0.24506276749975672,0,6.283185307179586,0.08325656894321948,22.013002168566118,-0.01,0.15,0.1,0.145,1,-0.7,0,0,0,0,0,0,0,0,0,0,0,0,-0.24491481176537036,-0.24491481176537036,-0.24491481176537036,-0.24491481176537036,0.008514399131648979,0.008514399131648979,0.008514399131648979,0.008514399131648979,1.000000000041318,0,7.735301758014318e-18,0
1,2,1085,0,0,2,0,1,2,3,1,0,0.2450627674718548,0,6.283185307179586,0.08325656894321955,22.033002170566117,-0.01,0.15,0.1,0.145,1,-0.7,0,0,0,0,0,0,0,0,0,0,0,0,-0.2449148117373381,-0.2449148117373381,-0.2449148117373381,-0.2449148117373381,0.008514399134913024,0.008514399134913024,0.008514399134913024,0.008514399134913024,0.999999999541032,0,7.462574757449964e-18,0
1,2,1086,0,0,2,0,1,2,3,1,0,0.2450627674511155,0,6.283185307179586,0.08325656894321938,22.053002172566117,-0.01,0.15,0.1,0.145,1,-0.7,0,0,0,0,0,0,0,0,0,0,0,0,-0.24491481171650192,-0.24491481171650192,-0.24491481171650192,-0.24491481171650192,0.008514399137339227,0.008514399137339227,0.008514399137339227,0.008514399137339227,1.0000000000679137,0,7.199463580333545e-18,0
1,2,1087,0,0,2,0,1,2,3,1,0,0.24506276748095074,0,6.283185307179586,0.08325656894321945,22.073002174566117,-0.01,0.15,0.1,0.145,1,-0.7,0,0,0,0,0,0,0,0,0,0,0,0,-0.24491481174647653,-0.24491481174647653,-0.24491481174647653,-0.24491481174647653,0.008514399133848962,0.008514399133848962,0.008514399133848962,0.008514399133848962,1.0000000001426486,0,6.945628955225474e-18,0
1,2,1088,0,0,2,0,1,2,3,1,0,0.2450627674193046,0,6.283185307179586,0.08325656894321953,22.093002176566117,-0.01,0.15,0.1,0.145,1,-0.7,0,0,0,0,0,0,0,0,0,0,0,0,-0.24491481168454246,-0.24491481168454246,-0.24491481168454246,-0.24491481168454246,0.008514399141060582,0.008514399141060582,0.008514399141060582,0.008514399141060582,0.999999999720643,0,6.700743815212026e-18,0
1,2,1089,0,0,2,0,1,2,3,1,0,0.2450627674239784,0,6.283185307179586,0.08325656894321949,22.113002178566116,-0.01,0.15,0.1,0.145,1,-0.7,0,0,0,0,0,0,0,0,0,0,0,0,-0.24491481168923807,-0.24491481168923807,-0.24491481168923807,-0.24491481168923807,0.008514399140513815,0.008514399140513815,0.008514399140513815,0.008514399140513815,1.0000000005133103,0,6.4644928747225805e-18,0
1,2,1090,0,0,2,0,1,2,3,1,0,0.24506276744478225,0,6.283185307179586,0.08325656894321941,22.133002180566116,-0.01,0.15,0.1,0.145,1,-0.7,0,0,0,0,0,0,0,0,0,0,0,0,-0.2449148117101391,-0.2449148117101391,-0.2449148117101391,-0.2449148117101391,0.008514399138080083,0.008514399138080083,0.008514399138080083,0.008514399138080083,1.000000000136879,0,6.236571371040817e-18,0
1,2,1091,0,0,2,0,1,2,3,1,0,0.24506276746890404,0,6.283185307179586,0.08325656894321942,22.153002182566116,-0.01,0.15,0.1,0.145,1,-0.7,0,0,0,0,0,0,0,0,0,0,0,0,-0.24491481173437354,-0.24491481173437354,-0.24491481173437354,-0.24491481173437354,0.008514399135258246,0.008514399135258246,0.008514399135258246,0.008514399135258246,0.9999999999556337,0,6.0166858211381485e-18,0
1,2,1092,0,0,2,0,1,2,3,1,0,0.24506276745447075,0,6.283185307179586,0.08325656894321952,22.173002184566116,-0.01,0.15,0.1,0.145,1,-0.7,0,0,0,0,0,0,0,0,0,0,0,0,-0.24491481171987287,-0.24491481171987287,-0.24491481171987287,-0.24491481171987287,0.008514399136946665,0.008514399136946665,0.008514399136946665,0.008514399136946665,0.9999999998078621,0,5.804552879364621e-18,0
1,2,1093,0,0,2,0,1,2,3,1,0,0.24506276748488642,0,6.283185307179586,0.08325656894321953,22.193002186566115,-0.01,0.15,0.1,0.145,1,-0.7,0,0,0,0,0,0,0,0,0,0,0,0,-0.2449148117504306,-0.2449148117504306,-0.2449148117504306,-0.2449148117504306,0.008514399133388563,0.008514399133388563,0.008514399133388563,0.008514399133388563,1.0000000000934648,0,5.5998992543669735e-18,0
1,2,1094,0,0,2,0,1,2,3,1,0,0.2450627674399723,0,6.283185307179586,0.08325656894321945,22.213002188566115,-0.01,0.15,0.1,0.145,1,-0.7,0,0,0,0,0,0,0,0,0,0,0,0,-0.24491481170530668,-0.24491481170530668,-0.24491481170530668,-0.24491481170530668,0.008514399138642747,0.008514399138642747,0.008514399138642747,0.008514399138642747,0.9999999997107665,0,5.402461110076218e-18,0
1,2,1095,0,0,2,0,1,2,3,1,0,0.24506276738782887,0,6.283185307179586,0.0832565689432195,22.233002190566115,-0.01,0.15,0.1,0.145,1,-0.7,0,0,0,0,0,0,0,0,0,0,0,0,-0.24491481165291967,-0.24491481165291967,-0.24491481165291967,-0.24491481165291967,0.008514399144742727,0.008514399144742727,0.008514399144742727,0.008514399144742727,1.000000000317037,0,5.211984249035843e-18,0
1,2,1096,0,0,2,0,1,2,3,1,0,0.24506276739633734,0,6.283185307179586,0.08325656894321946,22.253002192566115,-0.01,0.15,0.1,0.145,1,-0.7,0,0,0,0,0,0,0,0,0,0,0,0,-0.2449148116614679,-0.2449148116614679,-0.2449148116614679,-0.2449148116614679,0.008514399143747376,0.008514399143747376,0.008514399143747376,0.008514399143747376,1.0000000006289795,0,5.028223075813096e-18,0
1,2,1097,0,0,2,0,1,2,3,1,0,0.2450627674478706,0,6.283185307179586,0.08325656894321948,22.273002194566114,-0.01,0.15,0.1,0.145,1,-0.7,0,0,0,0,0,0,0,0,0,0,0,0,-0.24491481171324186,-0.24491481171324186,-0.24491481171324186,-0.24491481171324186,0.008514399137718828,0.008514399137718828,0.008514399137718828,0.008514399137718828,1.000000000260357,0,4.850940776738473e-18,0
1,2,1098,0,0,2,0,1,2,3,1,0,0.24506276740162689,0,6.283185307179586,0.08325656894321956,22.293002196566114,-0.01,0.15,0.1,0.145,1,-0.7,0,0,0,0,0,0,0,0,0,0,0,0,-0.24491481166678217,-0.24491481166678217,-0.24491481166678217,-0.24491481166678217,0.008514399143128555,0.008514399143128555,0.008514399143128555,0.008514399143128555,0.9999999997939284,0,4.679908984616115e-18,0
1,2,1099,0,0,2,0,1,2,3,1,0,0.2450627674384811,0,6.283185307179586,0.08325656894321938,22.313002198566114,-0.01,0.15,0.1,0.145,1,-0.7,0,0,0,0,0,0,0,0,0,0,0,0,-0.24491481170380852,-0.24491481170380852,-0.24491481170380852,-0.24491481170380852,0.008514399138817234,0.008514399138817234,0.008514399138817234,0.008514399138817234,1.000000000533042,0,4.514907462814516e-18,0
1,2,1100,0,0,2,0,1,2,3,1,0,0.24506276743586886,0,6.283185307179586,0.08325656894321956,22.333002200566114,-0.01,0.15,0.1,0.145,1,-0.7,0,0,0,0,0,0,0,0,0,0,0,0,-0.24491481170118407,-0.24491481170118407,-0.24491481170118407,-0.24491481170118407,0.008514399139122799,0.008514399139122799,0.008514399139122799,0.008514399139122799,0.9999999999011564,0,4.355723334845212e-18,0
1,2,1101,0,0,2,0,1,2,3,1,0,0.24506276744967181,0,6.283185307179586,0.08325656894321948,22.353002202566113,-0.01,0.15,0.1,0.145,1,-0.7,0,0,0,0,0,0,0,0,0,0,0,0,-0.2449148117150515,-0.2449148117150515,-0.2449148117150515,-0.2449148117150515,0.008514399137508103,0.008514399137508103,0.008514399137508103,0.008514399137508103,1.0000000001246931,0,4.202151713149146e-18,0
1,2,1102,0,0,2,0,1,2,3,1,0,0.24506276742696464,0,6.283185307179586,0.08325656894321952,22.373002204566113,-0.01,0.15,0.1,0.145,1,-0.7,0,0,0,0,0,0,0,0,0,0,0,0,-0.24491481169223828,-0.24491481169223828,-0.24491481169223828,-0.24491481169223828,0.008514399140164457,0.008514399140164457,0.008514399140164457,0.008514399140164457,0.9999999999598046,0,4.053994598103065e-18,0
1,2,1103,0,0,2,0,1,2,3,1,0,0.24506276741409166,0,6.283185307179586,0.08325656894321942,22.393002206566113,-0.01,0.15,0.1,0.145,1,-0.7,0,0,0,0,0,0,0,0,0,0,0,0,-0.24491481167930515,-0.24491481167930515,-0.24491481167930515,-0.24491481167930515,0.00851439914167038,0.00851439914167038,0.00851439914167038,0.00851439914167038,1.0000000003003393,0,3.911061164720002e-18,0
1,2,1104,0,0,2,0,1,2,3,1,0,0.24506276750346673,0,6.283185307179586,0.08325656894321946,22.413002208566112,-0.01,0.15,0.1,0.145,1,-0.7,0,0,0,0,0,0,0,0,0,0,0,0,-0.24491481176909768,-0.24491481176909768,-0.24491481176909768,-0.24491481176909768,0.008514399131214928,0.008514399131214928,0.008514399131214928,0.008514399131214928,1.0000000003082974,0,3.773167172178161e-18,0
1,2,1105,0,0,2,0,1,2,3,1,0,0.24506276747774897,0,6.283185307179586,0.08325656894321941,22.433002210566112,-0.01,0.15,0.1,0.145,1,-0.7,0,0,0,0,0,0,0,0,0,0,0,0,-0.2449148117432598,-0.2449148117432598,-0.2449148117432598,-0.2449148117432598,0.008514399134223532,0.008514399134223532,0.008514399134223532,0.008514399134223532,0.9999999992905231,0,3.640134885145092e-18,0
1,2,1106,0,0,2,0,1,2,3,1,0,0.24506276740951008,0,6.283185307179586,0.0832565689432196,22.453002212566112,-0.01,0.15,0.1,0.145,1,-0.7,0,0,0,0,0,0,0,0,0,0,0,0,-0.24491481167470217,-0.24491481167470217,-0.24491481167470217,-0.24491481167470217,0.008514399142206355,0.008514399142206355,0.008514399142206355,0.008514399142206355,1.0000000000190923,0,3.51179311563966e-18,0
1,2,1107,0,0,2,0,1,2,3,1,0,0.2450627674335974,0,6.283185307179586,0.08325656894321949,22.47300221456611,-0.01,0.15,0.1,0.145,1,-0.7,0,0,0,0,0,0,0,0,0,0,0,0,-0.244914811698902,-0.244914811698902,-0.244914811698902,-0.244914811698902,0.008514399139388514,0.008514399139388514,0.008514399139388514,0.008514399139388514,1.000000000594767,0,3.3879763340988457e-18,0
1,2,1108,0,0,2,0,1,2,3,1,0,0.24506276741579078,0,6.283185307179586,0.08325656894321945,22.49300221656611,-0.01,0.15,0.1,0.145,1,-0.7,0,0,0,0,0,0,0,0,0,0,0,0,-0.2449148116810122,-0.2449148116810122,-0.2449148116810122,-0.2449148116810122,0.008514399141471625,0.008514399141471625,0.008514399141471625,0.008514399141471625,1.0000000000025793,0,3.2685249260077126e-18,0
1,2,1109,0,0,2,0,1,2,3,1,0,0.2450627673961387,0,6.283185307179586,0.08325656894321956,22.51300221856611,-0.01,0.15,0.1,0.145,1,-0.7,0,0,0,0,0,0,0,0,0,0,0,0,-0.24491481166126833,-0.24491481166126833,-0.24491481166126833,-0.24491481166126833,0.00851439914377062,0.00851439914377062,0.00851439914377062,0.00851439914377062,1.0000000003151897,0,3.153285135475211e-18,0
1,2,1110,0,0,2,0,1,2,3,1,0,0.24506276747277844,0,6.283185307179586,0.08325656894321946,22.53300222056611,-0.01,0.15,0.1,0.145,1,-0.7,0,0,0,0,0,0,0,0,0,0,0,0,-0.24491481173826607,-0.24491481173826607,-0.24491481173826607,-0.24491481173826607,0.008514399134804953,0.008514399134804953,0.008514399134804953,0.008514399134804953,1.0000000004051586,0,3.042108390147631e-18,0
1,2,1111,0,0,2,0,1,2,3,1,0,0.24506276741606337,0,6.283185307179586,0.08325656894321935,22.55300222256611,-0.01,0.15,0.1,0.145,1,-0.7,0,0,0,0,0,0,0,0,0,0,0,0,-0.24491481168128607,-0.24491481168128607,-0.24491481168128607,-0.24491481168128607,0.00851439914143972,0.00851439914143972,0.00851439914143972,0.00851439914143972,0.9999999995279509,0,2.934851384391868e-18,0
1,2,1112,0,0,2,0,1,2,3,1,0,0.24506276750166758,0,6.283185307179586,0.08325656894321953,22.57300222456611,-0.01,0.15,0.1,0.145,1,-0.7,0,0,0,0,0,0,0,0,0,0,0,0,-0.24491481176729016,-0.24491481176729016,-0.24491481176729016,-0.24491481176729016,0.008514399131425428,0.008514399131425428,0.008514399131425428,0.008514399131425428,1.0000000005047553,0,2.8313761092159958e-18,0
1,2,1113,0,0,2,0,1,2,3,1,0,0.24506276745725775,0,6.283185307179586,0.0832565689432195,22.59300222656611,-0.01,0.15,0.1,0.145,1,-0.7,0,0,0,0,0,0,0,0,0,0,0,0,-0.24491481172267288,-0.24491481172267288,-0.24491481172267288,-0.24491481172267288,0.008514399136620669,0.008514399136620669,0.008514399136620669,0.008514399136620669,0.9999999993145465,0,2.7315489698613727e-18,0
1,2,1114,0,0,2,0,1,2,3,1,0,0.2450627674172983,0,6.283185307179586,0.08325656894321957,22.61300222856611,-0.01,0.15,0.1,0.145,1,-0.7,0,0,0,0,0,0,0,0,0,0,0,0,-0.24491481168252677,-0.24491481168252677,-0.24491481168252677,-0.24491481168252677,0.008514399141295275,0.008514399141295275,0.008514399141295275,0.008514399141295275,1.0000000002359641,0,2.6352416076043925e-18,0
1,2,1115,0,0,2,0,1,2,3,1,0,0.24506276746824646,0,6.283185307179586,0.08325656894321945,22.63300223056611,-0.01,0.15,0.1,0.145,1,-0.7,0,0,0,0,0,0,0,0,0,0,0,0,-0.2449148117337129,-0.2449148117337129,-0.2449148117337129,-0.2449148117337129,0.008514399135335176,0.008514399135335176,0.008514399135335176,0.008514399135335176,1.0000000004260414,0,2.5423297524750874e-18,0
1,2,1116,0,0,2,0,1,2,3,1,0,0.24506276743338262,0,6.283185307179586,0.08325656894321949,22.65300223256611,-0.01,0.15,0.1,0.145,1,-0.7,0,0,0,0,0,0,0,0,0,0,0,0,-0.2449148116986862,-0.2449148116986862,-0.2449148116986862,-0.2449148116986862,0.008514399139413643,0.008514399139413643,0.008514399139413643,0.008514399139413643,0.999999999696719,0,2.4526936792929338e-18,0
1,2,1117,0,0,2,0,1,2,3,1,0,0.24506276740835287,0,6.283185307179586,0.08325656894321944,22.67300223456611,-0.01,0.15,0.1,0.145,1,-0.7,0,0,0,0,0,0,0,0,0,0,0,0,-0.24491481167353957,-0.24491481167353957,-0.24491481167353957,-0.24491481167353957,0.008514399142341733,0.008514399142341733,0.008514399142341733,0.008514399142341733,1.0000000003058815,0,2.3662180194933533e-18,0
1,2,1118,0,0,2,0,1,2,3,1,0,0.24506276746223596,0,6.283185307179586,0.08325656894321952,22.69300223656611,-0.01,0.15,0.1,0.145,1,-0.7,0,0,0,0,0,0,0,0,0,0,0,0,-0.24491481172767432,-0.24491481172767432,-0.24491481172767432,-0.24491481172767432,0.008514399136038272,0.008514399136038272,0.008514399136038272,0.008514399136038272,1.0000000004018474,0,2.282791240057619e-18,0
1,2,1119,0,0,2,0,1,2,3,1,0,0.24506276742463887,0,6.283185307179586,0.08325656894321944,22.71300223856611,-0.01,0.15,0.1,0.145,1,-0.7,0,0,0,0,0,0,0,0,0,0,0,0,-0.24491481168990162,-0.24491481168990162,-0.24491481168990162,-0.24491481168990162,0.008514399140436548,0.008514399140436548,0.008514399140436548,0.008514399140436548,0.9999999996813713,0,2.2023058362418758e-18,0
1,2,1120,0,0,2,0,1,2,3,1,0,0.24506276752130252,0,6.283185307179586,0.08325656894321957,22.73300224056611,-0.01,0.15,0.1,0.145,1,-0.7,0,0,0,0,0,0,0,0,0,0,0,0,-0.2449148117870168,-0.2449148117870168,-0.2449148117870168,-0.2449148117870168,0.008514399129128465,0.008514399129128465,0.008514399129128465,0.008514399129128465,1.0000000003732552,0,2.1246582088456234e-18,0
1,2,1121,0,0,2,0,1,2,3,1,0,0.24506276740750588,0,6.283185307179586,0.08325656894321941,22.753002242566108,-0.01,0.15,0.1,0.145,1,-0.7,0,0,0,0,0,0,0,0,0,0,0,0,-0.24491481167268858,-0.24491481167268858,-0.24491481167268858,-0.24491481167268858,0.008514399142440851,0.008514399142440851,0.008514399142440851,0.008514399142440851,0.9999999991648991,0,2.049748148878562e-18,0
1,2,1122,0,0,2,0,1,2,3,1,0,0.24506276748533024,0,6.283185307179586,0.08325656894321949,22.773002244566108,-0.01,0.15,0.1,0.145,1,-0.7,0,0,0,0,0,0,0,0,0,0,0,0,-0.24491481175087648,-0.24491481175087648,-0.24491481175087648,-0.24491481175087648,0.008514399133336608,0.008514399133336608,0.008514399133336608,0.008514399133336608,1.000000000861391,0,1.9774793583888703e-18,0
1,2,1123,0,0,2,0,1,2,3,1,0,0.24506276747529848,0,6.283185307179586,0.08325656894321948,22.793002246566108,-0.01,0.15,0.1,0.145,1,-0.7,0,0,0,0,0,0,0,0,0,0,0,0,-0.24491481174079788,-0.24491481174079788,-0.24491481174079788,-0.24491481174079788,0.008514399134510164,0.008514399134510164,0.008514399134510164,0.008514399134510164,0.9999999994522071,0,1.9077584425257686e-18,0
1,2,1124,0,0,2,0,1,2,3,1,0,0.24506276746858469,0,6.283185307179586,0.08325656894321948,22.813002248566107,-0.01,0.15,0.1,0.145,1,-0.7,0,0,0,0,0,0,0,0,0,0,0,0,-0.24491481173405272,-0.24491481173405272,-0.24491481173405272,-0.24491481173405272,0.0085143991352956,0.0085143991352956,0.0085143991352956,0.0085143991352956,0.9999999999593783,0,1.840495790279802e-18,0
1,2,1125,0,0,2,0,1,2,3,1,0,0.24506276742536026,0,6.283185307179586,0.08325656894321945,22.833002250566107,-0.01,0.15,0.1,0.145,1,-0.7,0,0,0,0,0,0,0,0,0,0,0,0,-0.2449148116906264,-0.2449148116906264,-0.2449148116906264,-0.2449148116906264,0.008514399140352142,0.008514399140352142,0.008514399140352142,0.008514399140352142,0.9999999999661853,0,1.775604626015974e-18,0
1,2,1126,0,0,2,0,1,2,3,1,0,0.24506276741734967,0,6.283185307179586,0.08325656894321952,22.853002252566107,-0.01,0.15,0.1,0.145,1,-0.7,0,0,0,0,0,0,0,0,0,0,0,0,-0.24491481168257836,-0.24491481168257836,-0.24491481168257836,-0.24491481168257836,0.008514399141289297,0.008514399141289297,0.008514399141289297,0.008514399141289297,1.0000000004013145,0,1.7130013735251078e-18,0
1,2,1127,0,0,2,0,1,2,3,1,0,0.245062767458375,0,6.283185307179586,0.08325656894321952,22.873002254566106,-0.01,0.15,0.1,0.145,1,-0.7,0,0,0,0,0,0,0,0,0,0,0,0,-0.24491481172379534,-0.24491481172379534,-0.24491481172379534,-0.24491481172379534,0.008514399136489983,0.008514399136489983,0.008514399136489983,0.008514399136489983,1.000000000257927,0,1.6526053295654214e-18,0
1,2,1128,0,0,2,0,1,2,3,1,0,0.24506276740700772,0,6.283185307179586,0.08325656894321956,22.893002256566106,-0.01,0.15,0.1,0.145,1,-0.7,0,0,0,0,0,0,0,0,0,0,0,0,-0.24491481167218812,-0.24491481167218812,-0.24491481167218812,-0.24491481167218812,0.008514399142499119,0.008514399142499119,0.008514399142499119,0.008514399142499119,0.9999999997829931,0,1.5943386835364966e-18,0
1,2,1129,0,0,2,0,1,2,3,1,0,0.24506276747103894,0,6.283185307179586,0.08325656894321945,22.913002258566106,-0.01,0.15,0.1,0.145,1,-0.7,0,0,0,0,0,0,0,0,0,0,0,0,-0.24491481173651844,-0.24491481173651844,-0.24491481173651844,-0.24491481173651844,0.008514399135008493,0.008514399135008493,0.008514399135008493,0.008514399135008493,1.0000000005306475,0,1.538126413818189e-18,0
1,2,1130,0,0,2,0,1,2,3,1,0,0.2450627673906645,0,6.283185307179586,0.08325656894321949,22.933002260566106,-0.01,0.15,0.1,0.145,1,-0.7,0,0,0,0,0,0,0,0,0,0,0,0,-0.24491481165576856,-0.24491481165576856,-0.24491481165576856,-0.24491481165576856,0.008514399144410982,0.008514399144410982,0.008514399144410982,0.008514399144410982,0.9999999995986002,0,1.4838959862239952e-18,0
1,2,1131,0,0,2,0,1,2,3,1,0,0.24506276746602643,0,6.283185307179586,0.08325656894321949,22.953002262566105,-0.01,0.15,0.1,0.145,1,-0.7,0,0,0,0,0,0,0,0,0,0,0,0,-0.2449148117314825,-0.2449148117314825,-0.2449148117314825,-0.2449148117314825,0.008514399135594868,0.008514399135594868,0.008514399135594868,0.008514399135594868,1.0000000007609202,0,1.4315776551807718e-18,0
1,2,1132,0,0,2,0,1,2,3,1,0,0.2450627674672579,0,6.283185307179586,0.08325656894321941,22.973002264566105,-0.01,0.15,0.1,0.145,1,-0.7,0,0,0,0,0,0,0,0,0,0,0,0,-0.24491481173271976,-0.24491481173271976,-0.24491481173271976,-0.24491481173271976,0.00851439913545083,0.00851439913545083,0.00851439913545083,0.00851439913545083,0.9999999995774118,0,1.3811038573398598e-18,0
1,2,1133,0,0,2,0,1,2,3,1,0,0.2450627674430322,0,6.283185307179586,0.08325656894321948,22.993002266566105,-0.01,0.15,0.1,0.145,1,-0.7,0,0,0,0,0,0,0,0,0,0,0,0,-0.2449148117083809,-0.2449148117083809,-0.2449148117083809,-0.2449148117083809,0.008514399138284801,0.008514399138284801,0.008514399138284801,0.008514399138284801,0.9999999999441087,0,1.3324096863160948e-18,0
1,2,1134,0,0,2,0,1,2,3,1,0,0.24506276746812752,0,6.283185307179586,0.08325656894321952,23.013002268566105,-0.01,0.15,0.1,0.145,1,-0.7,0,0,0,0,0,0,0,0,0,0,0,0,-0.24491481173359342,-0.24491481173359342,-0.24491481173359342,-0.24491481173359342,0.008514399135349078,0.008514399135349078,0.008514399135349078,0.008514399135349078,1.0000000001981988,0,1.2854323429900333e-18,0
1,2,1135,0,0,2,0,1,2,3,1,0,0.24506276744928362,0,6.283185307179586,0.08325656894321941,23.033002270566104,-0.01,0.15,0.1,0.145,1,-0.7,0,0,0,0,0,0,0,0,0,0,0,0,-0.24491481171466148,-0.24491481171466148,-0.24491481171466148,-0.24491481171466148,0.008514399137553494,0.008514399137553494,0.008514399137553494,0.008514399137553494,0.9999999998172697,0,1.2401112816003353e-18,0
1,2,1136,0,0,2,0,1,2,3,1,0,0.24506276738734864,0,6.283185307179586,0.0832565689432195,23.053002272566104,-0.01,0.15,0.1,0.145,1,-0.7,0,0,0,0,0,0,0,0,0,0,0,0,-0.2449148116524372,-0.2449148116524372,-0.2449148116524372,-0.2449148116524372,0.008514399144798896,0.008514399144798896,0.008514399144798896,0.008514399144798896,1.0000000001484182,0,1.1963881448523384e-18,0
1,2,1137,0,0,2,0,1,2,3,1,0,0.2450627674051721,0,6.283185307179586,0.08325656894321942,23.073002274566104,-0.01,0.15,0.1,0.145,1,-0.7,0,0,0,0,0,0,0,0,0,0,0,0,-0.24491481167034393,-0.24491481167034393,-0.24491481167034393,-0.24491481167034393,0.008514399142713869,0.008514399142713869,0.008514399142713869,0.008514399142713869,1.000000000690207,0,1.1542065794576947e-18,0
1,2,1138,0,0,2,0,1,2,3,1,0,0.24506276743912572,0,6.283185307179586,0.08325656894321956,23.093002276566104,-0.01,0.15,0.1,0.145,1,-0.7,0,0,0,0,0,0,0,0,0,0,0,0,-0.24491481170445614,-0.24491481170445614,-0.24491481170445614,-0.24491481170445614,0.008514399138741824,0.008514399138741824,0.008514399138741824,0.008514399138741824,1.0000000001856009,0,1.1135122001937268e-18,0
1,2,1139,0,0,2,0,1,2,3,1,0,0.24506276742221778,0,6.283185307179586,0.08325656894321937,23.113002278566103,-0.01,0.15,0.1,0.145,1,-0.7,0,0,0,0,0,0,0,0,0,0,0,0,-0.24491481168746923,-0.24491481168746923,-0.24491481168746923,-0.24491481168746923,0.008514399140719798,0.008514399140719798,0.008514399140719798,0.008514399140719798,0.9999999999100808,0,1.0742526070767102e-18,0
1,2,1140,0,0,2,0,1,2,3,1,0,0.24506276744896127,0,6.283185307179586,0.08325656894321963,23.133002280566103,-0.01,0.15,0.1,0.145,1,-0.7,0,0,0,0,0,0,0,0,0,0,0,0,-0.24491481171433765,-0.24491481171433765,-0.24491481171433765,-0.24491481171433765,0.00851439913759123,0.00851439913759123,0.00851439913759123,0.00851439913759123,1.0000000002700133,0,1.0363772215996333e-18,0
1,2,1141,0,0,2,0,1,2,3,1,0,0.24506276744162125,0,6.283185307179586,0.0832565689432195,23.153002282566103,-0.01,0.15,0.1,0.145,1,-0.7,0,0,0,0,0,0,0,0,0,0,0,0,-0.24491481170696333,-0.24491481170696333,-0.24491481170696333,-0.24491481170696333,0.008514399138449898,0.008514399138449898,0.008514399138449898,0.008514399138449898,0.999999999916497,0,9.99837208154103e-19,0
1,2,1142,0,0,2,0,1,2,3,1,0,0.24506276748927092,0,6.283185307179586,0.08325656894321946,23.173002284566103,-0.01,0.15,0.1,0.145,1,-0.7,0,0,0,0,0,0,0,0,0,0,0,0,-0.24491481175483557,-0.24491481175483557,-0.24491481175483557,-0.24491481175483557,0.008514399132875602,0.008514399132875602,0.008514399132875602,0.008514399132875602,1.0000000001148877,0,9.645855152894413e-19,0
1,2,1143,0,0,2,0,1,2,3,1,0,0.24506276740832356,0,6.283185307179586,0.08325656894321946,23.193002286566102,-0.01,0.15,0.1,0.145,1,-0.7,0,0,0,0,0,0,0,0,0,0,0,0,-0.24491481167351012,-0.24491481167351012,-0.24491481167351012,-0.24491481167351012,0.008514399142345183,0.008514399142345183,0.008514399142345183,0.008514399142345183,0.9999999995959072,0,9.30576690336679e-19,0
1,2,1144,0,0,2,0,1,2,3,1,0,0.24506276740237837,0,6.283185307179586,0.08325656894321956,23.213002288566102,-0.01,0.15,0.1,0.145,1,-0.7,0,0,0,0,0,0,0,0,0,0,0,0,-0.24491481166753715,-0.24491481166753715,-0.24491481166753715,-0.24491481166753715,0.008514399143040686,0.008514399143040686,0.008514399143040686,0.008514399143040686,1.0000000006720313,0,8.977669638426048e-19,0
1,2,1145,0,0,2,0,1,2,3,1,0,0.24506276738983082,0,6.283185307179586,0.08325656894321944,23.233002290566102,-0.01,0.15,0.1,0.145,1,-0.7,0,0,0,0,0,0,0,0,0,0,0,0,-0.24491481165493098,-0.24491481165493098,-0.24491481165493098,-0.24491481165493098,0.00851439914450851,0.00851439914450851,0.00851439914450851,0.00851439914450851,1.0000000003201208,0,8.661139941151582e-19,0
1,2,1146,0,0,2,0,1,2,3,1,0,0.24506276737515242,0,6.283185307179586,0.0832565689432195,23.2530022925661,-0.01,0.15,0.1,0.145,1,-0.7,0,0,0,0,0,0,0,0,0,0,0,0,-0.24491481164018403,-0.24491481164018403,-0.24491481164018403,-0.24491481164018403,0.008514399146225676,0.008514399146225676,0.008514399146225676,0.008514399146225676,1.0000000004292602,0,8.355770361977058e-19,0
1,2,1147,0,0,2,0,1,2,3,1,0,0.24506276742742084,0,6.283185307179586,0.08325656894321955,23.2730022945661,-0.01,0.15,0.1,0.145,1,-0.7,0,0,0,0,0,0,0,0,0,0,0,0,-0.24491481169269658,-0.24491481169269658,-0.24491481169269658,-0.24491481169269658,0.008514399140111076,0.008514399140111076,0.008514399140111076,0.008514399140111076,1.0000000005120597,0,8.061167328590431e-19,0
1,2,1148,0,0,2,0,1,2,3,1,0,0.24506276744084962,0,6.283185307179586,0.08325656894321938,23.2930022965661,-0.01,0.15,0.1,0.145,1,-0.7,0,0,0,0,0,0,0,0,0,0,0,0,-0.2449148117061881,-0.2449148117061881,-0.2449148117061881,-0.2449148117061881,0.008514399138540152,0.008514399138540152,0.008514399138540152,0.008514399138540152,0.999999999890882,0,7.776951113728454e-19,0
1,2,1149,0,0,2,0,1,2,3,1,0,0.2450627674569696,0,6.283185307179586,0.0832565689432195,23.3130022985661,-0.01,0.15,0.1,0.145,1,-0.7,0,0,0,0,0,0,0,0,0,0,0,0,-0.24491481172238336,-0.24491481172238336,-0.24491481172238336,-0.24491481172238336,0.008514399136654338,0.008514399136654338,0.008514399136654338,0.008514399136654338,1.0000000000167972,0,7.502755770456246e-19,0
1,2,1150,0,0,2,0,1,2,3,1,0,0.24506276744224795,0,6.283185307179586,0.08325656894321948,23.3330023005661,-0.01,0.15,0.1,0.145,1,-0.7,0,0,0,0,0,0,0,0,0,0,0,0,-0.24491481170759297,-0.24491481170759297,-0.24491481170759297,-0.24491481170759297,0.008514399138376563,0.008514399138376563,0.008514399138376563,0.008514399138376563,0.9999999999213784,0,7.238227812376209e-19,0
1,2,1151,0,0,2,0,1,2,3,1,0,0.24506276748285802,0,6.283185307179586,0.0832565689432195,23.3530023025661,-0.01,0.15,0.1,0.145,1,-0.7,0,0,0,0,0,0,0,0,0,0,0,0,-0.24491481174839272,-0.24491481174839272,-0.24491481174839272,-0.24491481174839272,0.008514399133625852,0.008514399133625852,0.008514399133625852,0.008514399133625852,1.0000000001612648,0,6.983026487993546e-19,0
1,2,1152,0,0,2,0,1,2,3,1,0,0.24506276743227193,0,6.283185307179586,0.08325656894321946,23.3730023045661,-0.01,0.15,0.1,0.145,1,-0.7,0,0,0,0,0,0,0,0,0,0,0,0,-0.24491481169757034,-0.24491481169757034,-0.24491481169757034,-0.24491481169757034,0.008514399139543624,0.008514399139543624,0.008514399139543624,0.008514399139543624,0.999999999673129,0,6.736822790081562e-19,0
1,2,1153,0,0,2,0,1,2,3,1,0,0.24506276749441552,0,6.283185307179586,0.0832565689432195,23.3930023065661,-0.01,0.15,0.1,0.145,1,-0.7,0,0,0,0,0,0,0,0,0,0,0,0,-0.2449148117600042,-0.2449148117600042,-0.2449148117600042,-0.2449148117600042,0.008514399132273807,0.008514399132273807,0.008514399132273807,0.008514399132273807,1.0000000003964402,0,6.499299795583649e-19,0
1,2,1154,0,0,2,0,1,2,3,1,0,0.24506276742349137,0,6.283185307179586,0.08325656894321952,23.4130023085661,-0.01,0.15,0.1,0.145,1,-0.7,0,0,0,0,0,0,0,0,0,0,0,0,-0.24491481168874876,-0.24491481168874876,-0.24491481168874876,-0.24491481168874876,0.008514399140570804,0.008514399140570804,0.008514399140570804,0.008514399140570804,0.9999999994926867,0,6.270151006019774e-19,0
1,2,1155,0,0,2,0,1,2,3,1,0,0.2450627674195136,0,6.283185307179586,0.08325656894321956,23.4330023105661,-0.01,0.15,0.1,0.145,1,-0.7,0,0,0,0,0,0,0,0,0,0,0,0,-0.24491481168475243,-0.24491481168475243,-0.24491481168475243,-0.24491481168475243,0.008514399141036102,0.008514399141036102,0.008514399141036102,0.008514399141036102,1.0000000005618404,0,6.049081701089237e-19,0
1,2,1156,0,0,2,0,1,2,3,1,0,0.2450627674202716,0,6.283185307179586,0.08325656894321942,23.4530023125661,-0.01,0.15,0.1,0.145,1,-0.7,0,0,0,0,0,0,0,0,0,0,0,0,-0.24491481168551396,-0.24491481168551396,-0.24491481168551396,-0.24491481168551396,0.008514399140947421,0.008514399140947421,0.008514399140947421,0.008514399140947421,1.00000000022996,0,5.835806537075662e-19,0
1,2,1157,0,0,2,0,1,2,3,1,0,0.24506276747484618,0,6.283185307179586,0.08325656894321948,23.4730023145661,-0.01,0.15,0.1,0.145,1,-0.7,0,0,0,0,0,0,0,0,0,0,0,0,-0.24491481174034346,-0.24491481174034346,-0.24491481174034346,-0.24491481174034346,0.008514399134563097,0.008514399134563097,0.008514399134563097,0.008514399134563097,1.000000000190262,0,5.630050950059028e-19,0
1,2,1158,0,0,2,0,1,2,3,1,0,0.24506276744961947,0,6.283185307179586,0.08325656894321942,23.4930023165661,-0.01,0.15,0.1,0.145,1,-0.7,0,0,0,0,0,0,0,0,0,0,0,0,-0.2449148117149989,-0.2449148117149989,-0.2449148117149989,-0.2449148117149989,0.008514399137514223,0.008514399137514223,0.008514399137514223,0.008514399137514223,0.9999999996459579,0,5.431549709073044e-19,0
1,2,1159,0,0,2,0,1,2,3,1,0,0.24506276743513908,0,6.283185307179586,0.0832565689432195,23.513002318566098,-0.01,0.15,0.1,0.145,1,-0.7,0,0,0,0,0,0,0,0,0,0,0,0,-0.2449148117004509,-0.2449148117004509,-0.2449148117004509,-0.2449148117004509,0.008514399139208215,0.008514399139208215,0.008514399139208215,0.008514399139208215,1.0000000001777494,0,5.240047253272944e-19,0
1,2,1160,0,0,2,0,1,2,3,1,0,0.2450627674645961,0,6.283185307179586,0.08325656894321956,23.533002320566098,-0.01,0.15,0.1,0.145,1,-0.7,0,0,0,0,0,0,0,0,0,0,0,0,-0.2449148117300455,-0.2449148117300455,-0.2449148117300455,-0.2449148117300455,0.008514399135762163,0.008514399135762163,0.008514399135762163,0.008514399135762163,1.0000000001840164,0,5.05529661796935e-19,0
1,2,1161,0,0,2,0,1,2,3,1,0,0.24506276745549768,0,6.283185307179586,0.08325656894321938,23.553002322566098,-0.01,0.15,0.1,0.145,1,-0.7,0,0,0,0,0,0,0,0,0,0,0,0,-0.24491481172090457,-0.24491481172090457,-0.24491481172090457,-0.24491481172090457,0.008514399136826587,0.008514399136826587,0.008514399136826587,0.008514399136826587,0.9999999998045865,0,4.877059770302402e-19,0
1,2,1162,0,0,2,0,1,2,3,1,0,0.24506276740960375,0,6.283185307179586,0.08325656894321959,23.573002324566097,-0.01,0.15,0.1,0.145,1,-0.7,0,0,0,0,0,0,0,0,0,0,0,0,-0.24491481167479628,-0.24491481167479628,-0.24491481167479628,-0.24491481167479628,0.008514399142195407,0.008514399142195407,0.008514399142195407,0.008514399142195407,1.0000000000687166,0,4.705107168725646e-19,0
1,2,1163,0,0,2,0,1,2,3,1,0,0.2450627674524765,0,6.283185307179586,0.08325656894321944,23.593002326566097,-0.01,0.15,0.1,0.145,1,-0.7,0,0,0,0,0,0,0,0,0,0,0,0,-0.24491481171786927,-0.24491481171786927,-0.24491481171786927,-0.24491481171786927,0.008514399137179973,0.008514399137179973,0.008514399137179973,0.008514399137179973,1.000000000486267,0,4.539217193933014e-19,0
1,2,1164,0,0,2,0,1,2,3,1,0,0.2450627674122094,0,6.283185307179586,0.08325656894321942,23.613002328566097,-0.01,0.15,0.1,0.145,1,-0.7,0,0,0,0,0,0,0,0,0,0,0,0,-0.2449148116774141,-0.2449148116774141,-0.2449148116774141,-0.2449148116774141,0.008514399141890587,0.008514399141890587,0.008514399141890587,0.008514399141890587,0.9999999998208366,0,4.379175956945764e-19,0
1,2,1165,0,0,2,0,1,2,3,1,0,0.24506276745595149,0,6.283185307179586,0.08325656894321945,23.633002330566097,-0.01,0.15,0.1,0.145,1,-0.7,0,0,0,0,0,0,0,0,0,0,0,0,-0.2449148117213605,-0.2449148117213605,-0.2449148117213605,-0.2449148117213605,0.00851439913677346,0.00851439913677346,0.00851439913677346,0.00851439913677346,1.0000000004506475,0,4.2247774995530003e-19,0
1,2,1166,0,0,2,0,1,2,3,1,0,0.24506276746176558,0,6.283185307179586,0.08325656894321948,23.653002332566096,-0.01,0.15,0.1,0.145,1,-0.7,0,0,0,0,0,0,0,0,0,0,0,0,-0.24491481172720178,-0.24491481172720178,-0.24491481172720178,-0.24491481172720178,0.008514399136093321,0.008514399136093321,0.008514399136093321,0.008514399136093321,0.9999999997934097,0,4.0758226071879484e-19,0
1,2,1167,0,0,2,0,1,2,3,1,0,0.2450627674867076,0,6.283185307179586,0.08325656894321946,23.673002334566096,-0.01,0.15,0.1,0.145,1,-0.7,0,0,0,0,0,0,0,0,0,0,0,0,-0.2449148117522603,-0.2449148117522603,-0.2449148117522603,-0.2449148117522603,0.008514399133175476,0.008514399133175476,0.008514399133175476,0.008514399133175476,0.999999999958149,0,3.932119562667515e-19,0
1,2,1168,0,0,2,0,1,2,3,1,0,0.24506276748477415,0,6.283185307179586,0.08325656894321938,23.693002336566096,-0.01,0.15,0.1,0.145,1,-0.7,0,0,0,0,0,0,0,0,0,0,0,0,-0.2449148117503178,-0.2449148117503178,-0.2449148117503178,-0.2449148117503178,0.008514399133401697,0.008514399133401697,0.008514399133401697,0.008514399133401697,0.9999999997233715,0,3.7934830828657737e-19,0
1,2,1169,0,0,2,0,1,2,3,1,0,0.24506276744400018,0,6.283185307179586,0.08325656894321959,23.713002338566096,-0.01,0.15,0.1,0.145,1,-0.7,0,0,0,0,0,0,0,0,0,0,0,0,-0.2449148117093534,-0.2449148117093534,-0.2449148117093534,-0.2449148117093534,0.008514399138171551,0.008514399138171551,0.008514399138171551,0.008514399138171551,0.9999999998706528,0,3.6597346038468363e-19,0
1,2,1170,0,0,2,0,1,2,3,1,0,0.24506276744687885,0,6.283185307179586,0.08325656894321945,23.733002340566095,-0.01,0.15,0.1,0.145,1,-0.7,0,0,0,0,0,0,0,0,0,0,0,0,-0.2449148117122455,-0.2449148117122455,-0.2449148117122455,-0.2449148117122455,0.008514399137834843,0.008514399137834843,0.008514399137834843,0.008514399137834843,1.0000000002949108,0,3.530701775314283e-19,0
1,2,1171,0,0,2,0,1,2,3,1,0,0.24506276745754696,0,6.283185307179586,0.08325656894321953,23.753002342566095,-0.01,0.15,0.1,0.145,1,-0.7,0,0,0,0,0,0,0,0,0,0,0,0,-0.24491481172296345,-0.24491481172296345,-0.24491481172296345,-0.24491481172296345,0.008514399136586831,0.008514399136586831,0.008514399136586831,0.008514399136586831,1.0000000000459437,0,3.4062182591247363e-19,0
1,2,1172,0,0,2,0,1,2,3,1,0,0.2450627674772023,0,6.283185307179586,0.0832565689432194,23.773002344566095,-0.01,0.15,0.1,0.145,1,-0.7,0,0,0,0,0,0,0,0,0,0,0,0,-0.24491481174271057,-0.24491481174271057,-0.24491481174271057,-0.24491481174271057,0.008514399134287446,0.008514399134287446,0.008514399134287446,0.008514399134287446,0.9999999999547811,0,3.286123724778048e-19,0
1,2,1173,0,0,2,0,1,2,3,1,0,0.24506276745830322,0,6.283185307179586,0.08325656894321942,23.793002346566094,-0.01,0.15,0.1,0.145,1,-0.7,0,0,0,0,0,0,0,0,0,0,0,0,-0.24491481172372323,-0.24491481172372323,-0.24491481172372323,-0.24491481172372323,0.008514399136498336,0.008514399136498336,0.008514399136498336,0.008514399136498336,0.9999999998105622,0,3.170263412166456e-19,0
1,2,1174,0,0,2,0,1,2,3,1,0,0.24506276749502023,0,6.283185307179586,0.08325656894321955,23.813002348566094,-0.01,0.15,0.1,0.145,1,-0.7,0,0,0,0,0,0,0,0,0,0,0,0,-0.24491481176061175,-0.24491481176061175,-0.24491481176061175,-0.24491481176061175,0.008514399132203029,0.008514399132203029,0.008514399132203029,0.008514399132203029,1.0000000000959233,0,3.0584880704531423e-19,0
1,2,1175,0,0,2,0,1,2,3,1,0,0.24506276748512684,0,6.283185307179586,0.08325656894321944,23.833002350566094,-0.01,0.15,0.1,0.145,1,-0.7,0,0,0,0,0,0,0,0,0,0,0,0,-0.24491481175067215,-0.24491481175067215,-0.24491481175067215,-0.24491481175067215,0.008514399133360414,0.008514399133360414,0.008514399133360414,0.008514399133360414,0.9999999996343973,0,2.950653584997398e-19,0
1,2,1176,0,0,2,0,1,2,3,1,0,0.24506276745578712,0,6.283185307179586,0.08325656894321944,23.853002352566094,-0.01,0.15,0.1,0.145,1,-0.7,0,0,0,0,0,0,0,0,0,0,0,0,-0.24491481172119536,-0.24491481172119536,-0.24491481172119536,-0.24491481172119536,0.008514399136792703,0.008514399136792703,0.008514399136792703,0.008514399136792703,0.9999999999248104,0,2.8466211212069283e-19,0
1,2,1177,0,0,2,0,1,2,3,1,0,0.24506276744195085,0,6.283185307179586,0.08325656894321948,23.873002354566093,-0.01,0.15,0.1,0.145,1,-0.7,0,0,0,0,0,0,0,0,0,0,0,0,-0.24491481170729448,-0.24491481170729448,-0.24491481170729448,-0.24491481170729448,0.008514399138411346,0.008514399138411346,0.008514399138411346,0.008514399138411346,1.000000000176783,0,2.7462565721402824e-19,0
1,2,1178,0,0,2,0,1,2,3,1,0,0.24506276743285038,0,6.283185307179586,0.08325656894321955,23.893002356566093,-0.01,0.15,0.1,0.145,1,-0.7,0,0,0,0,0,0,0,0,0,0,0,0,-0.24491481169815152,-0.24491481169815152,-0.24491481169815152,-0.24491481169815152,0.008514399139475926,0.008514399139475926,0.008514399139475926,0.008514399139475926,1.0000000001667217,0,2.649430602575149e-19,0
1,2,1179,0,0,2,0,1,2,3,1,0,0.24506276743449648,0,6.283185307179586,0.08325656894321953,23.913002358566093,-0.01,0.15,0.1,0.145,1,-0.7,0,0,0,0,0,0,0,0,0,0,0,0,-0.24491481169980528,-0.24491481169980528,-0.24491481169980528,-0.24491481169980528,0.008514399139283356,0.008514399139283356,0.008514399139283356,0.008514399139283356,1.000000000180556,0,2.5560184705683074e-19,0
1,2,1180,0,0,2,0,1,2,3,1,0,0.24506276739934696,0,6.283185307179586,0.08325656894321941,23.933002360566093,-0.01,0.15,0.1,0.145,1,-0.7,0,0,0,0,0,0,0,0,0,0,0,0,-0.24491481166449158,-0.24491481166449158,-0.24491481166449158,-0.24491481166449158,0.008514399143395293,0.008514399143395293,0.008514399143395293,0.008514399143395293,1.000000000121652,0,2.4658998057624985e-19,0
1,2,1181,0,0,2,0,1,2,3,1,0,0.24506276740926727,0,6.283185307179586,0.08325656894321946,23.953002362566092,-0.01,0.15,0.1,0.145,1,-0.7,0,0,0,0,0,0,0,0,0,0,0,0,-0.24491481167445822,-0.24491481167445822,-0.24491481167445822,-0.24491481167445822,0.00851439914223479,0.00851439914223479,0.00851439914223479,0.00851439914223479,1.000000000477236,0,2.3789585193581062e-19,0
1,2,1182,0,0,2,0,1,2,3,1,0,0.24506276746913558,0,6.283185307179586,0.08325656894321952,23.973002364566092,-0.01,0.15,0.1,0.145,1,-0.7,0,0,0,0,0,0,0,0,0,0,0,0,-0.2449148117346062,-0.2449148117346062,-0.2449148117346062,-0.2449148117346062,0.00851439913523115,0.00851439913523115,0.00851439913523115,0.00851439913523115,1.0000000001925073,0,2.295082522624521e-19,0
1,2,1183,0,0,2,0,1,2,3,1,0,0.2450627674001232,0,6.283185307179586,0.08325656894321946,23.993002366566092,-0.01,0.15,0.1,0.145,1,-0.7,0,0,0,0,0,0,0,0,0,0,0,0,-0.24491481166527143,-0.24491481166527143,-0.24491481166527143,-0.24491481166527143,0.008514399143304466,0.008514399143304466,0.008514399143304466,0.008514399143304466,0.9999999996329478,0,2.2141637639014233e-19,0
1,2,1184,0,0,2,0,1,2,3,1,0,0.24506276743958869,0,6.283185307179586,0.0832565689432195,24.01300236856609,-0.01,0.15,0.1,0.145,1,-0.7,0,0,0,0,0,0,0,0,0,0,0,0,-0.24491481170492127,-0.24491481170492127,-0.24491481170492127,-0.24491481170492127,0.008514399138687631,0.008514399138687631,0.008514399138687631,0.008514399138687631,1.0000000006623253,0,2.1360980768335284e-19,0
1,2,1185,0,0,2,0,1,2,3,1,0,0.24506276744883962,0,6.283185307179586,0.08325656894321946,24.03300237056609,-0.01,0.15,0.1,0.145,1,-0.7,0,0,0,0,0,0,0,0,0,0,0,0,-0.24491481171421542,-0.24491481171421542,-0.24491481171421542,-0.24491481171421542,0.008514399137605433,0.008514399137605433,0.008514399137605433,0.008514399137605433,0.9999999998994866,0,2.0607846944386142e-19,0
1,2,1186,0,0,2,0,1,2,3,1,0,0.24506276741771166,0,6.283185307179586,0.08325656894321942,24.05300237256609,-0.01,0.15,0.1,0.145,1,-0.7,0,0,0,0,0,0,0,0,0,0,0,0,-0.24491481168294205,-0.24491481168294205,-0.24491481168294205,-0.24491481168294205,0.008514399141246928,0.008514399141246928,0.008514399141246928,0.008514399141246928,1.0000000000089884,0,1.9881267124526304e-19,0
1,2,1187,0,0,2,0,1,2,3,1,0,0.24506276738473817,0,6.283185307179586,0.0832565689432195,24.07300237456609,-0.01,0.15,0.1,0.145,1,-0.7,0,0,0,0,0,0,0,0,0,0,0,0,-0.24491481164981455,-0.24491481164981455,-0.24491481164981455,-0.24491481164981455,0.008514399145104278,0.008514399145104278,0.008514399145104278,0.008514399145104278,1.0000000003768221,0,1.918030476761345e-19,0
1,2,1188,0,0,2,0,1,2,3,1,0,0.24506276749345904,0,6.283185307179586,0.08325656894321948,24.09300237656609,-0.01,0.15,0.1,0.145,1,-0.7,0,0,0,0,0,0,0,0,0,0,0,0,-0.24491481175904325,-0.24491481175904325,-0.24491481175904325,-0.24491481175904325,0.008514399132385716,0.008514399132385716,0.008514399132385716,0.008514399132385716,1.0000000005678515,0,1.8504056455535842e-19,0
1,2,1189,0,0,2,0,1,2,3,1,0,0.24506276743387662,0,6.283185307179586,0.08325656894321956,24.11300237856609,-0.01,0.15,0.1,0.145,1,-0.7,0,0,0,0,0,0,0,0,0,0,0,0,-0.24491481169918253,-0.24491481169918253,-0.24491481169918253,-0.24491481169918253,0.008514399139355899,0.008514399139355899,0.008514399139355899,0.008514399139355899,0.9999999992515782,0,1.7851650280806562e-19,0
1,2,1190,0,0,2,0,1,2,3,1,0,0.24506276744215283,0,6.283185307179586,0.08325656894321955,24.13300238056609,-0.01,0.15,0.1,0.145,1,-0.7,0,0,0,0,0,0,0,0,0,0,0,0,-0.2449148117074974,-0.2449148117074974,-0.2449148117074974,-0.2449148117074974,0.008514399138387696,0.008514399138387696,0.008514399138387696,0.008514399138387696,1.0000000004354916,0,1.7222247335708204e-19,0
1,2,1191,0,0,2,0,1,2,3,1,0,0.2450627674531201,0,6.283185307179586,0.08325656894321945,24.15300238256609,-0.01,0.15,0.1,0.145,1,-0.7,0,0,0,0,0,0,0,0,0,0,0,0,-0.24491481171851592,-0.24491481171851592,-0.24491481171851592,-0.24491481171851592,0.008514399137104712,0.008514399137104712,0.008514399137104712,0.008514399137104712,1.00000000004286,0,1.661503486976852e-19,0
1,2,1192,0,0,2,0,1,2,3,1,0,0.2450627674674054,0,6.283185307179586,0.08325656894321949,24.17300238456609,-0.01,0.15,0.1,0.145,1,-0.7,0,0,0,0,0,0,0,0,0,0,0,0,-0.24491481173286794,-0.24491481173286794,-0.24491481173286794,-0.24491481173286794,0.00851439913543354,0.00851439913543354,0.00851439913543354,0.00851439913543354,0.9999999999698233,0,1.6029231291332118e-19,0
1,2,1193,0,0,2,0,1,2,3,1,0,0.245062767501445,0,6.283185307179586,0.08325656894321944,24.19300238656609,-0.01,0.15,0.1,0.145,1,-0.7,0,0,0,0,0,0,0,0,0,0,0,0,-0.24491481176706653,-0.24491481176706653,-0.24491481176706653,-0.24491481176706653,0.008514399131451461,0.008514399131451461,0.008514399131451461,0.008514399131451461,0.999999999879094,0,1.5464081638994873e-19,0
1,2,1194,0,0,2,0,1,2,3,1,0,0.24506276745030084,0,6.283185307179586,0.08325656894321957,24.21300238856609,-0.01,0.15,0.1,0.145,1,-0.7,0,0,0,0,0,0,0,0,0,0,0,0,-0.24491481171568347,-0.24491481171568347,-0.24491481171568347,-0.24491481171568347,0.008514399137434507,0.008514399137434507,0.008514399137434507,0.008514399137434507,0.9999999996222328,0,1.4918857647913646e-19,0
1,2,1195,0,0,2,0,1,2,3,1,0,0.2450627674514347,0,6.283185307179586,0.08325656894321941,24.23300239056609,-0.01,0.15,0.1,0.145,1,-0.7,0,0,0,0,0,0,0,0,0,0,0,0,-0.24491481171682264,-0.24491481171682264,-0.24491481171682264,-0.24491481171682264,0.008514399137301868,0.008514399137301868,0.008514399137301868,0.008514399137301868,1.0000000002954152,0,1.4392857208106446e-19,0
1,2,1196,0,0,2,0,1,2,3,1,0,0.2450627674606435,0,6.283185307179586,0.0832565689432196,24.25300239256609,-0.01,0.15,0.1,0.145,1,-0.7,0,0,0,0,0,0,0,0,0,0,0,0,-0.24491481172607443,-0.24491481172607443,-0.24491481172607443,-0.24491481172607443,0.008514399136224593,0.008514399136224593,0.008514399136224593,0.008514399136224593,1.000000000026077,0,1.3885401852948703e-19,0
1,2,1197,0,0,2,0,1,2,3,1,0,0.24506276743362765,0,6.283185307179586,0.08325656894321953,24.273002394566088,-0.01,0.15,0.1,0.145,1,-0.7,0,0,0,0,0,0,0,0,0,0,0,0,-0.2449148116989324,-0.2449148116989324,-0.2449148116989324,-0.2449148116989324,0.008514399139384987,0.008514399139384987,0.008514399139384987,0.008514399139384987,0.9999999999487983,0,1.3395838137905772e-19,0
1,2,1198,0,0,2,0,1,2,3,1,0,0.24506276741644606,0,6.283185307179586,0.08325656894321945,24.293002396566088,-0.01,0.15,0.1,0.145,1,-0.7,0,0,0,0,0,0,0,0,0,0,0,0,-0.24491481168167054,-0.24491481168167054,-0.24491481168167054,-0.24491481168167054,0.008514399141394976,0.008514399141394976,0.008514399141394976,0.008514399141394976,1.0000000002688765,0,1.2923535318158435e-19,0
1,2,1199,0,0,2,0,1,2,3,1,0,0.24506276744767305,0,6.283185307179586,0.08325656894321949,24.313002398566088,-0.01,0.15,0.1,0.145,1,-0.7,0,0,0,0,0,0,0,0,0,0,0,0,-0.2449148117130434,-0.2449148117130434,-0.2449148117130434,-0.2449148117130434,0.008514399137741928,0.008514399137741928,0.008514399137741928,0.008514399137741928,1.0000000003196519,0,1.2467884593102721e-19,0
1,2,1200,0,0,2,0,1,2,3,1,0,0.24506276743404895,0,6.283185307179586,0.08325656894321952,24.333002400566087,-0.01,0.15,0.1,0.145,1,-0.7,0,0,0,0,0,0,0,0,0,0,0,0,-0.24491481169935567,-0.24491481169935567,-0.24491481169935567,-0.24491481169935567,0.008514399139335717,0.008514399139335717,0.008514399139335717,0.008514399139335717,0.9999999998938733,0,1.2028298811911482e-19,0
1,2,1201,0,0,2,0,1,2,3,1,0,0.24506276746436295,0,6.283185307179586,0.08325656894321942,24.353002402566087,-0.01,0.15,0.1,0.145,1,-0.7,0,0,0,0,0,0,0,0,0,0,0,0,-0.24491481172981125,-0.24491481172981125,-0.24491481172981125,-0.24491481172981125,0.008514399135789445,0.008514399135789445,0.008514399135789445,0.008514399135789445,1.00000000020772,0,1.1604211906776117e-19,0
1,2,1202,0,0,2,0,1,2,3,1,0,0.24506276745612154,0,6.283185307179586,0.08325656894321955,24.373002404566087,-0.01,0.15,0.1,0.145,1,-0.7,0,0,0,0,0,0,0,0,0,0,0,0,-0.24491481172153134,-0.24491481172153134,-0.24491481172153134,-0.24491481172153134,0.008514399136753587,0.008514399136753587,0.008514399136753587,0.008514399136753587,0.9999999998102993,0,1.119507702666999e-19,0
1,2,1203,0,0,2,0,1,2,3,1,0,0.24506276740570068,0,6.283185307179586,0.08325656894321948,24.393002406566087,-0.01,0.15,0.1,0.145,1,-0.7,0,0,0,0,0,0,0,0,0,0,0,0,-0.24491481167087498,-0.24491481167087498,-0.24491481167087498,-0.24491481167087498,0.008514399142651993,0.008514399142651993,0.008514399142651993,0.008514399142651993,1.0000000000542144,0,1.0800367364515468e-19,0
1,2,1204,0,0,2,0,1,2,3,1,0,0.24506276740006433,0,6.283185307179586,0.08325656894321949,24.413002408566086,-0.01,0.15,0.1,0.145,1,-0.7,0,0,0,0,0,0,0,0,0,0,0,0,-0.24491481166521228,-0.24491481166521228,-0.24491481166521228,-0.24491481166521228,0.00851439914331139,0.00851439914331139,0.00851439914331139,0.00851439914331139,1.0000000005438068,0,1.041957421213903e-19,0
1,2,1205,0,0,2,0,1,2,3,1,0,0.24506276744642036,0,6.283185307179586,0.08325656894321955,24.433002410566086,-0.01,0.15,0.1,0.145,1,-0.7,0,0,0,0,0,0,0,0,0,0,0,0,-0.24491481171178486,-0.24491481171178486,-0.24491481171178486,-0.24491481171178486,0.008514399137888451,0.008514399137888451,0.008514399137888451,0.008514399137888451,1.0000000003458425,0,1.0052206677163115e-19,0
1,2,1206,0,0,2,0,1,2,3,1,0,0.24506276745422165,0,6.283185307179586,0.08325656894321949,24.453002412566086,-0.01,0.15,0.1,0.145,1,-0.7,0,0,0,0,0,0,0,0,0,0,0,0,-0.2449148117196226,-0.2449148117196226,-0.2449148117196226,-0.2449148117196226,0.008514399136975832,0.008514399136975832,0.008514399136975832,0.008514399136975832,0.999999999818435,0,9.697791508247118e-20,0
1,2,1207,0,0,2,0,1,2,3,1,0,0.24506276746471406,0,6.283185307179586,0.08325656894321942,24.473002414566086,-0.01,0.15,0.1,0.145,1,-0.7,0,0,0,0,0,0,0,0,0,0,0,0,-0.24491481173016402,-0.24491481173016402,-0.24491481173016402,-0.24491481173016402,0.008514399135748404,0.008514399135748404,0.008514399135748404,0.008514399135748404,0.9999999999932072,0,9.35587226860412e-20,0
1,2,1208,0,0,2,0,1,2,3,1,0,0.2450627674351129,0,6.283185307179586,0.08325656894321946,24.493002416566085,-0.01,0.15,0.1,0.145,1,-0.7,0,0,0,0,0,0,0,0,0,0,0,0,-0.2449148117004246,-0.2449148117004246,-0.2449148117004246,-0.2449148117004246,0.008514399139211261,0.008514399139211261,0.008514399139211261,0.008514399139211261,0.9999999999205897,0,9.026008173204789e-20,0
1,2,1209,0,0,2,0,1,2,3,1,0,0.24506276741471922,0,6.283185307179586,0.08325656894321957,24.513002418566085,-0.01,0.15,0.1,0.145,1,-0.7,0,0,0,0,0,0,0,0,0,0,0,0,-0.24491481167993562,-0.24491481167993562,-0.24491481167993562,-0.24491481167993562,0.008514399141596978,0.008514399141596978,0.008514399141596978,0.008514399141596978,1.0000000002785967,0,8.707774333431486e-20,0
1,2,1210,0,0,2,0,1,2,3,1,0,0.24506276739247998,0,6.283185307179586,0.08325656894321941,24.533002420566085,-0.01,0.15,0.1,0.145,1,-0.7,0,0,0,0,0,0,0,0,0,0,0,0,-0.24491481165759252,-0.24491481165759252,-0.24491481165759252,-0.24491481165759252,0.008514399144198617,0.008514399144198617,0.008514399144198617,0.008514399144198617,1.0000000003521876,0,8.400760537836595e-20,0
1,2,1211,0,0,2,0,1,2,3,1,0,0.245062767459008,0,6.283185307179586,0.08325656894321949,24.553002422566085,-0.01,0.15,0.1,0.145,1,-0.7,0,0,0,0,0,0,0,0,0,0,0,0,-0.2449148117244313,-0.2449148117244313,-0.2449148117244313,-0.2449148117244313,0.008514399136415902,0.008514399136415902,0.008514399136415902,0.008514399136415902,1.0000000004607301,0,8.104571274761384e-20,0
1,2,1212,0,0,2,0,1,2,3,1,0,0.2450627674451091,0,6.283185307179586,0.08325656894321945,24.573002424566084,-0.01,0.15,0.1,0.145,1,-0.7,0,0,0,0,0,0,0,0,0,0,0,0,-0.24491481171046747,-0.24491481171046747,-0.24491481171046747,-0.24491481171046747,0.008514399138041827,0.008514399138041827,0.008514399138041827,0.008514399138041827,0.9999999996489706,0,7.818824704961079e-20,0
1,2,1213,0,0,2,0,1,2,3,1,0,0.2450627674473405,0,6.283185307179586,0.08325656894321952,24.593002426566084,-0.01,0.15,0.1,0.145,1,-0.7,0,0,0,0,0,0,0,0,0,0,0,0,-0.24491481171270932,-0.24491481171270932,-0.24491481171270932,-0.24491481171270932,0.008514399137780793,0.008514399137780793,0.008514399137780793,0.008514399137780793,1.0000000001547846,0,7.543153074375724e-20,0
1,2,1214,0,0,2,0,1,2,3,1,0,0.24506276741277677,0,6.283185307179586,0.08325656894321938,24.613002428566084,-0.01,0.15,0.1,0.145,1,-0.7,0,0,0,0,0,0,0,0,0,0,0,0,-0.24491481167798412,-0.24491481167798412,-0.24491481167798412,-0.24491481167798412,0.008514399141824225,0.008514399141824225,0.008514399141824225,0.008514399141824225,1.000000000058776,0,7.277200810334997e-20,0
1,2,1215,0,0,2,0,1,2,3,1,0,0.24506276745145472,0,6.283185307179586,0.08325656894321955,24.633002430566084,-0.01,0.15,0.1,0.145,1,-0.7,0,0,0,0,0,0,0,0,0,0,0,0,-0.24491481171684276,-0.24491481171684276,-0.24491481171684276,-0.24491481171684276,0.008514399137299494,0.008514399137299494,0.008514399137299494,0.008514399137299494,1.0000000004054428,0,7.020625423445982e-20,0
1,2,1216,0,0,2,0,1,2,3,1,0,0.2450627674563347,0,6.283185307179586,0.08325656894321946,24.653002432566083,-0.01,0.15,0.1,0.145,1,-0.7,0,0,0,0,0,0,0,0,0,0,0,0,-0.2449148117217455,-0.2449148117217455,-0.2449148117217455,-0.2449148117217455,0.008514399136728622,0.008514399136728622,0.008514399136728622,0.008514399136728622,0.9999999998445475,0,6.773096064787591e-20,0
1,2,1217,0,0,2,0,1,2,3,1,0,0.24506276743071487,0,6.283185307179586,0.08325656894321942,24.673002434566083,-0.01,0.15,0.1,0.145,1,-0.7,0,0,0,0,0,0,0,0,0,0,0,0,-0.244914811696006,-0.244914811696006,-0.244914811696006,-0.244914811696006,0.008514399139725742,0.008514399139725742,0.008514399139725742,0.008514399139725742,0.9999999999965752,0,6.534294079061482e-20,0
1,2,1218,0,0,2,0,1,2,3,1,0,0.24506276740416175,0,6.283185307179586,0.08325656894321948,24.693002436566083,-0.01,0.15,0.1,0.145,1,-0.7,0,0,0,0,0,0,0,0,0,0,0,0,-0.24491481166932885,-0.24491481166932885,-0.24491481166932885,-0.24491481166932885,0.008514399142832023,0.008514399142832023,0.008514399142832023,0.008514399142832023,1.0000000002990745,0,6.303911660707128e-20,0
1,2,1219,0,0,2,0,1,2,3,1,0,0.24506276744484093,0,6.283185307179586,0.08325656894321952,24.713002438566082,-0.01,0.15,0.1,0.145,1,-0.7,0,0,0,0,0,0,0,0,0,0,0,0,-0.24491481171019805,-0.24491481171019805,-0.24491481171019805,-0.24491481171019805,0.00851439913807322,0.00851439913807322,0.00851439913807322,0.00851439913807322,1.0000000004179839,0,6.081651912056322e-20,0
1,2,1220,0,0,2,0,1,2,3,1,0,0.24506276744633815,0,6.283185307179586,0.08325656894321938,24.733002440566082,-0.01,0.15,0.1,0.145,1,-0.7,0,0,0,0,0,0,0,0,0,0,0,0,-0.24491481171170226,-0.24491481171170226,-0.24491481171170226,-0.24491481171170226,0.00851439913789808,0.00851439913789808,0.00851439913789808,0.00851439913789808,0.9999999998599094,0,5.867228369238554e-20,0
1,2,1221,0,0,2,0,1,2,3,1,0,0.24506276745562502,0,6.283185307179586,0.08325656894321949,24.753002442566082,-0.01,0.15,0.1,0.145,1,-0.7,0,0,0,0,0,0,0,0,0,0,0,0,-0.24491481172103252,-0.24491481172103252,-0.24491481172103252,-0.24491481172103252,0.008514399136811684,0.008514399136811684,0.008514399136811684,0.008514399136811684,1.0000000000643894,0,5.660364960243997e-20,0
1,2,1222,0,0,2,0,1,2,3,1,0,0.2450627674251596,0,6.283185307179586,0.08325656894321952,24.77300244456608,-0.01,0.15,0.1,0.145,1,-0.7,0,0,0,0,0,0,0,0,0,0,0,0,-0.24491481169042478,-0.24491481169042478,-0.24491481169042478,-0.24491481169042478,0.008514399140375651,0.008514399140375651,0.008514399140375651,0.008514399140375651,0.9999999999575593,0,5.460794985310823e-20,0
1,2,1223,0,0,2,0,1,2,3,1,0,0.24506276744668656,0,6.283185307179586,0.08325656894321952,24.79300244656608,-0.01,0.15,0.1,0.145,1,-0.7,0,0,0,0,0,0,0,0,0,0,0,0,-0.24491481171205232,-0.24491481171205232,-0.24491481171205232,-0.24491481171205232,0.008514399137857311,0.008514399137857311,0.008514399137857311,0.008514399137857311,1.0000000003369394,0,5.268261396257501e-20,0
1,2,1224,0,0,2,0,1,2,3,1,0,0.24506276748258427,0,6.283185307179586,0.08325656894321953,24.81300244856608,-0.01,0.15,0.1,0.145,1,-0.7,0,0,0,0,0,0,0,0,0,0,0,0,-0.2449148117481177,-0.2449148117481177,-0.2449148117481177,-0.2449148117481177,0.008514399133657879,0.008514399133657879,0.008514399133657879,0.008514399133657879,0.9999999999512212,0,5.082515951793516e-20,0
1,2,1225,0,0,2,0,1,2,3,1,0,0.24506276748235348,0,6.283185307179586,0.08325656894321941,24.83300245056608,-0.01,0.15,0.1,0.145,1,-0.7,0,0,0,0,0,0,0,0,0,0,0,0,-0.24491481174788585,-0.24491481174788585,-0.24491481174788585,-0.24491481174788585,0.008514399133684845,0.008514399133684845,0.008514399133684845,0.008514399133684845,0.9999999996888604,0,4.9033194321170423e-20,0
1,2,1226,0,0,2,0,1,2,3,1,0,0.24506276744265634,0,6.283185307179586,0.08325656894321944,24.85300245256608,-0.01,0.15,0.1,0.145,1,-0.7,0,0,0,0,0,0,0,0,0,0,0,0,-0.24491481170800325,-0.24491481170800325,-0.24491481170800325,-0.24491481170800325,0.00851439913832876,0.00851439913832876,0.00851439913832876,0.00851439913832876,0.9999999998862705,0,4.730440976810331e-20,0
1,2,1227,0,0,2,0,1,2,3,1,0,0.24506276749506486,0,6.283185307179586,0.08325656894321945,24.87300245456608,-0.01,0.15,0.1,0.145,1,-0.7,0,0,0,0,0,0,0,0,0,0,0,0,-0.2449148117606566,-0.2449148117606566,-0.2449148117606566,-0.2449148117606566,0.008514399132197802,0.008514399132197802,0.008514399132197802,0.008514399132197802,1.0000000003005596,0,4.5636577974965336e-20,0
1,2,1228,0,0,2,0,1,2,3,1,0,0.245062767419504,0,6.283185307179586,0.0832565689432194,24.89300245656608,-0.01,0.15,0.1,0.145,1,-0.7,0,0,0,0,0,0,0,0,0,0,0,0,-0.24491481168474277,-0.24491481168474277,-0.24491481168474277,-0.24491481168474277,0.008514399141037255,0.008514399141037255,0.008514399141037255,0.008514399141037255,0.9999999995393907,0,4.402754835888046e-20,0
1,2,1229,0,0,2,0,1,2,3,1,0,0.24506276748623795,0,6.283185307179586,0.08325656894321956,24.91300245856608,-0.01,0.15,0.1,0.145,1,-0.7,0,0,0,0,0,0,0,0,0,0,0,0,-0.24491481175178845,-0.24491481175178845,-0.24491481175178845,-0.24491481175178845,0.008514399133230405,0.008514399133230405,0.008514399133230405,0.008514399133230405,1.0000000005977299,0,4.247525095746511e-20,0
1,2,1230,0,0,2,0,1,2,3,1,0,0.24506276751866876,0,6.283185307179586,0.08325656894321944,24.93300246056608,-0.01,0.15,0.1,0.145,1,-0.7,0,0,0,0,0,0,0,0,0,0,0,0,-0.24491481178437075,-0.24491481178437075,-0.24491481178437075,-0.24491481178437075,0.00851439912943654,0.00851439912943654,0.00851439912943654,0.00851439912943654,0.9999999995185718,0,4.097768134332092e-20,0
1,2,1231,0,0,2,0,1,2,3,1,0,0.24506276746834252,0,6.283185307179586,0.08325656894321941,24.95300246256608,-0.01,0.15,0.1,0.145,1,-0.7,0,0,0,0,0,0,0,0,0,0,0,0,-0.2449148117338094,-0.2449148117338094,-0.2449148117338094,-0.2449148117338094,0.008514399135323916,0.008514399135323916,0.008514399135323916,0.008514399135323916,0.9999999995253148,0,3.953291332073936e-20,0
1,2,1232,0,0,2,0,1,2,3,1,0,0.24506276747658984,0,6.283185307179586,0.08325656894321946,24.97300246456608,-0.01,0.15,0.1,0.145,1,-0.7,0,0,0,0,0,0,0,0,0,0,0,0,-0.24491481174209526,-0.24491481174209526,-0.24491481174209526,-0.24491481174209526,0.008514399134359103,0.008514399134359103,0.008514399134359103,0.008514399134359103,1.000000000213042,0,3.813908476923506e-20,0
1,2,1233,0,0,2,0,1,2,3,1,0,0.24506276739568525,0,6.283185307179586,0.08325656894321956,24.99300246656608,-0.01,0.15,0.1,0.145,1,-0.7,0,0,0,0,0,0,0,0,0,0,0,0,-0.24491481166081278,-0.24491481166081278,-0.24491481166081278,-0.24491481166081278,0.008514399143823641,0.008514399143823641,0.008514399143823641,0.008514399143823641,0.9999999998728413,0,3.6794398056708865e-20,0
1,2,1234,0,0,2,0,1,2,3,1,0,0.24506276742234542,0,6.283185307179586,0.08325656894321948,25.01300246856608,-0.01,0.15,0.1,0.145,1,-0.7,0,0,0,0,0,0,0,0,0,0,0,0,-0.24491481168759746,-0.24491481168759746,-0.24491481168759746,-0.24491481168759746,0.00851439914070482,0.00851439914070482,0.00851439914070482,0.00851439914070482,1.0000000007568275,0,3.5497122662671986e-20,0
1,2,1235,0,0,2,0,1,2,3,1,0,0.24506276749986516,0,6.283185307179586,0.08325656894321941,25.03300247056608,-0.01,0.15,0.1,0.145,1,-0.7,0,0,0,0,0,0,0,0,0,0,0,0,-0.2449148117654793,-0.2449148117654793,-0.2449148117654793,-0.2449148117654793,0.008514399131636248,0.008514399131636248,0.008514399131636248,0.008514399131636248,1.0000000000596359,0,3.4245584483540506e-20,0
1,2,1236,0,0,2,0,1,2,3,1,0,0.245062767450613,0,6.283185307179586,0.08325656894321948,25.053002472566078,-0.01,0.15,0.1,0.145,1,-0.7,0,0,0,0,0,0,0,0,0,0,0,0,-0.24491481171599708,-0.24491481171599708,-0.24491481171599708,-0.24491481171599708,0.008514399137397962,0.008514399137397962,0.008514399137397962,0.008514399137397962,0.9999999993912638,0,3.303817237896663e-20,0
1,2,1237,0,0,2,0,1,2,3,1,0,0.24506276749284028,0,6.283185307179586,0.08325656894321946,25.073002474566078,-0.01,0.15,0.1,0.145,1,-0.7,0,0,0,0,0,0,0,0,0,0,0,0,-0.2449148117584216,-0.2449148117584216,-0.2449148117584216,-0.2449148117584216,0.008514399132458085,0.008514399132458085,0.008514399132458085,0.008514399132458085,1.0000000003010001,0,3.1873331822093846e-20,0
1,2,1238,0,0,2,0,1,2,3,1,0,0.2450627674552664,0,6.283185307179586,0.08325656894321957,25.093002476566078,-0.01,0.15,0.1,0.145,1,-0.7,0,0,0,0,0,0,0,0,0,0,0,0,-0.2449148117206722,-0.2449148117206722,-0.2449148117206722,-0.2449148117206722,0.008514399136853628,0.008514399136853628,0.008514399136853628,0.008514399136853628,0.9999999996030979,0,3.074955928335179e-20,0
1,2,1239,0,0,2,0,1,2,3,1,0,0.24506276746701286,0,6.283185307179586,0.08325656894321946,25.113002478566077,-0.01,0.15,0.1,0.145,1,-0.7,0,0,0,0,0,0,0,0,0,0,0,0,-0.24491481173247354,-0.24491481173247354,-0.24491481173247354,-0.24491481173247354,0.008514399135479493,0.008514399135479493,0.008514399135479493,0.008514399135479493,1.000000000219849,0,2.966540908068938e-20,0
1,2,1240,0,0,2,0,1,2,3,1,0,0.24506276742852448,0,6.283185307179586,0.08325656894321949,25.133002480566077,-0.01,0.15,0.1,0.145,1,-0.7,0,0,0,0,0,0,0,0,0,0,0,0,-0.24491481169380538,-0.24491481169380538,-0.24491481169380538,-0.24491481169380538,0.008514399139982016,0.008514399139982016,0.008514399139982016,0.008514399139982016,0.9999999998953797,0,2.8619482550577904e-20,0
1,2,1241,0,0,2,0,1,2,3,1,0,0.24506276748122963,0,6.283185307179586,0.08325656894321955,25.153002482566077,-0.01,0.15,0.1,0.145,1,-0.7,0,0,0,0,0,0,0,0,0,0,0,0,-0.24491481174675672,-0.24491481174675672,-0.24491481174675672,-0.24491481174675672,0.008514399133816306,0.008514399133816306,0.008514399133816306,0.008514399133816306,1.0000000003661924,0,2.761043326003876e-20,0
1,2,1242,0,0,2,0,1,2,3,1,0,0.24506276749270847,0,6.283185307179586,0.08325656894321946,25.173002484566076,-0.01,0.15,0.1,0.145,1,-0.7,0,0,0,0,0,0,0,0,0,0,0,0,-0.2449148117582892,-0.2449148117582892,-0.2449148117582892,-0.2449148117582892,0.008514399132473488,0.008514399132473488,0.008514399132473488,0.008514399132473488,0.9999999996134434,0,2.6636959635327045e-20,0
1,2,1243,0,0,2,0,1,2,3,1,0,0.24506276741746463,0,6.283185307179586,0.08325656894321944,25.193002486566076,-0.01,0.15,0.1,0.145,1,-0.7,0,0,0,0,0,0,0,0,0,0,0,0,-0.24491481168269388,-0.24491481168269388,-0.24491481168269388,-0.24491481168269388,0.008514399141275832,0.008514399141275832,0.008514399141275832,0.008514399141275832,0.9999999997581241,0,2.5697808800803665e-20,0
1,2,1244,0,0,2,0,1,2,3,1,0,0.2450627674620942,0,6.283185307179586,0.08325656894321946,25.213002488566076,-0.01,0.15,0.1,0.145,1,-0.7,0,0,0,0,0,0,0,0,0,0,0,0,-0.24491481172753193,-0.24491481172753193,-0.24491481172753193,-0.24491481172753193,0.008514399136054857,0.008514399136054857,0.008514399136054857,0.008514399136054857,1.000000000617824,0,2.4791770446547935e-20,0
1,2,1245,0,0,2,0,1,2,3,1,0,0.2450627674146175,0,6.283185307179586,0.08325656894321938,25.233002490566076,-0.01,0.15,0.1,0.145,1,-0.7,0,0,0,0,0,0,0,0,0,0,0,0,-0.24491481167983345,-0.24491481167983345,-0.24491481167983345,-0.24491481167983345,0.008514399141608864,0.008514399141608864,0.008514399141608864,0.008514399141608864,0.9999999997655067,0,2.391767563466135e-20,0
1,2,1246,0,0,2,0,1,2,3,1,0,0.24506276741822086,0,6.283185307179586,0.08325656894321962,25.253002492566075,-0.01,0.15,0.1,0.145,1,-0.7,0,0,0,0,0,0,0,0,0,0,0,0,-0.24491481168345364,-0.24491481168345364,-0.24491481168345364,-0.24491481168345364,0.008514399141187349,0.008514399141187349,0.008514399141187349,0.008514399141187349,1.000000000495291,0,2.3074400109935356e-20,0
1,2,1247,0,0,2,0,1,2,3,1,0,0.24506276743257052,0,6.283185307179586,0.08325656894321941,25.273002494566075,-0.01,0.15,0.1,0.145,1,-0.7,0,0,0,0,0,0,0,0,0,0,0,0,-0.24491481169787033,-0.24491481169787033,-0.24491481169787033,-0.24491481169787033,0.008514399139508647,0.008514399139508647,0.008514399139508647,0.008514399139508647,1.000000000191676,0,2.2260855733600893e-20,0
1,2,1248,0,0,2,0,1,2,3,1,0,0.24506276746934647,0,6.283185307179586,0.08325656894321938,25.293002496566075,-0.01,0.15,0.1,0.145,1,-0.7,0,0,0,0,0,0,0,0,0,0,0,0,-0.24491481173481805,-0.24491481173481805,-0.24491481173481805,-0.24491481173481805,0.008514399135206463,0.008514399135206463,0.008514399135206463,0.008514399135206463,1.0000000000750546,0,2.147599493628203e-20,0
1,2,1249,0,0,2,0,1,2,3,1,0,0.2450627674732366,0,6.283185307179586,0.08325656894321956,25.313002498566075,-0.01,0.15,0.1,0.145,1,-0.7,0,0,0,0,0,0,0,0,0,0,0,0,-0.24491481173872637,-0.24491481173872637,-0.24491481173872637,-0.24491481173872637,0.008514399134751405,0.008514399134751405,0.008514399134751405,0.008514399134751405,0.9999999997621458,0,2.071880622825061e-20,0
1,2,1250,0,0,2,0,1,2,3,1,0,0.24506276738769095,0,6.283185307179586,0.08325656894321952,25.333002500566074,-0.01,0.15,0.1,0.145,1,-0.7,0,0,0,0,0,0,0,0,0,0,0,0,-0.24491481165278112,-0.24491481165278112,-0.24491481165278112,-0.24491481165278112,0.008514399144758857,0.008514399144758857,0.008514399144758857,0.008514399144758857,0.9999999999101377,0,1.9988314293370957e-20,0
1,2,1251,0,0,2,0,1,2,3,1,0,0.24506276744172664,0,6.283185307179586,0.08325656894321945,25.353002502566074,-0.01,0.15,0.1,0.145,1,-0.7,0,0,0,0,0,0,0,0,0,0,0,0,-0.24491481170706922,-0.24491481170706922,-0.24491481170706922,-0.24491481170706922,0.008514399138437538,0.008514399138437538,0.008514399138437538,0.008514399138437538,1.0000000008109495,0,1.9283578002101722e-20,0
1,2,1252,0,0,2,0,1,2,3,1,0,0.24506276746196407,0,6.283185307179586,0.08325656894321942,25.373002504566074,-0.01,0.15,0.1,0.145,1,-0.7,0,0,0,0,0,0,0,0,0,0,0,0,-0.24491481172740118,-0.24491481172740118,-0.24491481172740118,-0.24491481172740118,0.008514399136070069,0.008514399136070069,0.008514399136070069,0.008514399136070069,0.9999999998027889,0,1.86036879815539e-20,0
1,2,1253,0,0,2,0,1,2,3,1,0,0.2450627674965723,0,6.283185307179586,0.08325656894321945,25.393002506566074,-0.01,0.15,0.1,0.145,1,-0.7,0,0,0,0,0,0,0,0,0,0,0,0,-0.24491481176217106,-0.24491481176217106,-0.24491481176217106,-0.24491481176217106,0.008514399132021512,0.008514399132021512,0.008514399132021512,0.008514399132021512,0.9999999999011635,0,1.7947769650393777e-20,0
1,2,1254,0,0,2,0,1,2,3,1,0,0.2450627674459961,0,6.283185307179586,0.08325656894321956,25.413002508566073,-0.01,0.15,0.1,0.145,1,-0.7,0,0,0,0,0,0,0,0,0,0,0,0,-0.24491481171135862,-0.24491481171135862,-0.24491481171135862,-0.24491481171135862,0.008514399137938071,0.008514399137938071,0.008514399137938071,0.008514399137938071,0.9999999996393498,0,1.7314977173963402e-20,0
1,2,1255,0,0,2,0,1,2,3,1,0,0.2450627674387865,0,6.283185307179586,0.08325656894321934,25.433002510566073,-0.01,0.15,0.1,0.145,1,-0.7,0,0,0,0,0,0,0,0,0,0,0,0,-0.24491481170411533,-0.24491481170411533,-0.24491481170411533,-0.24491481170411533,0.008514399138781518,0.008514399138781518,0.008514399138781518,0.008514399138781518,1.000000000347768,0,1.670449575279269e-20,0
1,2,1256,0,0,2,0,1,2,3,1,0,0.24506276743307054,0,6.283185307179586,0.08325656894321962,25.453002512566073,-0.01,0.15,0.1,0.145,1,-0.7,0,0,0,0,0,0,0,0,0,0,0,0,-0.24491481169837268,-0.24491481169837268,-0.24491481169837268,-0.24491481169837268,0.008514399139450197,0.008514399139450197,0.008514399139450197,0.008514399139450197,1.0000000001504148,0,1.6115537963195193e-20,0
1,2,1257,0,0,2,0,1,2,3,1,0,0.24506276748206018,0,6.283185307179586,0.08325656894321946,25.473002514566073,-0.01,0.15,0.1,0.145,1,-0.7,0,0,0,0,0,0,0,0,0,0,0,0,-0.24491481174759117,-0.24491481174759117,-0.24491481174759117,-0.24491481174759117,0.008514399133719189,0.008514399133719189,0.008514399133719189,0.008514399133719189,1.000000000174488,0,1.5547345402159597e-20,0
1,2,1258,0,0,2,0,1,2,3,1,0,0.24506276745062186,0,6.283185307179586,0.08325656894321949,25.493002516566072,-0.01,0.15,0.1,0.145,1,-0.7,0,0,0,0,0,0,0,0,0,0,0,0,-0.244914811716006,-0.244914811716006,-0.244914811716006,-0.244914811716006,0.008514399137396966,0.008514399137396966,0.008514399137396966,0.008514399137396966,0.9999999996378719,0,1.4999185638606293e-20,0
1,2,1259,0,0,2,0,1,2,3,1,0,0.2450627674239193,0,6.283185307179586,0.08325656894321946,25.513002518566072,-0.01,0.15,0.1,0.145,1,-0.7,0,0,0,0,0,0,0,0,0,0,0,0,-0.2449148116891787,-0.2449148116891787,-0.2449148116891787,-0.2449148116891787,0.008514399140520707,0.008514399140520707,0.008514399140520707,0.008514399140520707,1.000000000205162,0,1.4470353006820127e-20,0
1,2,1260,0,0,2,0,1,2,3,1,0,0.2450627674552206,0,6.283185307179586,0.08325656894321942,25.533002520566072,-0.01,0.15,0.1,0.145,1,-0.7,0,0,0,0,0,0,0,0,0,0,0,0,-0.2449148117206262,-0.2449148117206262,-0.2449148117206262,-0.2449148117206262,0.00851439913685897,0.00851439913685897,0.00851439913685897,0.00851439913685897,1.0000000003184084,0,1.396016548382003e-20,0
1,2,1261,0,0,2,0,1,2,3,1,0,0.24506276744195604,0,6.283185307179586,0.0832565689432195,25.55300252256607,-0.01,0.15,0.1,0.145,1,-0.7,0,0,0,0,0,0,0,0,0,0,0,0,-0.2449148117072997,-0.2449148117072997,-0.2449148117072997,-0.2449148117072997,0.008514399138410726,0.008514399138410726,0.008514399138410726,0.008514399138410726,0.999999999863725,0,1.3467965663548371e-20,0
1,2,1262,0,0,2,0,1,2,3,1,0,0.24506276744419464,0,6.283185307179586,0.08325656894321953,25.57300252456607,-0.01,0.15,0.1,0.145,1,-0.7,0,0,0,0,0,0,0,0,0,0,0,0,-0.24491481170954874,-0.24491481170954874,-0.24491481170954874,-0.24491481170954874,0.008514399138148821,0.008514399138148821,0.008514399138148821,0.008514399138148821,1.0000000001684555,0,1.2993119808447671e-20,0
1,2,1263,0,0,2,0,1,2,3,1,0,0.24506276744883898,0,6.283185307179586,0.08325656894321934,25.59300252656607,-0.01,0.15,0.1,0.145,1,-0.7,0,0,0,0,0,0,0,0,0,0,0,0,-0.24491481171421478,-0.24491481171421478,-0.24491481171421478,-0.24491481171421478,0.008514399137605549,0.008514399137605549,0.008514399137605549,0.008514399137605549,1.0000000000715303,0,1.2535015671369572e-20,0
1,2,1264,0,0,2,0,1,2,3,1,0,0.2450627674163459,0,6.283185307179586,0.08325656894321959,25.61300252856607,-0.01,0.15,0.1,0.145,1,-0.7,0,0,0,0,0,0,0,0,0,0,0,0,-0.24491481168156992,-0.24491481168156992,-0.24491481168156992,-0.24491481168156992,0.008514399141406684,0.008514399141406684,0.008514399141406684,0.008514399141406684,1.0000000000465903,0,1.2093063130436765e-20,0
1,2,1265,0,0,2,0,1,2,3,1,0,0.24506276745738098,0,6.283185307179586,0.08325656894321937,25.63300253056607,-0.01,0.15,0.1,0.145,1,-0.7,0,0,0,0,0,0,0,0,0,0,0,0,-0.24491481172279667,-0.24491481172279667,-0.24491481172279667,-0.24491481172279667,0.008514399136606239,0.008514399136606239,0.008514399136606239,0.008514399136606239,1.0000000004065583,0,1.1666692823827734e-20,0
1,2,1266,0,0,2,0,1,2,3,1,0,0.2450627674706287,0,6.283185307179586,0.08325656894321949,25.65300253256607,-0.01,0.15,0.1,0.145,1,-0.7,0,0,0,0,0,0,0,0,0,0,0,0,-0.24491481173610627,-0.24491481173610627,-0.24491481173610627,-0.24491481173610627,0.008514399135056468,0.008514399135056468,0.008514399135056468,0.008514399135056468,0.999999999804345,0,1.1255354959880762e-20,0
1,2,1267,0,0,2,0,1,2,3,1,0,0.2450627674396526,0,6.283185307179586,0.08325656894321949,25.67300253456607,-0.01,0.15,0.1,0.145,1,-0.7,0,0,0,0,0,0,0,0,0,0,0,0,-0.2449148117049855,-0.2449148117049855,-0.2449148117049855,-0.2449148117049855,0.008514399138680188,0.008514399138680188,0.008514399138680188,0.008514399138680188,0.9999999998972484,0,1.08585200088117e-20,0
1,2,1268,0,0,2,0,1,2,3,1,0,0.24506276750078362,0,6.283185307179586,0.08325656894321948,25.69300253656607,-0.01,0.15,0.1,0.145,1,-0.7,0,0,0,0,0,0,0,0,0,0,0,0,-0.24491481176640206,-0.24491481176640206,-0.24491481176640206,-0.24491481176640206,0.008514399131528844,0.008514399131528844,0.008514399131528844,0.008514399131528844,1.0000000002717186,0,1.0475676525876536e-20,0
1,2,1269,0,0,2,0,1,2,3,1,0,0.2450627673864066,0,6.283185307179586,0.08325656894321942,25.71300253856607,-0.01,0.15,0.1,0.145,1,-0.7,0,0,0,0,0,0,0,0,0,0,0,0,-0.24491481165149076,-0.24491481165149076,-0.24491481165149076,-0.24491481165149076,0.008514399144909085,0.008514399144909085,0.008514399144909085,0.008514399144909085,0.9999999994886579,0,1.0106330809035292e-20,0
1,2,1270,0,0,2,0,1,2,3,1,0,0.24506276749117115,0,6.283185307179586,0.08325656894321956,25.73300254056607,-0.01,0.15,0.1,0.145,1,-0.7,0,0,0,0,0,0,0,0,0,0,0,0,-0.24491481175674468,-0.24491481175674468,-0.24491481175674468,-0.24491481175674468,0.008514399132653335,0.008514399132653335,0.008514399132653335,0.008514399132653335,1.0000000009761507,0,9.750007864399394e-21,0
1,2,1271,0,0,2,0,1,2,3,1,0,0.2450627674323905,0,6.283185307179586,0.08325656894321945,25.75300254256607,-0.01,0.15,0.1,0.145,1,-0.7,0,0,0,0,0,0,0,0,0,0,0,0,-0.24491481169768944,-0.24491481169768944,-0.24491481169768944,-0.24491481169768944,0.008514399139529755,0.008514399139529755,0.008514399139529755,0.008514399139529755,0.9999999993009752,0,9.406247163060765e-21,0
1,2,1272,0,0,2,0,1,2,3,1,0,0.2450627674300742,0,6.283185307179586,0.08325656894321945,25.77300254456607,-0.01,0.15,0.1,0.145,1,-0.7,0,0,0,0,0,0,0,0,0,0,0,0,-0.24491481169536236,-0.24491481169536236,-0.24491481169536236,-0.24491481169536236,0.008514399139800687,0.008514399139800687,0.008514399139800687,0.008514399139800687,1.000000000457966,0,9.07460726491901e-21,0
1,2,1273,0,0,2,0,1,2,3,1,0,0.2450627674824627,0,6.283185307179586,0.08325656894321949,25.79300254656607,-0.01,0.15,0.1,0.145,1,-0.7,0,0,0,0,0,0,0,0,0,0,0,0,-0.24491481174799554,-0.24491481174799554,-0.24491481174799554,-0.24491481174799554,0.008514399133672107,0.008514399133672107,0.008514399133672107,0.008514399133672107,1.0000000001806342,0,8.754659804028631e-21,0
1,2,1274,0,0,2,0,1,2,3,1,0,0.24506276739583038,0,6.283185307179586,0.08325656894321956,25.813002548566068,-0.01,0.15,0.1,0.145,1,-0.7,0,0,0,0,0,0,0,0,0,0,0,0,-0.24491481166095858,-0.24491481166095858,-0.24491481166095858,-0.24491481166095858,0.00851439914380668,0.00851439914380668,0.00851439914380668,0.00851439914380668,0.999999999617927,0,8.445992812598915e-21,0
1,2,1275,0,0,2,0,1,2,3,1,0,0.24506276746493366,0,6.283185307179586,0.08325656894321949,25.833002550566068,-0.01,0.15,0.1,0.145,1,-0.7,0,0,0,0,0,0,0,0,0,0,0,0,-0.24491481173038462,-0.24491481173038462,-0.24491481173038462,-0.24491481173038462,0.008514399135722692,0.008514399135722692,0.008514399135722692,0.008514399135722692,1.0000000007880132,0,8.148208998528471e-21,0
1,2,1276,0,0,2,0,1,2,3,1,0,0.24506276744885214,0,6.283185307179586,0.0832565689432194,25.853002552566068,-0.01,0.15,0.1,0.145,1,-0.7,0,0,0,0,0,0,0,0,0,0,0,0,-0.244914811714228,-0.244914811714228,-0.244914811714228,-0.244914811714228,0.00851439913760399,0.00851439913760399,0.00851439913760399,0.00851439913760399,0.9999999996136637,0,7.860923791663493e-21,0
1,2,1277,0,0,2,0,1,2,3,1,0,0.24506276743779168,0,6.283185307179586,0.0832565689432195,25.873002554566067,-0.01,0.15,0.1,0.145,1,-0.7,0,0,0,0,0,0,0,0,0,0,0,0,-0.24491481170311588,-0.24491481170311588,-0.24491481170311588,-0.24491481170311588,0.008514399138897878,0.008514399138897878,0.008514399138897878,0.008514399138897878,1.000000000154543,0,7.583767867444399e-21,0
1,2,1278,0,0,2,0,1,2,3,1,0,0.24506276738301297,0,6.283185307179586,0.08325656894321948,25.893002556566067,-0.01,0.15,0.1,0.145,1,-0.7,0,0,0,0,0,0,0,0,0,0,0,0,-0.2449148116480813,-0.2449148116480813,-0.2449148116480813,-0.2449148116480813,0.00851439914530609,0.00851439914530609,0.00851439914530609,0.00851439914530609,1.0000000001737561,0,7.316383653092863e-21,0
1,2,1279,0,0,2,0,1,2,3,1,0,0.24506276744243755,0,6.283185307179586,0.0832565689432195,25.913002558566067,-0.01,0.15,0.1,0.145,1,-0.7,0,0,0,0,0,0,0,0,0,0,0,0,-0.24491481170778345,-0.24491481170778345,-0.24491481170778345,-0.24491481170778345,0.008514399138354362,0.008514399138354362,0.008514399138354362,0.008514399138354362,1.0000000006812826,0,7.058426809380963e-21,0
1,2,1280,0,0,2,0,1,2,3,1,0,0.24506276740975458,0,6.283185307179586,0.08325656894321938,25.933002560566067,-0.01,0.15,0.1,0.145,1,-0.7,0,0,0,0,0,0,0,0,0,0,0,0,-0.2449148116749478,-0.2449148116749478,-0.2449148116749478,-0.2449148116749478,0.008514399142177782,0.008514399142177782,0.008514399142177782,0.008514399142177782,0.9999999997827089,0,6.809564608260599e-21,0
1,2,1281,0,0,2,0,1,2,3,1,0,0.24506276741262709,0,6.283185307179586,0.08325656894321946,25.953002562566066,-0.01,0.15,0.1,0.145,1,-0.7,0,0,0,0,0,0,0,0,0,0,0,0,-0.24491481167783374,-0.24491481167783374,-0.24491481167783374,-0.24491481167783374,0.008514399141841735,0.008514399141841735,0.008514399141841735,0.008514399141841735,1.0000000004422134,0,6.569476922032868e-21,0
1,2,1282,0,0,2,0,1,2,3,1,0,0.24506276745405314,0,6.283185307179586,0.08325656894321953,25.973002564566066,-0.01,0.15,0.1,0.145,1,-0.7,0,0,0,0,0,0,0,0,0,0,0,0,-0.2449148117194533,-0.2449148117194533,-0.2449148117194533,-0.2449148117194533,0.008514399136995556,0.008514399136995556,0.008514399136995556,0.008514399136995556,1.0000000002498837,0,6.337853968106962e-21,0
1,2,1283,0,0,2,0,1,2,3,1,0,0.24506276746769273,0,6.283185307179586,0.08325656894321944,25.993002566566066,-0.01,0.15,0.1,0.145,1,-0.7,0,0,0,0,0,0,0,0,0,0,0,0,-0.2449148117331566,-0.2449148117331566,-0.2449148117331566,-0.2449148117331566,0.008514399135399926,0.008514399135399926,0.008514399135399926,0.008514399135399926,0.9999999998183995,0,6.114397412587242e-21,0
1,2,1284,0,0,2,0,1,2,3,1,0,0.24506276739189514,0,6.283185307179586,0.08325656894321949,26.013002568566066,-0.01,0.15,0.1,0.145,1,-0.7,0,0,0,0,0,0,0,0,0,0,0,0,-0.24491481165700496,-0.24491481165700496,-0.24491481165700496,-0.24491481165700496,0.00851439914426702,0.00851439914426702,0.00851439914426702,0.00851439914426702,0.9999999998893117,0,5.8988194403348885e-21,0
1,2,1285,0,0,2,0,1,2,3,1,0,0.24506276740275562,0,6.283185307179586,0.0832565689432195,26.033002570566065,-0.01,0.15,0.1,0.145,1,-0.7,0,0,0,0,0,0,0,0,0,0,0,0,-0.24491481166791615,-0.24491481166791615,-0.24491481166791615,-0.24491481166791615,0.008514399142996523,0.008514399142996523,0.008514399142996523,0.008514399142996523,1.00000000075498,0,5.6908423115249484e-21,0
1,2,1286,0,0,2,0,1,2,3,1,0,0.24506276742345032,0,6.283185307179586,0.08325656894321949,26.053002572566065,-0.01,0.15,0.1,0.145,1,-0.7,0,0,0,0,0,0,0,0,0,0,0,0,-0.24491481168870755,-0.24491481168870755,-0.24491481168870755,-0.24491481168870755,0.008514399140575573,0.008514399140575573,0.008514399140575573,0.008514399140575573,1.0000000002448886,0,5.49019772246271e-21,0
1,2,1287,0,0,2,0,1,2,3,1,0,0.2450627674411671,0,6.283185307179586,0.08325656894321946,26.073002574566065,-0.01,0.15,0.1,0.145,1,-0.7,0,0,0,0,0,0,0,0,0,0,0,0,-0.24491481170650706,-0.24491481170650706,-0.24491481170650706,-0.24491481170650706,0.008514399138503036,0.008514399138503036,0.008514399138503036,0.008514399138503036,1.0000000000828564,0,5.296627398325335e-21,0
1,2,1288,0,0,2,0,1,2,3,1,0,0.24506276743376787,0,6.283185307179586,0.0832565689432195,26.093002576566064,-0.01,0.15,0.1,0.145,1,-0.7,0,0,0,0,0,0,0,0,0,0,0,0,-0.24491481169907328,-0.24491481169907328,-0.24491481169907328,-0.24491481169907328,0.008514399139368594,0.008514399139368594,0.008514399139368594,0.008514399139368594,1.0000000000090168,0,5.109881879487144e-21,0
1,2,1289,0,0,2,0,1,2,3,1,0,0.24506276748170025,0,6.283185307179586,0.08325656894321946,26.113002578566064,-0.01,0.15,0.1,0.145,1,-0.7,0,0,0,0,0,0,0,0,0,0,0,0,-0.24491481174722954,-0.24491481174722954,-0.24491481174722954,-0.24491481174722954,0.008514399133761256,0.008514399133761256,0.008514399133761256,0.008514399133761256,1.0000000001874128,0,4.9297205613495434e-21,0
1,2,1290,0,0,2,0,1,2,3,1,0,0.24506276738998517,0,6.283185307179586,0.08325656894321937,26.133002580566064,-0.01,0.15,0.1,0.145,1,-0.7,0,0,0,0,0,0,0,0,0,0,0,0,-0.24491481165508605,-0.24491481165508605,-0.24491481165508605,-0.24491481165508605,0.008514399144490504,0.008514399144490504,0.008514399144490504,0.008514399144490504,0.9999999996328128,0,4.7559111805549264e-21,0
1,2,1291,0,0,2,0,1,2,3,1,0,0.24506276739478275,0,6.283185307179586,0.08325656894321964,26.153002582566064,-0.01,0.15,0.1,0.145,1,-0.7,0,0,0,0,0,0,0,0,0,0,0,0,-0.24491481165990606,-0.24491481165990606,-0.24491481165990606,-0.24491481165990606,0.00851439914392924,0.00851439914392924,0.00851439914392924,0.00851439914392924,1.0000000008392789,0,4.588230085206167e-21,0
1,2,1292,0,0,2,0,1,2,3,1,0,0.24506276745185812,0,6.283185307179586,0.08325656894321948,26.173002584566063,-0.01,0.15,0.1,0.145,1,-0.7,0,0,0,0,0,0,0,0,0,0,0,0,-0.24491481171724805,-0.24491481171724805,-0.24491481171724805,-0.24491481171724805,0.008514399137252326,0.008514399137252326,0.008514399137252326,0.008514399137252326,1.0000000003221885,0,4.42646078921042e-21,0
1,2,1293,0,0,2,0,1,2,3,1,0,0.2450627674275948,0,6.283185307179586,0.0832565689432194,26.193002586566063,-0.01,0.15,0.1,0.145,1,-0.7,0,0,0,0,0,0,0,0,0,0,0,0,-0.24491481169287138,-0.24491481169287138,-0.24491481169287138,-0.24491481169287138,0.008514399140090714,0.008514399140090714,0.008514399140090714,0.008514399140090714,0.9999999997568523,0,4.270395061411961e-21,0
1,2,1294,0,0,2,0,1,2,3,1,0,0.2450627674463567,0,6.283185307179586,0.0832565689432194,26.213002588566063,-0.01,0.15,0.1,0.145,1,-0.7,0,0,0,0,0,0,0,0,0,0,0,0,-0.2449148117117209,-0.2449148117117209,-0.2449148117117209,-0.2449148117117209,0.008514399137895916,0.008514399137895916,0.008514399137895916,0.008514399137895916,1.000000000309612,0,4.119831934701541e-21,0
1,2,1295,0,0,2,0,1,2,3,1,0,0.24506276743461877,0,6.283185307179586,0.08325656894321959,26.233002590566063,-0.01,0.15,0.1,0.145,1,-0.7,0,0,0,0,0,0,0,0,0,0,0,0,-0.24491481169992815,-0.24491481169992815,-0.24491481169992815,-0.24491481169992815,0.00851439913926905,0.00851439913926905,0.00851439913926905,0.00851439913926905,0.9999999999751168,0,3.974577184804776e-21,0
1,2,1296,0,0,2,0,1,2,3,1,0,0.24506276747282893,0,6.283185307179586,0.08325656894321942,26.253002592566062,-0.01,0.15,0.1,0.145,1,-0.7,0,0,0,0,0,0,0,0,0,0,0,0,-0.24491481173831678,-0.24491481173831678,-0.24491481173831678,-0.24491481173831678,0.008514399134799107,0.008514399134799107,0.008514399134799107,0.008514399134799107,1.000000000192827,0,3.8344438010090234e-21,0
1,2,1297,0,0,2,0,1,2,3,1,0,0.24506276741955965,0,6.283185307179586,0.08325656894321952,26.273002594566062,-0.01,0.15,0.1,0.145,1,-0.7,0,0,0,0,0,0,0,0,0,0,0,0,-0.24491481168479867,-0.24491481168479867,-0.24491481168479867,-0.24491481168479867,0.008514399141030712,0.008514399141030712,0.008514399141030712,0.008514399141030712,0.9999999997419948,0,3.699251094201481e-21,0
1,2,1298,0,0,2,0,1,2,3,1,0,0.245062767390452,0,6.283185307179586,0.08325656894321944,26.293002596566062,-0.01,0.15,0.1,0.145,1,-0.7,0,0,0,0,0,0,0,0,0,0,0,0,-0.24491481165555506,-0.24491481165555506,-0.24491481165555506,-0.24491481165555506,0.008514399144435851,0.008514399144435851,0.008514399144435851,0.008514399144435851,1.0000000004966054,0,3.568825051539058e-21,0
1,2,1299,0,0,2,0,1,2,3,1,0,0.2450627675036635,0,6.283185307179586,0.08325656894321949,26.31300259856606,-0.01,0.15,0.1,0.145,1,-0.7,0,0,0,0,0,0,0,0,0,0,0,0,-0.24491481176929536,-0.24491481176929536,-0.24491481176929536,-0.24491481176929536,0.008514399131191912,0.008514399131191912,0.008514399131191912,0.008514399131191912,1.0000000005100418,0,3.442997428438405e-21,0
1,2,1300,0,0,2,0,1,2,3,1,0,0.24506276743421682,0,6.283185307179586,0.08325656894321945,26.33300260056606,-0.01,0.15,0.1,0.145,1,-0.7,0,0,0,0,0,0,0,0,0,0,0,0,-0.2449148116995243,-0.2449148116995243,-0.2449148116995243,-0.2449148116995243,0.008514399139316063,0.008514399139316063,0.008514399139316063,0.008514399139316063,0.9999999991889013,0,3.321606045578491e-21,0
1,2,1301,0,0,2,0,1,2,3,1,0,0.24506276745892105,0,6.283185307179586,0.08325656894321955,26.35300260256606,-0.01,0.15,0.1,0.145,1,-0.7,0,0,0,0,0,0,0,0,0,0,0,0,-0.24491481172434396,-0.24491481172434396,-0.24491481172434396,-0.24491481172434396,0.008514399136426085,0.008514399136426085,0.008514399136426085,0.008514399136426085,1.0000000005113847,0,3.204494839771208e-21,0
1,2,1302,0,0,2,0,1,2,3,1,0,0.24506276748722863,0,6.283185307179586,0.08325656894321945,26.37300260456606,-0.01,0.15,0.1,0.145,1,-0.7,0,0,0,0,0,0,0,0,0,0,0,0,-0.24491481175278373,-0.24491481175278373,-0.24491481175278373,-0.24491481175278373,0.008514399133114548,0.008514399133114548,0.008514399133114548,0.008514399133114548,0.999999999878689,0,3.0915125131681114e-21,0
1,2,1303,0,0,2,0,1,2,3,1,0,0.2450627674294388,0,6.283185307179586,0.08325656894321942,26.39300260656606,-0.01,0.15,0.1,0.145,1,-0.7,0,0,0,0,0,0,0,0,0,0,0,0,-0.24491481169472398,-0.24491481169472398,-0.24491481169472398,-0.24491481169472398,0.008514399139875017,0.008514399139875017,0.008514399139875017,0.008514399139875017,0.9999999997223057,0,2.9825136913262402e-21,0
1,2,1304,0,0,2,0,1,2,3,1,0,0.2450627673688913,0,6.283185307179586,0.08325656894321942,26.41300260856606,-0.01,0.15,0.1,0.145,1,-0.7,0,0,0,0,0,0,0,0,0,0,0,0,-0.24491481163389367,-0.24491481163389367,-0.24491481163389367,-0.24491481163389367,0.00851439914695809,0.00851439914695809,0.00851439914695809,0.00851439914695809,1.0000000004610783,0,2.877357958894522e-21,0
1,2,1305,0,0,2,0,1,2,3,1,0,0.2450627674102401,0,6.283185307179586,0.08325656894321952,26.43300261056606,-0.01,0.15,0.1,0.145,1,-0.7,0,0,0,0,0,0,0,0,0,0,0,0,-0.2449148116754356,-0.2449148116754356,-0.2449148116754356,-0.2449148116754356,0.008514399142120946,0.008514399142120946,0.008514399142120946,0.008514399142120946,1.0000000007837215,0,2.7759097152672604e-21,0
1,2,1306,0,0,2,0,1,2,3,1,0,0.24506276739443136,0,6.283185307179586,0.08325656894321942,26.45300261256606,-0.01,0.15,0.1,0.145,1,-0.7,0,0,0,0,0,0,0,0,0,0,0,0,-0.24491481165955303,-0.24491481165955303,-0.24491481165955303,-0.24491481165955303,0.008514399143970315,0.008514399143970315,0.008514399143970315,0.008514399143970315,1.0000000000409344,0,2.678038199452631e-21,0
1,2,1307,0,0,2,0,1,2,3,1,0,0.24506276741417812,0,6.283185307179586,0.0832565689432195,26.47300261456606,-0.01,0.15,0.1,0.145,1,-0.7,0,0,0,0,0,0,0,0,0,0,0,0,-0.24491481167939202,-0.24491481167939202,-0.24491481167939202,-0.24491481167939202,0.008514399141660273,0.008514399141660273,0.008514399141660273,0.008514399141660273,1.0000000004366498,0,2.5836174615235636e-21,0
1,2,1308,0,0,2,0,1,2,3,1,0,0.24506276743570382,0,6.283185307179586,0.08325656894321948,26.49300261656606,-0.01,0.15,0.1,0.145,1,-0.7,0,0,0,0,0,0,0,0,0,0,0,0,-0.24491481170101825,-0.24491481170101825,-0.24491481170101825,-0.24491481170101825,0.008514399139142096,0.008514399139142096,0.008514399139142096,0.008514399139142096,1.0000000001350315,0,2.4925257117264804e-21,0
1,2,1309,0,0,2,0,1,2,3,1,0,0.24506276741146601,0,6.283185307179586,0.08325656894321948,26.51300261856606,-0.01,0.15,0.1,0.145,1,-0.7,0,0,0,0,0,0,0,0,0,0,0,0,-0.24491481167666723,-0.24491481167666723,-0.24491481167666723,-0.24491481167666723,0.008514399141977533,0.008514399141977533,0.008514399141977533,0.008514399141977533,1.0000000000311502,0,2.404645634943303e-21,0
1,2,1310,0,0,2,0,1,2,3,1,0,0.245062767481664,0,6.283185307179586,0.08325656894321942,26.53300262056606,-0.01,0.15,0.1,0.145,1,-0.7,0,0,0,0,0,0,0,0,0,0,0,0,-0.24491481174719312,-0.24491481174719312,-0.24491481174719312,-0.24491481174719312,0.008514399133765527,0.008514399133765527,0.008514399133765527,0.008514399133765527,1.0000000003989555,0,2.3198640146706915e-21,0
1,2,1311,0,0,2,0,1,2,3,1,0,0.24506276745833688,0,6.283185307179586,0.0832565689432195,26.55300262256606,-0.01,0.15,0.1,0.145,1,-0.7,0,0,0,0,0,0,0,0,0,0,0,0,-0.24491481172375706,-0.24491481172375706,-0.24491481172375706,-0.24491481172375706,0.008514399136494398,0.008514399136494398,0.008514399136494398,0.008514399136494398,0.9999999995214921,0,2.23807150345438e-21,0
1,2,1312,0,0,2,0,1,2,3,1,0,0.24506276739758753,0,6.283185307179586,0.08325656894321948,26.573002624566058,-0.01,0.15,0.1,0.145,1,-0.7,0,0,0,0,0,0,0,0,0,0,0,0,-0.24491481166272394,-0.24491481166272394,-0.24491481166272394,-0.24491481166272394,0.008514399143601109,0.008514399143601109,0.008514399143601109,0.008514399143601109,1.0000000001388472,0,2.1591628726939413e-21,0
1,2,1313,0,0,2,0,1,2,3,1,0,0.24506276747761832,0,6.283185307179586,0.08325656894321937,26.593002626566058,-0.01,0.15,0.1,0.145,1,-0.7,0,0,0,0,0,0,0,0,0,0,0,0,-0.24491481174312854,-0.24491481174312854,-0.24491481174312854,-0.24491481174312854,0.008514399134238826,0.008514399134238826,0.008514399134238826,0.008514399134238826,1.0000000006451941,0,2.083036351425044e-21,0
1,2,1314,0,0,2,0,1,2,3,1,0,0.24506276743059158,0,6.283185307179586,0.08325656894321962,26.613002628566058,-0.01,0.15,0.1,0.145,1,-0.7,0,0,0,0,0,0,0,0,0,0,0,0,-0.24491481169588214,-0.24491481169588214,-0.24491481169588214,-0.24491481169588214,0.008514399139740194,0.008514399139740194,0.008514399139740194,0.008514399139740194,0.9999999994874074,0,2.0095937661275423e-21,0
1,2,1315,0,0,2,0,1,2,3,1,0,0.2450627674570924,0,6.283185307179586,0.08325656894321949,26.633002630566057,-0.01,0.15,0.1,0.145,1,-0.7,0,0,0,0,0,0,0,0,0,0,0,0,-0.24491481172250676,-0.24491481172250676,-0.24491481172250676,-0.24491481172250676,0.00851439913664,0.00851439913664,0.00851439913664,0.00851439913664,1.0000000003963336,0,1.938740686807536e-21,0
1,2,1316,0,0,2,0,1,2,3,1,0,0.2450627674925804,0,6.283185307179586,0.08325656894321948,26.653002632566057,-0.01,0.15,0.1,0.145,1,-0.7,0,0,0,0,0,0,0,0,0,0,0,0,-0.24491481175816052,-0.24491481175816052,-0.24491481175816052,-0.24491481175816052,0.008514399132488441,0.008514399132488441,0.008514399132488441,0.008514399132488441,0.9999999998761311,0,1.8703856324859466e-21,0
1,2,1317,0,0,2,0,1,2,3,1,0,0.24506276739380314,0,6.283185307179586,0.08325656894321935,26.673002634566057,-0.01,0.15,0.1,0.145,1,-0.7,0,0,0,0,0,0,0,0,0,0,0,0,-0.24491481165892187,-0.24491481165892187,-0.24491481165892187,-0.24491481165892187,0.008514399144043838,0.008514399144043838,0.008514399144043838,0.008514399144043838,0.9999999996607372,0,1.804440617065436e-21,0
1,2,1318,0,0,2,0,1,2,3,1,0,0.24506276745938577,0,6.283185307179586,0.08325656894321962,26.693002636566057,-0.01,0.15,0.1,0.145,1,-0.7,0,0,0,0,0,0,0,0,0,0,0,0,-0.24491481172481083,-0.24491481172481083,-0.24491481172481083,-0.24491481172481083,0.00851439913637174,0.00851439913637174,0.00851439913637174,0.00851439913637174,1.0000000008744365,0,1.740820721657276e-21,0
1,2,1319,0,0,2,0,1,2,3,1,0,0.24506276744454028,0,6.283185307179586,0.08325656894321955,26.713002638566056,-0.01,0.15,0.1,0.145,1,-0.7,0,0,0,0,0,0,0,0,0,0,0,0,-0.244914811709896,-0.244914811709896,-0.244914811709896,-0.244914811709896,0.008514399138108409,0.008514399138108409,0.008514399138108409,0.008514399138108409,0.9999999996660733,0,1.679443790331732e-21,0
1,2,1320,0,0,2,0,1,2,3,1,0,0.2450627674742585,0,6.283185307179586,0.0832565689432194,26.733002640566056,-0.01,0.15,0.1,0.145,1,-0.7,0,0,0,0,0,0,0,0,0,0,0,0,-0.24491481173975302,-0.24491481173975302,-0.24491481173975302,-0.24491481173975302,0.008514399134631853,0.008514399134631853,0.008514399134631853,0.008514399134631853,1.0000000001618616,0,1.6202309276853652e-21,0
1,2,1321,0,0,2,0,1,2,3,1,0,0.24506276741186905,0,6.283185307179586,0.08325656894321946,26.753002642566056,-0.01,0.15,0.1,0.145,1,-0.7,0,0,0,0,0,0,0,0,0,0,0,0,-0.24491481167707216,-0.24491481167707216,-0.24491481167707216,-0.24491481167707216,0.008514399141930428,0.008514399141930428,0.008514399141930428,0.008514399141930428,0.999999999791676,0,1.5631057210532197e-21,0
1,2,1322,0,0,2,0,1,2,3,1,0,0.2450627674696352,0,6.283185307179586,0.08325656894321946,26.773002644566056,-0.01,0.15,0.1,0.145,1,-0.7,0,0,0,0,0,0,0,0,0,0,0,0,-0.24491481173510815,-0.24491481173510815,-0.24491481173510815,-0.24491481173510815,0.008514399135172691,0.008514399135172691,0.008514399135172691,0.008514399135172691,1.0000000005894378,0,1.507994651649518e-21,0
1,2,1323,0,0,2,0,1,2,3,1,0,0.24506276744697283,0,6.283185307179586,0.08325656894321949,26.793002646566055,-0.01,0.15,0.1,0.145,1,-0.7,0,0,0,0,0,0,0,0,0,0,0,0,-0.24491481171233992,-0.24491481171233992,-0.24491481171233992,-0.24491481171233992,0.008514399137823857,0.008514399137823857,0.008514399137823857,0.008514399137823857,0.9999999996589324,0,1.4548265884984276e-21,0
1,2,1324,0,0,2,0,1,2,3,1,0,0.24506276744044075,0,6.283185307179586,0.08325656894321953,26.813002648566055,-0.01,0.15,0.1,0.145,1,-0.7,0,0,0,0,0,0,0,0,0,0,0,0,-0.24491481170577734,-0.24491481170577734,-0.24491481170577734,-0.24491481170577734,0.008514399138587982,0.008514399138587982,0.008514399138587982,0.008514399138587982,1.000000000193694,0,1.4035331514761858e-21,0
1,2,1325,0,0,2,0,1,2,3,1,0,0.245062767429677,0,6.283185307179586,0.0832565689432195,26.833002650566055,-0.01,0.15,0.1,0.145,1,-0.7,0,0,0,0,0,0,0,0,0,0,0,0,-0.24491481169496332,-0.24491481169496332,-0.24491481169496332,-0.24491481169496332,0.00851439913984713,0.00851439913984713,0.00851439913984713,0.00851439913984713,1.000000000138968,0,1.3540481675284746e-21,0
1,2,1326,0,0,2,0,1,2,3,1,0,0.24506276741502314,0,6.283185307179586,0.08325656894321934,26.853002652566055,-0.01,0.15,0.1,0.145,1,-0.7,0,0,0,0,0,0,0,0,0,0,0,0,-0.24491481168024098,-0.24491481168024098,-0.24491481168024098,-0.24491481168024098,0.00851439914156144,0.00851439914156144,0.00851439914156144,0.00851439914156144,1.0000000002261515,0,1.3063079018592322e-21,0
1,2,1327,0,0,2,0,1,2,3,1,0,0.24506276740957667,0,6.283185307179586,0.0832565689432195,26.873002654566054,-0.01,0.15,0.1,0.145,1,-0.7,0,0,0,0,0,0,0,0,0,0,0,0,-0.24491481167476908,-0.24491481167476908,-0.24491481167476908,-0.24491481167476908,0.008514399142198552,0.008514399142198552,0.008514399142198552,0.008514399142198552,1.0000000003146283,0,1.2602508361550372e-21,0
1,2,1328,0,0,2,0,1,2,3,1,0,0.24506276745316613,0,6.283185307179586,0.08325656894321944,26.893002656566054,-0.01,0.15,0.1,0.145,1,-0.7,0,0,0,0,0,0,0,0,0,0,0,0,-0.24491481171856214,-0.24491481171856214,-0.24491481171856214,-0.24491481171856214,0.008514399137099336,0.008514399137099336,0.008514399137099336,0.008514399137099336,1.0000000002994085,0,1.2158176206432258e-21,0
1,2,1329,0,0,2,0,1,2,3,1,0,0.2450627674582003,0,6.283185307179586,0.08325656894321948,26.913002658566054,-0.01,0.15,0.1,0.145,1,-0.7,0,0,0,0,0,0,0,0,0,0,0,0,-0.2449148117236198,-0.2449148117236198,-0.2449148117236198,-0.2449148117236198,0.008514399136510375,0.008514399136510375,0.008514399136510375,0.008514399136510375,0.9999999998205311,0,1.1729509918442636e-21,0
1,2,1330,0,0,2,0,1,2,3,1,0,0.24506276747193614,0,6.283185307179586,0.08325656894321949,26.933002660566054,-0.01,0.15,0.1,0.145,1,-0.7,0,0,0,0,0,0,0,0,0,0,0,0,-0.24491481173741983,-0.24491481173741983,-0.24491481173741983,-0.24491481173741983,0.008514399134903542,0.008514399134903542,0.008514399134903542,0.008514399134903542,0.9999999999970441,0,1.1315957510809542e-21,0
1,2,1331,0,0,2,0,1,2,3,1,0,0.24506276750095485,0,6.283185307179586,0.08325656894321948,26.953002662566053,-0.01,0.15,0.1,0.145,1,-0.7,0,0,0,0,0,0,0,0,0,0,0,0,-0.2449148117665741,-0.2449148117665741,-0.2449148117665741,-0.2449148117665741,0.00851439913150881,0.00851439913150881,0.00851439913150881,0.00851439913150881,0.9999999998822418,0,1.0916985813435685e-21,0
1,2,1332,0,0,2,0,1,2,3,1,0,0.24506276744416164,0,6.283185307179586,0.08325656894321942,26.973002664566053,-0.01,0.15,0.1,0.145,1,-0.7,0,0,0,0,0,0,0,0,0,0,0,0,-0.2449148117095156,-0.2449148117095156,-0.2449148117095156,-0.2449148117095156,0.008514399138152698,0.008514399138152698,0.008514399138152698,0.008514399138152698,0.9999999996407212,0,1.053208080444726e-21,0
1,2,1333,0,0,2,0,1,2,3,1,0,0.2450627674339773,0,6.283185307179586,0.08325656894321945,26.993002666566053,-0.01,0.15,0.1,0.145,1,-0.7,0,0,0,0,0,0,0,0,0,0,0,0,-0.2449148116992837,-0.2449148116992837,-0.2449148116992837,-0.2449148116992837,0.008514399139344079,0.008514399139344079,0.008514399139344079,0.008514399139344079,1.0000000003795648,0,1.0160746829850829e-21,0
1,2,1334,0,0,2,0,1,2,3,1,0,0.24506276743992306,0,6.283185307179586,0.08325656894321953,27.013002668566052,-0.01,0.15,0.1,0.145,1,-0.7,0,0,0,0,0,0,0,0,0,0,0,0,-0.2449148117052572,-0.2449148117052572,-0.2449148117052572,-0.2449148117052572,0.00851439913864852,0.00851439913864852,0.00851439913864852,0.00851439913864852,1.0000000001980212,0,9.802504884875892e-22,0
1,2,1335,0,0,2,0,1,2,3,1,0,0.24506276746766809,0,6.283185307179586,0.08325656894321933,27.033002670566052,-0.01,0.15,0.1,0.145,1,-0.7,0,0,0,0,0,0,0,0,0,0,0,0,-0.24491481173313182,-0.24491481173313182,-0.24491481173313182,-0.24491481173313182,0.00851439913540282,0.00851439913540282,0.00851439913540282,0.00851439913540282,1.0000000000816698,0,9.45689365375726e-22,0
1,2,1336,0,0,2,0,1,2,3,1,0,0.24506276746224184,0,6.283185307179586,0.08325656894321957,27.053002672566052,-0.01,0.15,0.1,0.145,1,-0.7,0,0,0,0,0,0,0,0,0,0,0,0,-0.24491481172768026,-0.24491481172768026,-0.24491481172768026,-0.24491481172768026,0.00851439913603757,0.00851439913603757,0.00851439913603757,0.00851439913603757,0.999999999827466,0,9.12346775448776e-22,0
1,2,1337,0,0,2,0,1,2,3,1,0,0.24506276745950675,0,6.283185307179586,0.08325656894321946,27.07300267456605,-0.01,0.15,0.1,0.145,1,-0.7,0,0,0,0,0,0,0,0,0,0,0,0,-0.24491481172493237,-0.24491481172493237,-0.24491481172493237,-0.24491481172493237,0.008514399136357586,0.008514399136357586,0.008514399136357586,0.008514399136357586,1.0000000000244853,0,8.801797709931895e-22,0
1,2,1338,0,0,2,0,1,2,3,1,0,0.24506276746484654,0,6.283185307179586,0.0832565689432195,27.09300267656605,-0.01,0.15,0.1,0.145,1,-0.7,0,0,0,0,0,0,0,0,0,0,0,0,-0.2449148117302971,-0.2449148117302971,-0.2449148117302971,-0.2449148117302971,0.008514399135732873,0.008514399135732873,0.008514399135732873,0.008514399135732873,1.0000000000261906,0,8.491468878784088e-22,0
1,2,1339,0,0,2,0,1,2,3,1,0,0.24506276744472877,0,6.283185307179586,0.08325656894321949,27.11300267856605,-0.01,0.15,0.1,0.145,1,-0.7,0,0,0,0,0,0,0,0,0,0,0,0,-0.24491481171008536,-0.24491481171008536,-0.24491481171008536,-0.24491481171008536,0.008514399138086336,0.008514399138086336,0.008514399138086336,0.008514399138086336,0.99999999996772,0,8.192081431519658e-22,0
1,2,1340,0,0,2,0,1,2,3,1,0,0.2450627674793156,0,6.283185307179586,0.08325656894321941,27.13300268056605,-0.01,0.15,0.1,0.145,1,-0.7,0,0,0,0,0,0,0,0,0,0,0,0,-0.24491481174483376,-0.24491481174483376,-0.24491481174483376,-0.24491481174483376,0.00851439913404027,0.00851439913404027,0.00851439913404027,0.00851439913404027,1.0000000002006075,0,7.903249684894409e-22,0
1,2,1341,0,0,2,0,1,2,3,1,0,0.24506276752084494,0,6.283185307179586,0.08325656894321953,27.15300268256605,-0.01,0.15,0.1,0.145,1,-0.7,0,0,0,0,0,0,0,0,0,0,0,0,-0.24491481178655708,-0.24491481178655708,-0.24491481178655708,-0.24491481178655708,0.008514399129181971,0.008514399129181971,0.008514399129181971,0.008514399129181971,0.9999999997338733,0,7.624601257854769e-22,0
1,2,1342,0,0,2,0,1,2,3,1,0,0.24506276747451755,0,6.283185307179586,0.08325656894321935,27.17300268456605,-0.01,0.15,0.1,0.145,1,-0.7,0,0,0,0,0,0,0,0,0,0,0,0,-0.2449148117400133,-0.2449148117400133,-0.2449148117400133,-0.2449148117400133,0.00851439913460155,0.00851439913460155,0.00851439913460155,0.00851439913460155,0.9999999994729762,0,7.355777306192457e-22,0
1,2,1343,0,0,2,0,1,2,3,1,0,0.24506276747813746,0,6.283185307179586,0.08325656894321959,27.19300268656605,-0.01,0.15,0.1,0.145,1,-0.7,0,0,0,0,0,0,0,0,0,0,0,0,-0.2449148117436501,-0.2449148117436501,-0.2449148117436501,-0.2449148117436501,0.008514399134178086,0.008514399134178086,0.008514399134178086,0.008514399134178086,1.000000000180144,0,7.096431583921459e-22,0
1,2,1344,0,0,2,0,1,2,3,1,0,0.2450627674369067,0,6.283185307179586,0.08325656894321948,27.21300268856605,-0.01,0.15,0.1,0.145,1,-0.7,0,0,0,0,0,0,0,0,0,0,0,0,-0.24491481170222676,-0.24491481170222676,-0.24491481170222676,-0.24491481170222676,0.008514399139001429,0.008514399139001429,0.008514399139001429,0.008514399139001429,0.9999999999061444,0,6.84622953996693e-22,0
1,2,1345,0,0,2,0,1,2,3,1,0,0.24506276744829508,0,6.283185307179586,0.08325656894321946,27.23300269056605,-0.01,0.15,0.1,0.145,1,-0.7,0,0,0,0,0,0,0,0,0,0,0,0,-0.24491481171366836,-0.24491481171366836,-0.24491481171366836,-0.24491481171366836,0.00851439913766914,0.00851439913766914,0.00851439913766914,0.00851439913766914,1.0000000003519176,0,6.604849111853611e-22,0
1,2,1346,0,0,2,0,1,2,3,1,0,0.2450627674623746,0,6.283185307179586,0.08325656894321956,27.25300269256605,-0.01,0.15,0.1,0.145,1,-0.7,0,0,0,0,0,0,0,0,0,0,0,0,-0.24491481172781362,-0.24491481172781362,-0.24491481172781362,-0.24491481172781362,0.008514399136022078,0.008514399136022078,0.008514399136022078,0.008514399136022078,1.0000000000136353,0,6.371979000173113e-22,0
1,2,1347,0,0,2,0,1,2,3,1,0,0.24506276742621935,0,6.283185307179586,0.08325656894321946,27.27300269456605,-0.01,0.15,0.1,0.145,1,-0.7,0,0,0,0,0,0,0,0,0,0,0,0,-0.2449148116914895,-0.2449148116914895,-0.2449148116914895,-0.2449148116914895,0.008514399140251623,0.008514399140251623,0.008514399140251623,0.008514399140251623,0.9999999999104361,0,6.147319335219263e-22,0
1,2,1348,0,0,2,0,1,2,3,1,0,0.24506276744743946,0,6.283185307179586,0.08325656894321944,27.29300269656605,-0.01,0.15,0.1,0.145,1,-0.7,0,0,0,0,0,0,0,0,0,0,0,0,-0.24491481171280874,-0.24491481171280874,-0.24491481171280874,-0.24491481171280874,0.008514399137769267,0.008514399137769267,0.008514399137769267,0.008514399137769267,1.0000000003838707,0,5.930580681960672e-22,0
1,2,1349,0,0,2,0,1,2,3,1,0,0.24506276742856523,0,6.283185307179586,0.08325656894321952,27.31300269856605,-0.01,0.15,0.1,0.145,1,-0.7,0,0,0,0,0,0,0,0,0,0,0,0,-0.24491481169384632,-0.24491481169384632,-0.24491481169384632,-0.24491481169384632,0.008514399139977244,0.008514399139977244,0.008514399139977244,0.008514399139977244,0.9999999999666258,0,5.72148354133956e-22,0
1,2,1350,0,0,2,0,1,2,3,1,0,0.24506276741414143,0,6.283185307179586,0.08325656894321946,27.33300270056605,-0.01,0.15,0.1,0.145,1,-0.7,0,0,0,0,0,0,0,0,0,0,0,0,-0.24491481167935517,-0.24491481167935517,-0.24491481167935517,-0.24491481167935517,0.00851439914166458,0.00851439914166458,0.00851439914166458,0.00851439914166458,1.00000000027768,0,5.519758740355788e-22,0
1,2,1351,0,0,2,0,1,2,3,1,0,0.24506276749119707,0,6.283185307179586,0.08325656894321948,27.353002702566048,-0.01,0.15,0.1,0.145,1,-0.7,0,0,0,0,0,0,0,0,0,0,0,0,-0.2449148117567707,-0.2449148117567707,-0.2449148117567707,-0.2449148117567707,0.008514399132650325,0.008514399132650325,0.008514399132650325,0.008514399132650325,1.0000000003252651,0,5.325146200091613e-22,0
1,2,1352,0,0,2,0,1,2,3,1,0,0.24506276738197422,0,6.283185307179586,0.08325656894321962,27.373002704566048,-0.01,0.15,0.1,0.145,1,-0.7,0,0,0,0,0,0,0,0,0,0,0,0,-0.24491481164703768,-0.24491481164703768,-0.24491481164703768,-0.24491481164703768,0.008514399145427643,0.008514399145427643,0.008514399145427643,0.008514399145427643,0.9999999994605133,0,5.137395067831385e-22,0
1,2,1353,0,0,2,0,1,2,3,1,0,0.2450627674526929,0,6.283185307179586,0.08325656894321941,27.393002706566048,-0.01,0.15,0.1,0.145,1,-0.7,0,0,0,0,0,0,0,0,0,0,0,0,-0.2449148117180867,-0.2449148117180867,-0.2449148117180867,-0.2449148117180867,0.008514399137154682,0.008514399137154682,0.008514399137154682,0.008514399137154682,1.0000000009991865,0,4.956263892678274e-22,0
1,2,1354,0,0,2,0,1,2,3,1,0,0.2450627674429838,0,6.283185307179586,0.08325656894321959,27.413002708566047,-0.01,0.15,0.1,0.145,1,-0.7,0,0,0,0,0,0,0,0,0,0,0,0,-0.24491481170833226,-0.24491481170833226,-0.24491481170833226,-0.24491481170833226,0.008514399138290506,0.008514399138290506,0.008514399138290506,0.008514399138290506,0.9999999996711537,0,4.781518557598261e-22,0
1,2,1355,0,0,2,0,1,2,3,1,0,0.245062767488892,0,6.283185307179586,0.0832565689432194,27.433002710566047,-0.01,0.15,0.1,0.145,1,-0.7,0,0,0,0,0,0,0,0,0,0,0,0,-0.2449148117544549,-0.2449148117544549,-0.2449148117544549,-0.2449148117544549,0.008514399132919978,0.008514399132919978,0.008514399132919978,0.008514399132919978,1.0000000001395293,0,4.612934526251322e-22,0
1,2,1356,0,0,2,0,1,2,3,1,0,0.24506276749895803,0,6.283185307179586,0.08325656894321955,27.453002712566047,-0.01,0.15,0.1,0.145,1,-0.7,0,0,0,0,0,0,0,0,0,0,0,0,-0.24491481176456795,-0.24491481176456795,-0.24491481176456795,-0.24491481176456795,0.00851439913174238,0.00851439913174238,0.00851439913174238,0.00851439913174238,0.9999999996206981,0,4.450294211457727e-22,0
1,2,1357,0,0,2,0,1,2,3,1,0,0.2450627674222998,0,6.283185307179586,0.0832565689432194,27.473002714566046,-0.01,0.15,0.1,0.145,1,-0.7,0,0,0,0,0,0,0,0,0,0,0,0,-0.24491481168755164,-0.24491481168755164,-0.24491481168755164,-0.24491481168755164,0.00851439914071019,0.00851439914071019,0.00851439914071019,0.00851439914071019,0.9999999997643059,0,4.293388258011207e-22,0
1,2,1358,0,0,2,0,1,2,3,1,0,0.24506276741705957,0,6.283185307179586,0.08325656894321964,27.493002716566046,-0.01,0.15,0.1,0.145,1,-0.7,0,0,0,0,0,0,0,0,0,0,0,0,-0.24491481168228693,-0.24491481168228693,-0.24491481168228693,-0.24491481168228693,0.00851439914132318,0.00851439914132318,0.00851439914132318,0.00851439914132318,1.0000000006030803,0,4.1420144877257152e-22,0
1,2,1359,0,0,2,0,1,2,3,1,0,0.24506276744533076,0,6.283185307179586,0.08325656894321938,27.513002718566046,-0.01,0.15,0.1,0.145,1,-0.7,0,0,0,0,0,0,0,0,0,0,0,0,-0.24491481171069018,-0.24491481171069018,-0.24491481171069018,-0.24491481171069018,0.008514399138015948,0.008514399138015948,0.008514399138015948,0.008514399138015948,1.0000000002650395,0,3.9959776336347884e-22,0
1,2,1360,0,0,2,0,1,2,3,1,0,0.2450627673841657,0,6.283185307179586,0.0832565689432196,27.533002720566046,-0.01,0.15,0.1,0.145,1,-0.7,0,0,0,0,0,0,0,0,0,0,0,0,-0.2449148116492394,-0.2449148116492394,-0.2449148116492394,-0.2449148116492394,0.008514399145171249,0.008514399145171249,0.008514399145171249,0.008514399145171249,0.9999999999465672,0,3.8550896684223975e-22,0
1,2,1361,0,0,2,0,1,2,3,1,0,0.24506276751195147,0,6.283185307179586,0.08325656894321937,27.553002722566045,-0.01,0.15,0.1,0.145,1,-0.7,0,0,0,0,0,0,0,0,0,0,0,0,-0.24491481177762206,-0.24491481177762206,-0.24491481177762206,-0.24491481177762206,0.008514399130222382,0.008514399130222382,0.008514399130222382,0.008514399130222382,1.0000000007213572,0,3.71916916663405e-22,0
1,2,1362,0,0,2,0,1,2,3,1,0,0.24506276747443184,0,6.283185307179586,0.0832565689432195,27.573002724566045,-0.01,0.15,0.1,0.145,1,-0.7,0,0,0,0,0,0,0,0,0,0,0,0,-0.24491481173992719,-0.24491481173992719,-0.24491481173992719,-0.24491481173992719,0.008514399134611541,0.008514399134611541,0.008514399134611541,0.008514399134611541,0.9999999990866755,0,3.5880406291630607e-22,0
1,2,1363,0,0,2,0,1,2,3,1,0,0.2450627673887223,0,6.283185307179586,0.0832565689432195,27.593002726566045,-0.01,0.15,0.1,0.145,1,-0.7,0,0,0,0,0,0,0,0,0,0,0,0,-0.2449148116538173,-0.2449148116538173,-0.2449148116538173,-0.2449148116538173,0.00851439914463821,0.00851439914463821,0.00851439914463821,0.00851439914463821,1.000000000135131,0,3.4615356126733925e-22,0
1,2,1364,0,0,2,0,1,2,3,1,0,0.24506276743783878,0,6.283185307179586,0.08325656894321946,27.613002728566045,-0.01,0.15,0.1,0.145,1,-0.7,0,0,0,0,0,0,0,0,0,0,0,0,-0.2449148117031632,-0.2449148117031632,-0.2449148117031632,-0.2449148117031632,0.00851439913889236,0.00851439913889236,0.00851439913889236,0.00851439913889236,1.000000000827086,0,3.339490802198461e-22,0
1,2,1365,0,0,2,0,1,2,3,1,0,0.24506276738855118,0,6.283185307179586,0.08325656894321956,27.633002730566044,-0.01,0.15,0.1,0.145,1,-0.7,0,0,0,0,0,0,0,0,0,0,0,0,-0.24491481165364537,-0.24491481165364537,-0.24491481165364537,-0.24491481165364537,0.008514399144658201,0.008514399144658201,0.008514399144658201,0.008514399144658201,0.9999999998797833,0,3.2217488290257746e-22,0
1,2,1366,0,0,2,0,1,2,3,1,0,0.24506276748004654,0,6.283185307179586,0.08325656894321935,27.653002732566044,-0.01,0.15,0.1,0.145,1,-0.7,0,0,0,0,0,0,0,0,0,0,0,0,-0.24491481174556812,-0.24491481174556812,-0.24491481174556812,-0.24491481174556812,0.00851439913395472,0.00851439913395472,0.00851439913395472,0.00851439913395472,1.0000000006465513,0,3.1081582878913074e-22,0
1,2,1367,0,0,2,0,1,2,3,1,0,0.24506276745553776,0,6.283185307179586,0.08325656894321949,27.673002734566044,-0.01,0.15,0.1,0.145,1,-0.7,0,0,0,0,0,0,0,0,0,0,0,0,-0.24491481172094484,-0.24491481172094484,-0.24491481172094484,-0.24491481172094484,0.008514399136821874,0.008514399136821874,0.008514399136821874,0.008514399136821874,0.999999999449166,0,2.998572491191844e-22,0
1,2,1368,0,0,2,0,1,2,3,1,0,0.2450627674471593,0,6.283185307179586,0.08325656894321955,27.693002736566044,-0.01,0.15,0.1,0.145,1,-0.7,0,0,0,0,0,0,0,0,0,0,0,0,-0.24491481171252724,-0.24491481171252724,-0.24491481171252724,-0.24491481171252724,0.008514399137801998,0.008514399137801998,0.008514399137801998,0.008514399137801998,1.0000000001724274,0,2.8928505682477384e-22,0
1,2,1369,0,0,2,0,1,2,3,1,0,0.24506276739597435,0,6.283185307179586,0.08325656894321945,27.713002738566043,-0.01,0.15,0.1,0.145,1,-0.7,0,0,0,0,0,0,0,0,0,0,0,0,-0.24491481166110324,-0.24491481166110324,-0.24491481166110324,-0.24491481166110324,0.008514399143789826,0.008514399143789826,0.008514399143789826,0.008514399143789826,1.0000000001300933,0,2.790856067582743e-22,0
1,2,1370,0,0,2,0,1,2,3,1,0,0.24506276745389302,0,6.283185307179586,0.08325656894321942,27.733002740566043,-0.01,0.15,0.1,0.145,1,-0.7,0,0,0,0,0,0,0,0,0,0,0,0,-0.24491481171929244,-0.24491481171929244,-0.24491481171929244,-0.24491481171929244,0.00851439913701427,0.00851439913701427,0.00851439913701427,0.00851439913701427,1.0000000006100649,0,2.692457671341953e-22,0
1,2,1371,0,0,2,0,1,2,3,1,0,0.2450627674203313,0,6.283185307179586,0.08325656894321959,27.753002742566043,-0.01,0.15,0.1,0.145,1,-0.7,0,0,0,0,0,0,0,0,0,0,0,0,-0.24491481168557394,-0.24491481168557394,-0.24491481168557394,-0.24491481168557394,0.008514399140940453,0.008514399140940453,0.008514399140940453,0.008514399140940453,0.9999999997420517,0,2.597528450845911e-22,0
1,2,1372,0,0,2,0,1,2,3,1,0,0.24506276740645933,0,6.283185307179586,0.08325656894321949,27.773002744566043,-0.01,0.15,0.1,0.145,1,-0.7,0,0,0,0,0,0,0,0,0,0,0,0,-0.24491481167163717,-0.24491481167163717,-0.24491481167163717,-0.24491481167163717,0.008514399142563236,0.008514399142563236,0.008514399142563236,0.008514399142563236,1.0000000003999077,0,2.5059462997110946e-22,0
1,2,1373,0,0,2,0,1,2,3,1,0,0.24506276744520675,0,6.283185307179586,0.08325656894321931,27.793002746566042,-0.01,0.15,0.1,0.145,1,-0.7,0,0,0,0,0,0,0,0,0,0,0,0,-0.2449148117105656,-0.2449148117105656,-0.2449148117105656,-0.2449148117105656,0.008514399138030433,0.008514399138030433,0.008514399138030433,0.008514399138030433,1.0000000003710383,0,2.4175930530789046e-22,0
1,2,1374,0,0,2,0,1,2,3,1,0,0.24506276743972966,0,6.283185307179586,0.08325656894321966,27.813002748566042,-0.01,0.15,0.1,0.145,1,-0.7,0,0,0,0,0,0,0,0,0,0,0,0,-0.2449148117050629,-0.2449148117050629,-0.2449148117050629,-0.2449148117050629,0.008514399138671169,0.008514399138671169,0.008514399138671169,0.008514399138671169,0.9999999998981366,0,2.3323548865676065e-22,0
1,2,1375,0,0,2,0,1,2,3,1,0,0.24506276747910188,0,6.283185307179586,0.08325656894321945,27.833002750566042,-0.01,0.15,0.1,0.145,1,-0.7,0,0,0,0,0,0,0,0,0,0,0,0,-0.24491481174461904,-0.24491481174461904,-0.24491481174461904,-0.24491481174461904,0.008514399134065249,0.008514399134065249,0.008514399134065249,0.008514399134065249,1.0000000001532143,0,2.2501220465568195e-22,0
1,2,1376,0,0,2,0,1,2,3,1,0,0.24506276742699193,0,6.283185307179586,0.08325656894321955,27.85300275256604,-0.01,0.15,0.1,0.145,1,-0.7,0,0,0,0,0,0,0,0,0,0,0,0,-0.2449148116922657,-0.2449148116922657,-0.2449148116922657,-0.2449148116922657,0.008514399140161284,0.008514399140161284,0.008514399140161284,0.008514399140161284,0.9999999997124931,0,2.170788482929029e-22,0
1,2,1377,0,0,2,0,1,2,3,1,0,0.2450627674098111,0,6.283185307179586,0.08325656894321955,27.87300275456604,-0.01,0.15,0.1,0.145,1,-0.7,0,0,0,0,0,0,0,0,0,0,0,0,-0.2449148116750046,-0.2449148116750046,-0.2449148116750046,-0.2449148116750046,0.008514399142171147,0.008514399142171147,0.008514399142171147,0.008514399142171147,1.0000000004611778,0,2.094252087792077e-22,0
1,2,1378,0,0,2,0,1,2,3,1,0,0.24506276747843952,0,6.283185307179586,0.08325656894321945,27.89300275656604,-0.01,0.15,0.1,0.145,1,-0.7,0,0,0,0,0,0,0,0,0,0,0,0,-0.2449148117439536,-0.2449148117439536,-0.2449148117439536,-0.2449148117439536,0.00851439913414275,0.00851439913414275,0.00851439913414275,0.00851439913414275,1.0000000003654108,0,2.0204141208942596e-22,0
1,2,1379,0,0,2,0,1,2,3,1,0,0.24506276745354347,0,6.283185307179586,0.08325656894321955,27.91300275856604,-0.01,0.15,0.1,0.145,1,-0.7,0,0,0,0,0,0,0,0,0,0,0,0,-0.24491481171894122,-0.24491481171894122,-0.24491481171894122,-0.24491481171894122,0.00851439913705516,0.00851439913705516,0.00851439913705516,0.00851439913705516,0.9999999995686579,0,1.9491794527562338e-22,0
1,2,1380,0,0,2,0,1,2,3,1,0,0.2450627674441504,0,6.283185307179586,0.08325656894321938,27.93300276056604,-0.01,0.15,0.1,0.145,1,-0.7,0,0,0,0,0,0,0,0,0,0,0,0,-0.2449148117095043,-0.2449148117095043,-0.2449148117095043,-0.2449148117095043,0.008514399138153992,0.008514399138153992,0.008514399138153992,0.008514399138153992,1.000000000170175,0,1.8804564128366332e-22,0
1,2,1381,0,0,2,0,1,2,3,1,0,0.24506276739195115,0,6.283185307179586,0.08325656894321956,27.95300276256604,-0.01,0.15,0.1,0.145,1,-0.7,0,0,0,0,0,0,0,0,0,0,0,0,-0.24491481165706122,-0.24491481165706122,-0.24491481165706122,-0.24491481165706122,0.008514399144260476,0.008514399144260476,0.008514399144260476,0.008514399144260476,1.0000000001398348,0,1.8141563370857748e-22,0
1,2,1382,0,0,2,0,1,2,3,1,0,0.2450627674650082,0,6.283185307179586,0.0832565689432194,27.97300276456604,-0.01,0.15,0.1,0.145,1,-0.7,0,0,0,0,0,0,0,0,0,0,0,0,-0.24491481173045954,-0.24491481173045954,-0.24491481173045954,-0.24491481173045954,0.008514399135713968,0.008514399135713968,0.008514399135713968,0.008514399135713968,1.000000000633733,0,1.7501938579978987e-22,0
1,2,1383,0,0,2,0,1,2,3,1,0,0.2450627674531646,0,6.283185307179586,0.0832565689432195,27.99300276656604,-0.01,0.15,0.1,0.145,1,-0.7,0,0,0,0,0,0,0,0,0,0,0,0,-0.2449148117185606,-0.2449148117185606,-0.2449148117185606,-0.2449148117185606,0.008514399137099464,0.008514399137099464,0.008514399137099464,0.008514399137099464,0.9999999996201936,0,1.6884864588045906e-22,0
1,2,1384,0,0,2,0,1,2,3,1,0,0.2450627674861703,0,6.283185307179586,0.08325656894321937,28.01300276856604,-0.01,0.15,0.1,0.145,1,-0.7,0,0,0,0,0,0,0,0,0,0,0,0,-0.24491481175172047,-0.24491481175172047,-0.24491481175172047,-0.24491481175172047,0.008514399133238358,0.008514399133238358,0.008514399133238358,0.008514399133238358,1.0000000001099991,0,1.6289547763465628e-22,0
1,2,1385,0,0,2,0,1,2,3,1,0,0.24506276743812236,0,6.283185307179586,0.08325656894321956,28.03300277056604,-0.01,0.15,0.1,0.145,1,-0.7,0,0,0,0,0,0,0,0,0,0,0,0,-0.2449148117034481,-0.2449148117034481,-0.2449148117034481,-0.2449148117034481,0.008514399138859213,0.008514399138859213,0.008514399138859213,0.008514399138859213,0.999999999713765,0,1.5715219874863524e-22,0
1,2,1386,0,0,2,0,1,2,3,1,0,0.24506276744206743,0,6.283185307179586,0.08325656894321949,28.05300277256604,-0.01,0.15,0.1,0.145,1,-0.7,0,0,0,0,0,0,0,0,0,0,0,0,-0.24491481170741158,-0.24491481170741158,-0.24491481170741158,-0.24491481170741158,0.008514399138397695,0.008514399138397695,0.008514399138397695,0.008514399138397695,1.0000000003758558,0,1.5161141781509413e-22,0
1,2,1387,0,0,2,0,1,2,3,1,0,0.2450627674678117,0,6.283185307179586,0.08325656894321957,28.07300277456604,-0.01,0.15,0.1,0.145,1,-0.7,0,0,0,0,0,0,0,0,0,0,0,0,-0.24491481173327612,-0.24491481173327612,-0.24491481173327612,-0.24491481173327612,0.008514399135386009,0.008514399135386009,0.008514399135386009,0.008514399135386009,1.000000000084981,0,1.4626598655395648e-22,0
1,2,1388,0,0,2,0,1,2,3,1,0,0.24506276746038505,0,6.283185307179586,0.08325656894321942,28.09300277656604,-0.01,0.15,0.1,0.145,1,-0.7,0,0,0,0,0,0,0,0,0,0,0,0,-0.24491481172581478,-0.24491481172581478,-0.24491481172581478,-0.24491481172581478,0.008514399136254805,0.008514399136254805,0.008514399136254805,0.008514399136254805,0.9999999998410232,0,1.4110902171873852e-22,0
1,2,1389,0,0,2,0,1,2,3,1,0,0.24506276745564953,0,6.283185307179586,0.0832565689432195,28.113002778566038,-0.01,0.15,0.1,0.145,1,-0.7,0,0,0,0,0,0,0,0,0,0,0,0,-0.24491481172105714,-0.24491481172105714,-0.24491481172105714,-0.24491481172105714,0.008514399136808775,0.008514399136808775,0.008514399136808775,0.008514399136808775,1.0000000000454747,0,1.3613388004034647e-22,0
1,2,1390,0,0,2,0,1,2,3,1,0,0.2450627675020594,0,6.283185307179586,0.08325656894321946,28.133002780566038,-0.01,0.15,0.1,0.145,1,-0.7,0,0,0,0,0,0,0,0,0,0,0,0,-0.2449148117676838,-0.2449148117676838,-0.2449148117676838,-0.2449148117676838,0.008514399131379604,0.008514399131379604,0.008514399131379604,0.008514399131379604,1.000000000065647,0,1.3133414833467611e-22,0
1,2,1391,0,0,2,0,1,2,3,1,0,0.2450627675087822,0,6.283185307179586,0.08325656894321956,28.153002782566038,-0.01,0.15,0.1,0.145,1,-0.7,0,0,0,0,0,0,0,0,0,0,0,0,-0.244914811774438,-0.244914811774438,-0.244914811774438,-0.244914811774438,0.008514399130593117,0.008514399130593117,0.008514399130593117,0.008514399130593117,0.9999999995550226,0,1.2670364101288154e-22,0
1,2,1392,0,0,2,0,1,2,3,1,0,0.2450627674287818,0,6.283185307179586,0.08325656894321952,28.173002784566037,-0.01,0.15,0.1,0.145,1,-0.7,0,0,0,0,0,0,0,0,0,0,0,0,-0.2449148116940639,-0.2449148116940639,-0.2449148116940639,-0.2449148116940639,0.008514399139951896,0.008514399139951896,0.008514399139951896,0.008514399139951896,0.9999999997324025,0,1.2223639592080192e-22,0
1,2,1393,0,0,2,0,1,2,3,1,0,0.2450627674097175,0,6.283185307179586,0.08325656894321941,28.193002786566037,-0.01,0.15,0.1,0.145,1,-0.7,0,0,0,0,0,0,0,0,0,0,0,0,-0.24491481167491055,-0.24491481167491055,-0.24491481167491055,-0.24491481167491055,0.008514399142182076,0.008514399142182076,0.008514399142182076,0.008514399142182076,1.0000000006097878,0,1.179266567455925e-22,0
1,2,1394,0,0,2,0,1,2,3,1,0,0.24506276744264505,0,6.283185307179586,0.08325656894321944,28.213002788566037,-0.01,0.15,0.1,0.145,1,-0.7,0,0,0,0,0,0,0,0,0,0,0,0,-0.24491481170799193,-0.24491481170799193,-0.24491481170799193,-0.24491481170799193,0.008514399138330108,0.008514399138330108,0.008514399138330108,0.008514399138330108,1.000000000368189,0,1.1376886433558108e-22,0
1,2,1395,0,0,2,0,1,2,3,1,0,0.24506276745074218,0,6.283185307179586,0.08325656894321953,28.233002790566037,-0.01,0.15,0.1,0.145,1,-0.7,0,0,0,0,0,0,0,0,0,0,0,0,-0.24491481171612686,-0.24491481171612686,-0.24491481171612686,-0.24491481171612686,0.008514399137382866,0.008514399137382866,0.008514399137382866,0.008514399137382866,0.9999999999397673,0,1.0975766435730416e-22,0
1,2,1396,0,0,2,0,1,2,3,1,0,0.24506276746153038,0,6.283185307179586,0.08325656894321935,28.253002792566036,-0.01,0.15,0.1,0.145,1,-0.7,0,0,0,0,0,0,0,0,0,0,0,0,-0.24491481172696544,-0.24491481172696544,-0.24491481172696544,-0.24491481172696544,0.008514399136120832,0.008514399136120832,0.008514399136120832,0.008514399136120832,1.0000000000290115,0,1.0588789064553195e-22,0
1,2,1397,0,0,2,0,1,2,3,1,0,0.2450627674214569,0,6.283185307179586,0.08325656894321964,28.273002794566036,-0.01,0.15,0.1,0.145,1,-0.7,0,0,0,0,0,0,0,0,0,0,0,0,-0.24491481168670481,-0.24491481168670481,-0.24491481168670481,-0.24491481168670481,0.008514399140808792,0.008514399140808792,0.008514399140808792,0.008514399140808792,0.999999999948983,0,1.0215455477340134e-22,0
1,2,1398,0,0,2,0,1,2,3,1,0,0.24506276743813263,0,6.283185307179586,0.08325656894321942,28.293002796566036,-0.01,0.15,0.1,0.145,1,-0.7,0,0,0,0,0,0,0,0,0,0,0,0,-0.2449148117034584,-0.2449148117034584,-0.2449148117034584,-0.2449148117034584,0.008514399138857993,0.008514399138857993,0.008514399138857993,0.008514399138857993,1.0000000004275478,0,9.855284828658392e-23,0
1,2,1399,0,0,2,0,1,2,3,1,0,0.24506276746288325,0,6.283185307179586,0.08325656894321945,28.313002798566036,-0.01,0.15,0.1,0.145,1,-0.7,0,0,0,0,0,0,0,0,0,0,0,0,-0.24491481172832466,-0.24491481172832466,-0.24491481172832466,-0.24491481172832466,0.008514399135962577,0.008514399135962577,0.008514399135962577,0.008514399135962577,1.0000000000491482,0,9.507812638273975e-23,0
1,2,1400,0,0,2,0,1,2,3,1,0,0.2450627674490795,0,6.283185307179586,0.08325656894321946,28.333002800566035,-0.01,0.15,0.1,0.145,1,-0.7,0,0,0,0,0,0,0,0,0,0,0,0,-0.24491481171445645,-0.24491481171445645,-0.24491481171445645,-0.24491481171445645,0.008514399137577363,0.008514399137577363,0.008514399137577363,0.008514399137577363,0.9999999998669651,0,9.172591485475688e-23,0
1,2,1401,0,0,2,0,1,2,3,1,0,0.24506276743167094,0,6.283185307179586,0.08325656894321944,28.353002802566035,-0.01,0.15,0.1,0.145,1,-0.7,0,0,0,0,0,0,0,0,0,0,0,0,-0.24491481169696655,-0.24491481169696655,-0.24491481169696655,-0.24491481169696655,0.00851439913961393,0.00851439913961393,0.00851439913961393,0.00851439913961393,1.0000000001446665,0,8.849189484556557e-23,0
1,2,1402,0,0,2,0,1,2,3,1,0,0.24506276747793426,0,6.283185307179586,0.0832565689432195,28.373002804566035,-0.01,0.15,0.1,0.145,1,-0.7,0,0,0,0,0,0,0,0,0,0,0,0,-0.24491481174344598,-0.24491481174344598,-0.24491481174344598,-0.24491481174344598,0.008514399134201827,0.008514399134201827,0.008514399134201827,0.008514399134201827,1.00000000025355,0,8.537189767465261e-23,0
1,2,1403,0,0,2,0,1,2,3,1,0,0.24506276752666836,0,6.283185307179586,0.08325656894321942,28.393002806566034,-0.01,0.15,0.1,0.145,1,-0.7,0,0,0,0,0,0,0,0,0,0,0,0,-0.2449148117924077,-0.2449148117924077,-0.2449148117924077,-0.2449148117924077,0.008514399128500723,0.008514399128500723,0.008514399128500723,0.008514399128500723,0.9999999996881215,0,8.236190200046658e-23,0
1,2,1404,0,0,2,0,1,2,3,1,0,0.24506276749321645,0,6.283185307179586,0.08325656894321953,28.413002808566034,-0.01,0.15,0.1,0.145,1,-0.7,0,0,0,0,0,0,0,0,0,0,0,0,-0.24491481175879953,-0.24491481175879953,-0.24491481175879953,-0.24491481175879953,0.008514399132414053,0.008514399132414053,0.008514399132414053,0.008514399132414053,0.9999999994177173,0,7.945803179740147e-23,0
1,2,1405,0,0,2,0,1,2,3,1,0,0.2450627674770924,0,6.283185307179586,0.08325656894321952,28.433002810566034,-0.01,0.15,0.1,0.145,1,-0.7,0,0,0,0,0,0,0,0,0,0,0,0,-0.24491481174260019,-0.24491481174260019,-0.24491481174260019,-0.24491481174260019,0.008514399134300315,0.008514399134300315,0.008514399134300315,0.008514399134300315,1.0000000000132445,0,7.665654653596425e-23,0
1,2,1406,0,0,2,0,1,2,3,1,0,0.24506276743585306,0,6.283185307179586,0.08325656894321948,28.453002812566034,-0.01,0.15,0.1,0.145,1,-0.7,0,0,0,0,0,0,0,0,0,0,0,0,-0.24491481170116822,-0.24491481170116822,-0.24491481170116822,-0.24491481170116822,0.008514399139124655,0.008514399139124655,0.008514399139124655,0.008514399139124655,1.0000000000079368,0,7.395383313699371e-23,0
1,2,1407,0,0,2,0,1,2,3,1,0,0.24506276742658606,0,6.283185307179586,0.08325656894321946,28.473002814566033,-0.01,0.15,0.1,0.145,1,-0.7,0,0,0,0,0,0,0,0,0,0,0,0,-0.24491481169185791,-0.24491481169185791,-0.24491481169185791,-0.24491481169185791,0.008514399140208776,0.008514399140208776,0.008514399140208776,0.008514399140208776,1.0000000003512213,0,7.134641120313408e-23,0
1,2,1408,0,0,2,0,1,2,3,1,0,0.2450627674558721,0,6.283185307179586,0.08325656894321948,28.493002816566033,-0.01,0.15,0.1,0.145,1,-0.7,0,0,0,0,0,0,0,0,0,0,0,0,-0.24491481172128074,-0.24491481172128074,-0.24491481172128074,-0.24491481172128074,0.008514399136782728,0.008514399136782728,0.008514399136782728,0.008514399136782728,1.0000000002437162,0,6.883091935091321e-23,0
1,2,1409,0,0,2,0,1,2,3,1,0,0.2450627674513601,0,6.283185307179586,0.08325656894321945,28.513002818566033,-0.01,0.15,0.1,0.145,1,-0.7,0,0,0,0,0,0,0,0,0,0,0,0,-0.24491481171674767,-0.24491481171674767,-0.24491481171674767,-0.24491481171674767,0.008514399137310601,0.008514399137310601,0.008514399137310601,0.008514399137310601,0.9999999998876632,0,6.640411685500989e-23,0
1,2,1410,0,0,2,0,1,2,3,1,0,0.24506276740942531,0,6.283185307179586,0.08325656894321955,28.533002820566033,-0.01,0.15,0.1,0.145,1,-0.7,0,0,0,0,0,0,0,0,0,0,0,0,-0.244914811674617,-0.244914811674617,-0.244914811674617,-0.244914811674617,0.008514399142216281,0.008514399142216281,0.008514399142216281,0.008514399142216281,1.0000000000769447,0,6.406287823191155e-23,0
1,2,1411,0,0,2,0,1,2,3,1,0,0.2450627674125597,0,6.283185307179586,0.0832565689432194,28.553002822566032,-0.01,0.15,0.1,0.145,1,-0.7,0,0,0,0,0,0,0,0,0,0,0,0,-0.24491481167776602,-0.24491481167776602,-0.24491481167776602,-0.24491481167776602,0.00851439914184962,0.00851439914184962,0.00851439914184962,0.00851439914184962,1.0000000005061764,0,6.180418604815716e-23,0
1,2,1412,0,0,2,0,1,2,3,1,0,0.24506276742581373,0,6.283185307179586,0.08325656894321959,28.573002824566032,-0.01,0.15,0.1,0.145,1,-0.7,0,0,0,0,0,0,0,0,0,0,0,0,-0.24491481169108198,-0.24491481169108198,-0.24491481169108198,-0.24491481169108198,0.008514399140299103,0.008514399140299103,0.008514399140299103,0.008514399140299103,1.000000000262709,0,5.962512840332139e-23,0
1,2,1413,0,0,2,0,1,2,3,1,0,0.24506276745548317,0,6.283185307179586,0.08325656894321938,28.593002826566032,-0.01,0.15,0.1,0.145,1,-0.7,0,0,0,0,0,0,0,0,0,0,0,0,-0.24491481172089,-0.24491481172089,-0.24491481172089,-0.24491481172089,0.008514399136828239,0.008514399136828239,0.008514399136828239,0.008514399136828239,1.0000000001261284,0,5.752289897499779e-23,0
1,2,1414,0,0,2,0,1,2,3,1,0,0.2450627674352039,0,6.283185307179586,0.08325656894321937,28.61300282856603,-0.01,0.15,0.1,0.145,1,-0.7,0,0,0,0,0,0,0,0,0,0,0,0,-0.244914811700516,-0.244914811700516,-0.244914811700516,-0.244914811700516,0.008514399139200584,0.008514399139200584,0.008514399139200584,0.008514399139200584,0.9999999998858868,0,5.549478858743865e-23,0
1,2,1415,0,0,2,0,1,2,3,1,0,0.24506276745381947,0,6.283185307179586,0.08325656894321944,28.63300283056603,-0.01,0.15,0.1,0.145,1,-0.7,0,0,0,0,0,0,0,0,0,0,0,0,-0.24491481171921853,-0.24491481171921853,-0.24491481171921853,-0.24491481171921853,0.008514399137022906,0.008514399137022906,0.008514399137022906,0.008514399137022906,1.0000000002509495,0,5.353818511789912e-23,0
1,2,1416,0,0,2,0,1,2,3,1,0,0.2450627674222007,0,6.283185307179586,0.08325656894321964,28.65300283256603,-0.01,0.15,0.1,0.145,1,-0.7,0,0,0,0,0,0,0,0,0,0,0,0,-0.24491481168745208,-0.24491481168745208,-0.24491481168745208,-0.24491481168745208,0.00851439914072175,0.00851439914072175,0.00851439914072175,0.00851439914072175,0.9999999999570335,0,5.165056546720837e-23,0
1,2,1417,0,0,2,0,1,2,3,1,0,0.24506276744257402,0,6.283185307179586,0.08325656894321942,28.67300283456603,-0.01,0.15,0.1,0.145,1,-0.7,0,0,0,0,0,0,0,0,0,0,0,0,-0.24491481170792054,-0.24491481170792054,-0.24491481170792054,-0.24491481170792054,0.008514399138338413,0.008514399138338413,0.008514399138338413,0.008514399138338413,1.0000000003695177,0,4.98294995024667e-23,0
1,2,1418,0,0,2,0,1,2,3,1,0,0.2450627674770329,0,6.283185307179586,0.08325656894321945,28.69300283656603,-0.01,0.15,0.1,0.145,1,-0.7,0,0,0,0,0,0,0,0,0,0,0,0,-0.2449148117425404,-0.2449148117425404,-0.2449148117425404,-0.2449148117425404,0.008514399134307297,0.008514399134307297,0.008514399134307297,0.008514399134307297,1.0000000000041496,0,4.807263852703621e-23,0
1,2,1419,0,0,2,0,1,2,3,1,0,0.24506276748398984,0,6.283185307179586,0.08325656894321946,28.71300283856603,-0.01,0.15,0.1,0.145,1,-0.7,0,0,0,0,0,0,0,0,0,0,0,0,-0.2449148117495298,-0.2449148117495298,-0.2449148117495298,-0.2449148117495298,0.00851439913349342,0.00851439913349342,0.00851439913349342,0.00851439913349342,0.9999999997517719,0,4.6377720149175246e-23,0
1,2,1420,0,0,2,0,1,2,3,1,0,0.24506276745714842,0,6.283185307179586,0.08325656894321952,28.73300284056603,-0.01,0.15,0.1,0.145,1,-0.7,0,0,0,0,0,0,0,0,0,0,0,0,-0.24491481172256302,-0.24491481172256302,-0.24491481172256302,-0.24491481172256302,0.008514399136633457,0.008514399136633457,0.008514399136633457,0.008514399136633457,0.9999999998550564,0,4.474256072508423e-23,0
1,2,1421,0,0,2,0,1,2,3,1,0,0.2450627674748708,0,6.283185307179586,0.08325656894321944,28.75300284256603,-0.01,0.15,0.1,0.145,1,-0.7,0,0,0,0,0,0,0,0,0,0,0,0,-0.2449148117403682,-0.2449148117403682,-0.2449148117403682,-0.2449148117403682,0.008514399134560226,0.008514399134560226,0.008514399134560226,0.008514399134560226,1.0000000001769038,0,4.316505308675291e-23,0
1,2,1422,0,0,2,0,1,2,3,1,0,0.2450627673556156,0,6.283185307179586,0.08325656894321949,28.77300284456603,-0.01,0.15,0.1,0.145,1,-0.7,0,0,0,0,0,0,0,0,0,0,0,0,-0.24491481162055595,-0.24491481162055595,-0.24491481162055595,-0.24491481162055595,0.00851439914851115,0.00851439914851115,0.00851439914851115,0.00851439914851115,0.999999999852804,0,4.164316354314931e-23,0
1,2,1423,0,0,2,0,1,2,3,1,0,0.24506276743601052,0,6.283185307179586,0.08325656894321953,28.79300284656603,-0.01,0.15,0.1,0.145,1,-0.7,0,0,0,0,0,0,0,0,0,0,0,0,-0.2449148117013264,-0.2449148117013264,-0.2449148117013264,-0.2449148117013264,0.008514399139106245,0.008514399139106245,0.008514399139106245,0.008514399139106245,1.0000000011886812,0,4.0174933861156555e-23,0
1,2,1424,0,0,2,0,1,2,3,1,0,0.24506276747337905,0,6.283185307179586,0.08325656894321945,28.81300284856603,-0.01,0.15,0.1,0.145,1,-0.7,0,0,0,0,0,0,0,0,0,0,0,0,-0.24491481173886948,-0.24491481173886948,-0.24491481173886948,-0.24491481173886948,0.008514399134734708,0.008514399134734708,0.008514399134734708,0.008514399134734708,0.9999999997253965,0,3.875846701645158e-23,0
1,2,1425,0,0,2,0,1,2,3,1,0,0.2450627674677213,0,6.283185307179586,0.08325656894321948,28.83300285056603,-0.01,0.15,0.1,0.145,1,-0.7,0,0,0,0,0,0,0,0,0,0,0,0,-0.2449148117331853,-0.2449148117331853,-0.2449148117331853,-0.2449148117331853,0.00851439913539661,0.00851439913539661,0.00851439913539661,0.00851439913539661,0.9999999997616484,0,3.739194282602237e-23,0
1,2,1426,0,0,2,0,1,2,3,1,0,0.24506276742555314,0,6.283185307179586,0.08325656894321953,28.85300285256603,-0.01,0.15,0.1,0.145,1,-0.7,0,0,0,0,0,0,0,0,0,0,0,0,-0.24491481169082016,-0.24491481169082016,-0.24491481169082016,-0.24491481169082016,0.008514399140329582,0.008514399140329582,0.008514399140329582,0.008514399140329582,1.000000000007617,0,3.6073599009531147e-23,0
1,2,1427,0,0,2,0,1,2,3,1,0,0.24506276743537744,0,6.283185307179586,0.08325656894321945,28.873002854566028,-0.01,0.15,0.1,0.145,1,-0.7,0,0,0,0,0,0,0,0,0,0,0,0,-0.24491481170069038,-0.24491481170069038,-0.24491481170069038,-0.24491481170069038,0.0085143991391803,0.0085143991391803,0.0085143991391803,0.0085143991391803,1.000000000432152,0,3.480173676557596e-23,0
1,2,1428,0,0,2,0,1,2,3,1,0,0.24506276745236447,0,6.283185307179586,0.08325656894321942,28.893002856566028,-0.01,0.15,0.1,0.145,1,-0.7,0,0,0,0,0,0,0,0,0,0,0,0,-0.24491481171775673,-0.24491481171775673,-0.24491481171775673,-0.24491481171775673,0.00851439913719312,0.00851439913719312,0.00851439913719312,0.00851439913719312,1.000000000090644,0,3.3574716400753203e-23,0
1,2,1429,0,0,2,0,1,2,3,1,0,0.24506276741848987,0,6.283185307179586,0.08325656894321959,28.913002858566028,-0.01,0.15,0.1,0.145,1,-0.7,0,0,0,0,0,0,0,0,0,0,0,0,-0.24491481168372392,-0.24491481168372392,-0.24491481168372392,-0.24491481168372392,0.008514399141155897,0.008514399141155897,0.008514399141155897,0.008514399141155897,0.9999999999770282,0,3.239095782319577e-23,0
1,2,1430,0,0,2,0,1,2,3,1,0,0.2450627674090622,0,6.283185307179586,0.08325656894321944,28.933002860566027,-0.01,0.15,0.1,0.145,1,-0.7,0,0,0,0,0,0,0,0,0,0,0,0,-0.2449148116742522,-0.2449148116742522,-0.2449148116742522,-0.2449148116742522,0.008514399142258752,0.008514399142258752,0.008514399142258752,0.008514399142258752,1.0000000004211103,0,3.1248936057288313e-23,0
1,2,1431,0,0,2,0,1,2,3,1,0,0.24506276743727562,0,6.283185307179586,0.08325656894321953,28.953002862566027,-0.01,0.15,0.1,0.145,1,-0.7,0,0,0,0,0,0,0,0,0,0,0,0,-0.2449148117025974,-0.2449148117025974,-0.2449148117025974,-0.2449148117025974,0.008514399138958254,0.008514399138958254,0.008514399138958254,0.008514399138958254,1.000000000336911,0,3.0147178584627584e-23,0
1,2,1432,0,0,2,0,1,2,3,1,0,0.245062767375768,0,6.283185307179586,0.08325656894321953,28.973002864566027,-0.01,0.15,0.1,0.145,1,-0.7,0,0,0,0,0,0,0,0,0,0,0,0,-0.24491481164080248,-0.24491481164080248,-0.24491481164080248,-0.24491481164080248,0.008514399146153638,0.008514399146153638,0.008514399146153638,0.008514399146153638,1.0000000000013998,0,2.908426603513383e-23,0
1,2,1433,0,0,2,0,1,2,3,1,0,0.24506276747566333,0,6.283185307179586,0.08325656894321938,28.993002866566027,-0.01,0.15,0.1,0.145,1,-0.7,0,0,0,0,0,0,0,0,0,0,0,0,-0.24491481174116442,-0.24491481174116442,-0.24491481174116442,-0.24491481174116442,0.008514399134467505,0.008514399134467505,0.008514399134467505,0.008514399134467505,1.0000000007843184,0,2.8058829990188467e-23,0
1,2,1434,0,0,2,0,1,2,3,1,0,0.2450627674347767,0,6.283185307179586,0.0832565689432195,29.013002868566026,-0.01,0.15,0.1,0.145,1,-0.7,0,0,0,0,0,0,0,0,0,0,0,0,-0.2449148117000868,-0.2449148117000868,-0.2449148117000868,-0.2449148117000868,0.008514399139250579,0.008514399139250579,0.008514399139250579,0.008514399139250579,0.9999999994130633,0,2.706954647937829e-23,0
1,2,1435,0,0,2,0,1,2,3,1,0,0.2450627674372564,0,6.283185307179586,0.08325656894321945,29.033002870566026,-0.01,0.15,0.1,0.145,1,-0.7,0,0,0,0,0,0,0,0,0,0,0,0,-0.24491481170257812,-0.24491481170257812,-0.24491481170257812,-0.24491481170257812,0.00851439913896051,0.00851439913896051,0.00851439913896051,0.00851439913896051,1.0000000003643734,0,2.6115144359599466e-23,0
1,2,1436,0,0,2,0,1,2,3,1,0,0.24506276744689887,0,6.283185307179586,0.08325656894321955,29.053002872566026,-0.01,0.15,0.1,0.145,1,-0.7,0,0,0,0,0,0,0,0,0,0,0,0,-0.24491481171226562,-0.24491481171226562,-0.24491481171226562,-0.24491481171226562,0.008514399137832489,0.008514399137832489,0.008514399137832489,0.008514399137832489,1.0000000001329141,0,2.5194391118572472e-23,0
1,2,1437,0,0,2,0,1,2,3,1,0,0.2450627675130701,0,6.283185307179586,0.0832565689432194,29.073002874566026,-0.01,0.15,0.1,0.145,1,-0.7,0,0,0,0,0,0,0,0,0,0,0,0,-0.2449148117787459,-0.2449148117787459,-0.2449148117787459,-0.2449148117787459,0.008514399130091532,0.008514399130091532,0.008514399130091532,0.008514399130091532,1.0000000000488214,0,2.430610139073158e-23,0
1,2,1438,0,0,2,0,1,2,3,1,0,0.24506276749705388,0,6.283185307179586,0.08325656894321956,29.093002876566025,-0.01,0.15,0.1,0.145,1,-0.7,0,0,0,0,0,0,0,0,0,0,0,0,-0.2449148117626549,-0.2449148117626549,-0.2449148117626549,-0.2449148117626549,0.008514399131965132,0.008514399131965132,0.008514399131965132,0.008514399131965132,0.999999999404352,0,2.3449130107835712e-23,0
1,2,1439,0,0,2,0,1,2,3,1,0,0.24506276744219824,0,6.283185307179586,0.08325656894321942,29.113002878566025,-0.01,0.15,0.1,0.145,1,-0.7,0,0,0,0,0,0,0,0,0,0,0,0,-0.244914811707543,-0.244914811707543,-0.244914811707543,-0.244914811707543,0.008514399138382372,0.008514399138382372,0.008514399138382372,0.008514399138382372,0.9999999999146851,0,2.2622374209846344e-23,0
1,2,1440,0,0,2,0,1,2,3,1,0,0.24506276747315245,0,6.283185307179586,0.08325656894321949,29.133002880566025,-0.01,0.15,0.1,0.145,1,-0.7,0,0,0,0,0,0,0,0,0,0,0,0,-0.24491481173864182,-0.24491481173864182,-0.24491481173864182,-0.24491481173864182,0.008514399134761244,0.008514399134761244,0.008514399134761244,0.008514399134761244,1.0000000004045049,0,2.182476757984607e-23,0
1,2,1441,0,0,2,0,1,2,3,1,0,0.2450627674712206,0,6.283185307179586,0.08325656894321956,29.153002882566025,-0.01,0.15,0.1,0.145,1,-0.7,0,0,0,0,0,0,0,0,0,0,0,0,-0.24491481173670096,-0.24491481173670096,-0.24491481173670096,-0.24491481173670096,0.008514399134987246,0.008514399134987246,0.008514399134987246,0.008514399134987246,0.9999999997939355,0,2.1055281830569695e-23,0
1,2,1442,0,0,2,0,1,2,3,1,0,0.2450627674722652,0,6.283185307179586,0.08325656894321952,29.173002884566024,-0.01,0.15,0.1,0.145,1,-0.7,0,0,0,0,0,0,0,0,0,0,0,0,-0.24491481173775043,-0.24491481173775043,-0.24491481173775043,-0.24491481173775043,0.008514399134865042,0.008514399134865042,0.008514399134865042,0.008514399134865042,0.9999999999778382,0,2.031292665845217e-23,0
1,2,1443,0,0,2,0,1,2,3,1,0,0.24506276747691305,0,6.283185307179586,0.08325656894321941,29.193002886566024,-0.01,0.15,0.1,0.145,1,-0.7,0,0,0,0,0,0,0,0,0,0,0,0,-0.24491481174242,-0.24491481174242,-0.24491481174242,-0.24491481174242,0.008514399134321308,0.008514399134321308,0.008514399134321308,0.008514399134321308,0.9999999999483435,0,1.9596744907608697e-23,0
1,2,1444,0,0,2,0,1,2,3,1,0,0.2450627674427208,0,6.283185307179586,0.08325656894321946,29.213002888566024,-0.01,0.15,0.1,0.145,1,-0.7,0,0,0,0,0,0,0,0,0,0,0,0,-0.244914811708068,-0.244914811708068,-0.244914811708068,-0.244914811708068,0.008514399138321223,0.008514399138321223,0.008514399138321223,0.008514399138321223,0.9999999999048157,0,1.8905813878450533e-23,0
1,2,1445,0,0,2,0,1,2,3,1,0,0.24506276744141217,0,6.283185307179586,0.08325656894321944,29.233002890566024,-0.01,0.15,0.1,0.145,1,-0.7,0,0,0,0,0,0,0,0,0,0,0,0,-0.24491481170675328,-0.24491481170675328,-0.24491481170675328,-0.24491481170675328,0.008514399138474354,0.008514399138474354,0.008514399138474354,0.008514399138474354,1.000000000288935,0,1.823924353347868e-23,0
1,2,1446,0,0,2,0,1,2,3,1,0,0.24506276744188243,0,6.283185307179586,0.08325656894321962,29.253002892566023,-0.01,0.15,0.1,0.145,1,-0.7,0,0,0,0,0,0,0,0,0,0,0,0,-0.24491481170722576,-0.24491481170722576,-0.24491481170722576,-0.24491481170722576,0.008514399138419344,0.008514399138419344,0.008514399138419344,0.008514399138419344,1.000000000133845,0,1.7596174462863618e-23,0
1,2,1447,0,0,2,0,1,2,3,1,0,0.24506276749859665,0,6.283185307179586,0.08325656894321956,29.273002894566023,-0.01,0.15,0.1,0.145,1,-0.7,0,0,0,0,0,0,0,0,0,0,0,0,-0.24491481176420488,-0.24491481176420488,-0.24491481176420488,-0.24491481176420488,0.008514399131784688,0.008514399131784688,0.008514399131784688,0.008514399131784688,1.0000000001221139,0,1.6975778438642238e-23,0
1,2,1448,0,0,2,0,1,2,3,1,0,0.24506276746682767,0,6.283185307179586,0.08325656894321949,29.293002896566023,-0.01,0.15,0.1,0.145,1,-0.7,0,0,0,0,0,0,0,0,0,0,0,0,-0.2449148117322875,-0.2449148117322875,-0.2449148117322875,-0.2449148117322875,0.008514399135501121,0.008514399135501121,0.008514399135501121,0.008514399135501121,0.9999999995226858,0,1.6377255711848707e-23,0
1,2,1449,0,0,2,0,1,2,3,1,0,0.24506276745147412,0,6.283185307179586,0.08325656894321938,29.313002898566022,-0.01,0.15,0.1,0.145,1,-0.7,0,0,0,0,0,0,0,0,0,0,0,0,-0.24491481171686222,-0.24491481171686222,-0.24491481171686222,-0.24491481171686222,0.008514399137297244,0.008514399137297244,0.008514399137297244,0.008514399137297244,1.0000000001458318,0,1.579983593530129e-23,0
1,2,1450,0,0,2,0,1,2,3,1,0,0.24506276744715244,0,6.283185307179586,0.08325656894321953,29.333002900566022,-0.01,0.15,0.1,0.145,1,-0.7,0,0,0,0,0,0,0,0,0,0,0,0,-0.24491481171252036,-0.24491481171252036,-0.24491481171252036,-0.24491481171252036,0.0085143991378028,0.0085143991378028,0.0085143991378028,0.0085143991378028,1.000000000154344,0,1.5242774207479543e-23,0
1,2,1451,0,0,2,0,1,2,3,1,0,0.24506276740540825,0,6.283185307179586,0.08325656894321949,29.353002902566022,-0.01,0.15,0.1,0.145,1,-0.7,0,0,0,0,0,0,0,0,0,0,0,0,-0.24491481167058118,-0.24491481167058118,-0.24491481167058118,-0.24491481167058118,0.008514399142686205,0.008514399142686205,0.008514399142686205,0.008514399142686205,1.000000000114241,0,1.470535303597066e-23,0
1,2,1452,0,0,2,0,1,2,3,1,0,0.24506276748473446,0,6.283185307179586,0.08325656894321946,29.37300290456602,-0.01,0.15,0.1,0.145,1,-0.7,0,0,0,0,0,0,0,0,0,0,0,0,-0.24491481175027793,-0.24491481175027793,-0.24491481175027793,-0.24491481175027793,0.008514399133406333,0.008514399133406333,0.008514399133406333,0.008514399133406333,1.0000000005196554,0,1.4186880145052501e-23,0
1,2,1453,0,0,2,0,1,2,3,1,0,0.24506276744238684,0,6.283185307179586,0.0832565689432195,29.39300290656602,-0.01,0.15,0.1,0.145,1,-0.7,0,0,0,0,0,0,0,0,0,0,0,0,-0.2449148117077325,-0.2449148117077325,-0.2449148117077325,-0.2449148117077325,0.008514399138360324,0.008514399138360324,0.008514399138360324,0.008514399138360324,0.9999999995037285,0,1.3686686686663945e-23,0
1,2,1454,0,0,2,0,1,2,3,1,0,0.24506276739910587,0,6.283185307179586,0.08325656894321955,29.41300290856602,-0.01,0.15,0.1,0.145,1,-0.7,0,0,0,0,0,0,0,0,0,0,0,0,-0.24491481166424936,-0.24491481166424936,-0.24491481166424936,-0.24491481166424936,0.008514399143423496,0.008514399143423496,0.008514399143423496,0.008514399143423496,1.0000000003403144,0,1.3204129520882862e-23,0
1,2,1455,0,0,2,0,1,2,3,1,0,0.24506276750290082,0,6.283185307179586,0.08325656894321946,29.43300291056602,-0.01,0.15,0.1,0.145,1,-0.7,0,0,0,0,0,0,0,0,0,0,0,0,-0.24491481176852914,-0.24491481176852914,-0.24491481176852914,-0.24491481176852914,0.008514399131281152,0.008514399131281152,0.008514399131281152,0.008514399131281152,1.000000000548873,0,1.2738585838469252e-23,0
1,2,1456,0,0,2,0,1,2,3,1,0,0.24506276748263717,0,6.283185307179586,0.08325656894321952,29.45300291256602,-0.01,0.15,0.1,0.145,1,-0.7,0,0,0,0,0,0,0,0,0,0,0,0,-0.24491481174817084,-0.24491481174817084,-0.24491481174817084,-0.24491481174817084,0.00851439913365168,0.00851439913365168,0.00851439913365168,0.00851439913365168,0.9999999992553938,0,1.2289455472656126e-23,0
1,2,1457,0,0,2,0,1,2,3,1,0,0.24506276741661068,0,6.283185307179586,0.08325656894321942,29.47300291456602,-0.01,0.15,0.1,0.145,1,-0.7,0,0,0,0,0,0,0,0,0,0,0,0,-0.24491481168183593,-0.24491481168183593,-0.24491481168183593,-0.24491481168183593,0.008514399141375717,0.008514399141375717,0.008514399141375717,0.008514399141375717,1.0000000000094502,0,1.1856161029473606e-23,0
1,2,1458,0,0,2,0,1,2,3,1,0,0.24506276741690308,0,6.283185307179586,0.08325656894321955,29.49300291656602,-0.01,0.15,0.1,0.145,1,-0.7,0,0,0,0,0,0,0,0,0,0,0,0,-0.2449148116821297,-0.2449148116821297,-0.2449148116821297,-0.2449148116821297,0.008514399141341493,0.008514399141341493,0.008514399141341493,0.008514399141341493,1.000000000581501,0,1.1438143372156873e-23,0
1,2,1459,0,0,2,0,1,2,3,1,0,0.24506276742193123,0,6.283185307179586,0.0832565689432194,29.51300291856602,-0.01,0.15,0.1,0.145,1,-0.7,0,0,0,0,0,0,0,0,0,0,0,0,-0.24491481168718135,-0.24491481168718135,-0.24491481168718135,-0.24491481168718135,0.008514399140753297,0.008514399140753297,0.008514399140753297,0.008514399140753297,1.0000000002466152,0,1.103486363583593e-23,0
1,2,1460,0,0,2,0,1,2,3,1,0,0.24506276747690767,0,6.283185307179586,0.08325656894321956,29.53300292056602,-0.01,0.15,0.1,0.145,1,-0.7,0,0,0,0,0,0,0,0,0,0,0,0,-0.24491481174241458,-0.24491481174241458,-0.24491481174241458,-0.24491481174241458,0.008514399134321905,0.008514399134321905,0.008514399134321905,0.008514399134321905,1.0000000001948237,0,1.064580260677146e-23,0
1,2,1461,0,0,2,0,1,2,3,1,0,0.24506276745683994,0,6.283185307179586,0.08325656894321945,29.55300292256602,-0.01,0.15,0.1,0.145,1,-0.7,0,0,0,0,0,0,0,0,0,0,0,0,-0.24491481172225313,-0.24491481172225313,-0.24491481172225313,-0.24491481172225313,0.008514399136669553,0.008514399136669553,0.008514399136669553,0.008514399136669553,0.9999999996610569,0,1.027045872231503e-23,0
1,2,1462,0,0,2,0,1,2,3,1,0,0.24506276739396637,0,6.283185307179586,0.0832565689432194,29.57300292456602,-0.01,0.15,0.1,0.145,1,-0.7,0,0,0,0,0,0,0,0,0,0,0,0,-0.24491481165908585,-0.24491481165908585,-0.24491481165908585,-0.24491481165908585,0.008514399144024737,0.008514399144024737,0.008514399144024737,0.008514399144024737,1.0000000001572857,0,9.90834881283887e-24,0
1,2,1463,0,0,2,0,1,2,3,1,0,0.24506276745033867,0,6.283185307179586,0.08325656894321949,29.59300292656602,-0.01,0.15,0.1,0.145,1,-0.7,0,0,0,0,0,0,0,0,0,0,0,0,-0.24491481171572146,-0.24491481171572146,-0.24491481171572146,-0.24491481171572146,0.00851439913743006,0.00851439913743006,0.00851439913743006,0.00851439913743006,1.0000000006945342,0,9.559005981639249e-24,0
1,2,1464,0,0,2,0,1,2,3,1,0,0.2450627674092201,0,6.283185307179586,0.08325656894321955,29.61300292856602,-0.01,0.15,0.1,0.145,1,-0.7,0,0,0,0,0,0,0,0,0,0,0,0,-0.24491481167441084,-0.24491481167441084,-0.24491481167441084,-0.24491481167441084,0.008514399142240269,0.008514399142240269,0.008514399142240269,0.008514399142240269,0.999999999789388,0,9.221979677036984e-24,0
1,2,1465,0,0,2,0,1,2,3,1,0,0.24506276743533276,0,6.283185307179586,0.0832565689432194,29.63300293056602,-0.01,0.15,0.1,0.145,1,-0.7,0,0,0,0,0,0,0,0,0,0,0,0,-0.24491481170064547,-0.24491481170064547,-0.24491481170064547,-0.24491481170064547,0.008514399139185516,0.008514399139185516,0.008514399139185516,0.008514399139185516,1.0000000005006129,0,8.896836497197835e-24,0
1,2,1466,0,0,2,0,1,2,3,1,0,0.2450627674593796,0,6.283185307179586,0.08325656894321948,29.653002932566018,-0.01,0.15,0.1,0.145,1,-0.7,0,0,0,0,0,0,0,0,0,0,0,0,-0.24491481172480464,-0.24491481172480464,-0.24491481172480464,-0.24491481172480464,0.008514399136372443,0.008514399136372443,0.008514399136372443,0.008514399136372443,1.0000000000290754,0,8.583156717950147e-24,0
1,2,1467,0,0,2,0,1,2,3,1,0,0.24506276748702976,0,6.283185307179586,0.08325656894321944,29.673002934566018,-0.01,0.15,0.1,0.145,1,-0.7,0,0,0,0,0,0,0,0,0,0,0,0,-0.24491481175258395,-0.24491481175258395,-0.24491481175258395,-0.24491481175258395,0.008514399133137809,0.008514399133137809,0.008514399133137809,0.008514399133137809,0.9999999999062794,0,8.28053657969289e-24,0
1,2,1468,0,0,2,0,1,2,3,1,0,0.24506276742795635,0,6.283185307179586,0.08325656894321962,29.693002936566018,-0.01,0.15,0.1,0.145,1,-0.7,0,0,0,0,0,0,0,0,0,0,0,0,-0.2449148116932346,-0.2449148116932346,-0.2449148116932346,-0.2449148116932346,0.008514399140048472,0.008514399140048472,0.008514399140048472,0.008514399140048472,0.9999999997425917,0,7.988586041623602e-24,0
1,2,1469,0,0,2,0,1,2,3,1,0,0.2450627675130041,0,6.283185307179586,0.08325656894321953,29.713002938566017,-0.01,0.15,0.1,0.145,1,-0.7,0,0,0,0,0,0,0,0,0,0,0,0,-0.2449148117786796,-0.2449148117786796,-0.2449148117786796,-0.2449148117786796,0.008514399130099251,0.008514399130099251,0.008514399130099251,0.008514399130099251,1.0000000004942464,0,7.706929144088524e-24,0
1,2,1470,0,0,2,0,1,2,3,1,0,0.24506276741448457,0,6.283185307179586,0.08325656894321948,29.733002940566017,-0.01,0.15,0.1,0.145,1,-0.7,0,0,0,0,0,0,0,0,0,0,0,0,-0.2449148116796999,-0.2449148116796999,-0.2449148116796999,-0.2449148116796999,0.008514399141624432,0.008514399141624432,0.008514399141624432,0.008514399141624432,0.9999999993040092,0,7.435202308416338e-24,0
1,2,1471,0,0,2,0,1,2,3,1,0,0.24506276737894517,0,6.283185307179586,0.08325656894321945,29.753002942566017,-0.01,0.15,0.1,0.145,1,-0.7,0,0,0,0,0,0,0,0,0,0,0,0,-0.24491481164399448,-0.24491481164399448,-0.24491481164399448,-0.24491481164399448,0.008514399145781948,0.008514399145781948,0.008514399145781948,0.008514399145781948,1.0000000007680683,0,7.173056443068293e-24,0
1,2,1472,0,0,2,0,1,2,3,1,0,0.24506276745789354,0,6.283185307179586,0.08325656894321948,29.773002944566016,-0.01,0.15,0.1,0.145,1,-0.7,0,0,0,0,0,0,0,0,0,0,0,0,-0.24491481172331164,-0.24491481172331164,-0.24491481172331164,-0.24491481172331164,0.008514399136546277,0.008514399136546277,0.008514399136546277,0.008514399136546277,1.000000000628738,0,6.92015282566309e-24,0
1,2,1473,0,0,2,0,1,2,3,1,0,0.24506276740824498,0,6.283185307179586,0.08325656894321942,29.793002946566016,-0.01,0.15,0.1,0.145,1,-0.7,0,0,0,0,0,0,0,0,0,0,0,0,-0.24491481167343118,-0.24491481167343118,-0.24491481167343118,-0.24491481167343118,0.008514399142354334,0.008514399142354334,0.008514399142354334,0.008514399142354334,0.999999999623725,0,6.676165770342546e-24,0
1,2,1474,0,0,2,0,1,2,3,1,0,0.24506276740939073,0,6.283185307179586,0.08325656894321948,29.813002948566016,-0.01,0.15,0.1,0.145,1,-0.7,0,0,0,0,0,0,0,0,0,0,0,0,-0.24491481167458226,-0.24491481167458226,-0.24491481167458226,-0.24491481167458226,0.008514399142220318,0.008514399142220318,0.008514399142220318,0.008514399142220318,1.0000000005565965,0,6.4407814526020535e-24,0
1,2,1475,0,0,2,0,1,2,3,1,0,0.24506276742037067,0,6.283185307179586,0.08325656894321955,29.833002950566016,-0.01,0.15,0.1,0.145,1,-0.7,0,0,0,0,0,0,0,0,0,0,0,0,-0.2449148116856135,-0.2449148116856135,-0.2449148116856135,-0.2449148116856135,0.008514399140935847,0.008514399140935847,0.008514399140935847,0.008514399140935847,1.0000000002839826,0,6.2136959539681316e-24,0
1,2,1476,0,0,2,0,1,2,3,1,0,0.2450627674220766,0,6.283185307179586,0.08325656894321931,29.853002952566015,-0.01,0.15,0.1,0.145,1,-0.7,0,0,0,0,0,0,0,0,0,0,0,0,-0.2449148116873274,-0.2449148116873274,-0.2449148116873274,-0.2449148116873274,0.008514399140736262,0.008514399140736262,0.008514399140736262,0.008514399140736262,1.0000000001728608,0,5.994616938870944e-24,0
1,2,1477,0,0,2,0,1,2,3,1,0,0.2450627674285183,0,6.283185307179586,0.08325656894321955,29.873002954566015,-0.01,0.15,0.1,0.145,1,-0.7,0,0,0,0,0,0,0,0,0,0,0,0,-0.24491481169379917,-0.24491481169379917,-0.24491481169379917,-0.24491481169379917,0.008514399139982694,0.008514399139982694,0.008514399139982694,0.008514399139982694,1.000000000225036,0,5.783262114795223e-24,0
1,2,1478,0,0,2,0,1,2,3,1,0,0.24506276744599162,0,6.283185307179586,0.08325656894321953,29.893002956566015,-0.01,0.15,0.1,0.145,1,-0.7,0,0,0,0,0,0,0,0,0,0,0,0,-0.24491481171135412,-0.24491481171135412,-0.24491481171135412,-0.24491481171135412,0.008514399137938607,0.008514399137938607,0.008514399137938607,0.008514399137938607,1.000000000160746,0,5.5793591035220235e-24,0
1,2,1479,0,0,2,0,1,2,3,1,0,0.2450627674721667,0,6.283185307179586,0.08325656894321945,29.913002958566015,-0.01,0.15,0.1,0.145,1,-0.7,0,0,0,0,0,0,0,0,0,0,0,0,-0.24491481173765148,-0.24491481173765148,-0.24491481173765148,-0.24491481173765148,0.008514399134876558,0.008514399134876558,0.008514399134876558,0.008514399134876558,1.0000000000096634,0,5.382645175618774e-24,0
1,2,1480,0,0,2,0,1,2,3,1,0,0.2450627674651705,0,6.283185307179586,0.08325656894321962,29.933002960566014,-0.01,0.15,0.1,0.145,1,-0.7,0,0,0,0,0,0,0,0,0,0,0,0,-0.24491481173062257,-0.24491481173062257,-0.24491481173062257,-0.24491481173062257,0.00851439913569502,0.00851439913569502,0.00851439913569502,0.00851439913569502,0.9999999998324398,0,5.192866872352351e-24,0
1,2,1481,0,0,2,0,1,2,3,1,0,0.2450627674554816,0,6.283185307179586,0.08325656894321957,29.953002962566014,-0.01,0.15,0.1,0.145,1,-0.7,0,0,0,0,0,0,0,0,0,0,0,0,-0.24491481172088844,-0.24491481172088844,-0.24491481172088844,-0.24491481172088844,0.008514399136828414,0.008514399136828414,0.008514399136828414,0.008514399136828414,1.0000000000458442,0,5.009779725438139e-24,0
1,2,1482,0,0,2,0,1,2,3,1,0,0.24506276741438096,0,6.283185307179586,0.0832565689432194,29.973002964566014,-0.01,0.15,0.1,0.145,1,-0.7,0,0,0,0,0,0,0,0,0,0,0,0,-0.2449148116795958,-0.2449148116795958,-0.2449148116795958,-0.2449148116795958,0.008514399141636545,0.008514399141636545,0.008514399141636545,0.008514399141636545,1.0000000001017995,0,4.8331477400953914e-24,0
1,2,1483,0,0,2,0,1,2,3,1,0,0.24506276747433034,0,6.283185307179586,0.08325656894321945,29.993002966566014,-0.01,0.15,0.1,0.145,1,-0.7,0,0,0,0,0,0,0,0,0,0,0,0,-0.2449148117398252,-0.2449148117398252,-0.2449148117398252,-0.2449148117398252,0.008514399134623462,0.008514399134623462,0.008514399134623462,0.008514399134623462,1.0000000004829488,0,4.662743389408382e-24,0
1,2,1484,0,0,2,0,1,2,3,1,0,0.24506276749906383,0,6.283185307179586,0.08325656894321946,30.013002968566013,-0.01,0.15,0.1,0.145,1,-0.7,0,0,0,0,0,0,0,0,0,0,0,0,-0.24491481176467422,-0.24491481176467422,-0.24491481176467422,-0.24491481176467422,0.008514399131730013,0.008514399131730013,0.008514399131730013,0.008514399131730013,0.9999999996346958,0,4.498346893209314e-24,0
1,2,1485,0,0,2,0,1,2,3,1,0,0.245062767448754,0,6.283185307179586,0.08325656894321949,30.033002970566013,-0.01,0.15,0.1,0.145,1,-0.7,0,0,0,0,0,0,0,0,0,0,0,0,-0.24491481171412938,-0.24491481171412938,-0.24491481171412938,-0.24491481171412938,0.008514399137615479,0.008514399137615479,0.008514399137615479,0.008514399137615479,0.9999999997042721,0,4.339746716573194e-24,0
1,2,1486,0,0,2,0,1,2,3,1,0,0.24506276739688393,0,6.283185307179586,0.08325656894321953,30.053002972566013,-0.01,0.15,0.1,0.145,1,-0.7,0,0,0,0,0,0,0,0,0,0,0,0,-0.24491481166201703,-0.24491481166201703,-0.24491481166201703,-0.24491481166201703,0.008514399143683403,0.008514399143683403,0.008514399143683403,0.008514399143683403,1.0000000003555556,0,4.186738450965496e-24,0
1,2,1487,0,0,2,0,1,2,3,1,0,0.2450627674271989,0,6.283185307179586,0.08325656894321948,30.073002974566013,-0.01,0.15,0.1,0.145,1,-0.7,0,0,0,0,0,0,0,0,0,0,0,0,-0.24491481169247362,-0.24491481169247362,-0.24491481169247362,-0.24491481169247362,0.008514399140137054,0.008514399140137054,0.008514399140137054,0.008514399140137054,1.0000000006196075,0,4.0391248164211435e-24,0
1,2,1488,0,0,2,0,1,2,3,1,0,0.2450627674210041,0,6.283185307179586,0.08325656894321941,30.093002976566012,-0.01,0.15,0.1,0.145,1,-0.7,0,0,0,0,0,0,0,0,0,0,0,0,-0.2449148116862499,-0.2449148116862499,-0.2449148116862499,-0.2449148116862499,0.008514399140861745,0.008514399140861745,0.008514399140861745,0.008514399140861745,1.0000000000511946,0,3.896715557486639e-24,0
1,2,1489,0,0,2,0,1,2,3,1,0,0.24506276746384456,0,6.283185307179586,0.08325656894321945,30.113002978566012,-0.01,0.15,0.1,0.145,1,-0.7,0,0,0,0,0,0,0,0,0,0,0,0,-0.24491481172929044,-0.24491481172929044,-0.24491481172929044,-0.24491481172929044,0.008514399135850082,0.008514399135850082,0.008514399135850082,0.008514399135850082,1.0000000002633342,0,3.7593273781737916e-24,0
1,2,1490,0,0,2,0,1,2,3,1,0,0.24506276742534536,0,6.283185307179586,0.08325656894321953,30.133002980566012,-0.01,0.15,0.1,0.145,1,-0.7,0,0,0,0,0,0,0,0,0,0,0,0,-0.2449148116906114,-0.2449148116906114,-0.2449148116906114,-0.2449148116906114,0.008514399140353889,0.008514399140353889,0.008514399140353889,0.008514399140353889,0.999999999786688,0,3.626783076316105e-24,0
1,2,1491,0,0,2,0,1,2,3,1,0,0.24506276741191965,0,6.283185307179586,0.08325656894321946,30.15300298256601,-0.01,0.15,0.1,0.145,1,-0.7,0,0,0,0,0,0,0,0,0,0,0,0,-0.244914811677123,-0.244914811677123,-0.244914811677123,-0.244914811677123,0.00851439914192449,0.00851439914192449,0.00851439914192449,0.00851439914192449,1.0000000004128964,0,3.4989120652495795e-24,0
1,2,1492,0,0,2,0,1,2,3,1,0,0.24506276745615474,0,6.283185307179586,0.08325656894321948,30.17300298456601,-0.01,0.15,0.1,0.145,1,-0.7,0,0,0,0,0,0,0,0,0,0,0,0,-0.2449148117215647,-0.2449148117215647,-0.2449148117215647,-0.2449148117215647,0.00851439913674967,0.00851439913674967,0.00851439913674967,0.00851439913674967,1.0000000003583054,0,3.3755493862024354e-24,0
1,2,1493,0,0,2,0,1,2,3,1,0,0.24506276740799715,0,6.283185307179586,0.0832565689432194,30.19300298656601,-0.01,0.15,0.1,0.145,1,-0.7,0,0,0,0,0,0,0,0,0,0,0,0,-0.24491481167318216,-0.24491481167318216,-0.24491481167318216,-0.24491481167318216,0.008514399142383383,0.008514399142383383,0.008514399142383383,0.008514399142383383,0.9999999998273523,0,3.2565361129895466e-24,0
1,2,1494,0,0,2,0,1,2,3,1,0,0.24506276749828954,0,6.283185307179586,0.08325656894321966,30.21300298856601,-0.01,0.15,0.1,0.145,1,-0.7,0,0,0,0,0,0,0,0,0,0,0,0,-0.24491481176389632,-0.24491481176389632,-0.24491481176389632,-0.24491481176389632,0.00851439913182062,0.00851439913182062,0.00851439913182062,0.00851439913182062,1.0000000005477858,0,3.141719064654529e-24,0
1,2,1495,0,0,2,0,1,2,3,1,0,0.24506276745885291,0,6.283185307179586,0.08325656894321946,30.23300299056601,-0.01,0.15,0.1,0.145,1,-0.7,0,0,0,0,0,0,0,0,0,0,0,0,-0.2449148117242755,-0.2449148117242755,-0.2449148117242755,-0.2449148117242755,0.008514399136434052,0.008514399136434052,0.008514399136434052,0.008514399136434052,0.9999999993695923,0,3.030949992282483e-24,0
1,2,1496,0,0,2,0,1,2,3,1,0,0.24506276747412106,0,6.283185307179586,0.08325656894321948,30.25300299256601,-0.01,0.15,0.1,0.145,1,-0.7,0,0,0,0,0,0,0,0,0,0,0,0,-0.24491481173961496,-0.24491481173961496,-0.24491481173961496,-0.24491481173961496,0.00851439913464794,0.00851439913464794,0.00851439913464794,0.00851439913464794,1.0000000002431904,0,2.9240865409282107e-24,0
1,2,1497,0,0,2,0,1,2,3,1,0,0.2450627674110064,0,6.283185307179586,0.08325656894321949,30.27300299456601,-0.01,0.15,0.1,0.145,1,-0.7,0,0,0,0,0,0,0,0,0,0,0,0,-0.2449148116762055,-0.2449148116762055,-0.2449148116762055,-0.2449148116762055,0.008514399142031313,0.008514399142031313,0.008514399142031313,0.008514399142031313,0.9999999998802949,0,2.8209907118515698e-24,0
1,2,1498,0,0,2,0,1,2,3,1,0,0.24506276740882788,0,6.283185307179586,0.08325656894321941,30.29300299656601,-0.01,0.15,0.1,0.145,1,-0.7,0,0,0,0,0,0,0,0,0,0,0,0,-0.24491481167401677,-0.24491481167401677,-0.24491481167401677,-0.24491481167401677,0.008514399142286161,0.008514399142286161,0.008514399142286161,0.008514399142286161,1.0000000006070522,0,2.721529869480878e-24,0
1,2,1499,0,0,2,0,1,2,3,1,0,0.24506276746493783,0,6.283185307179586,0.08325656894321945,30.31300299856601,-0.01,0.15,0.1,0.145,1,-0.7,0,0,0,0,0,0,0,0,0,0,0,0,-0.24491481173038882,-0.24491481173038882,-0.24491481173038882,-0.24491481173038882,0.008514399135722222,0.008514399135722222,0.008514399135722222,0.008514399135722222,1.000000000305313,0,2.6255756762896957e-24,0
1,2,1500,24,6,2,0,1,2,3,1,0,0.24506276737601482,0,6.283185307179586,0.08325656894321959,30.33300300056601,-0.01,0.15,0.1,0.145,1,-0.7,0,0,0,0,0,0,0,0,0,0,0,0,-0.24491481164105044,-0.24491481164105044,-0.24491481164105044,-0.24491481164105044,0.008514399146124773,0.008514399146124773,0.008514399146124773,0.008514399146124773,0.9999999997088196,0,2.5330045605520036e-24,0
1,2,1501,0,0,2,0,1,2,3,1,0,0.24506276746883382,0,6.283185307179586,0.08325656894321944,30.35300300256601,-0.01,0.15,0.1,0.145,1,-0.7,0,0,0,0,0,0,0,0,0,0,0,0,-0.24491481173430302,-0.24491481173430302,-0.24491481173430302,-0.24491481173430302,0.008514399135266451,0.008514399135266451,0.008514399135266451,0.008514399135266451,1.0000000009341292,0,2.443697401520655e-24,0
1,2,1502,0,0,2,0,1,2,3,1,0,0.24506276746841463,0,6.283185307179586,0.08325656894321948,30.37300300456601,-0.01,0.15,0.1,0.145,1,-0.7,0,0,0,0,0,0,0,0,0,0,0,0,-0.24491481173388188,-0.24491481173388188,-0.24491481173388188,-0.24491481173388188,0.008514399135315473,0.008514399135315473,0.008514399135315473,0.008514399135315473,0.9999999995056115,0,2.3575387909818903e-24,0
1,2,1503,0,0,2,0,1,2,3,1,0,0.2450627674371544,0,6.283185307179586,0.08325656894321948,30.39300300656601,-0.01,0.15,0.1,0.145,1,-0.7,0,0,0,0,0,0,0,0,0,0,0,0,-0.24491481170247562,-0.24491481170247562,-0.24491481170247562,-0.24491481170247562,0.008514399138972414,0.008514399138972414,0.008514399138972414,0.008514399138972414,0.9999999999828475,0,2.274418048553137e-24,0
1,2,1504,0,0,2,0,1,2,3,1,0,0.2450627674151015,0,6.283185307179586,0.08325656894321953,30.413003008566008,-0.01,0.15,0.1,0.145,1,-0.7,0,0,0,0,0,0,0,0,0,0,0,0,-0.2449148116803197,-0.2449148116803197,-0.2449148116803197,-0.2449148116803197,0.008514399141552248,0.008514399141552248,0.008514399141552248,0.008514399141552248,1.0000000003160991,0,2.1942279183496192e-24,0
1,2,1505,0,0,2,0,1,2,3,1,0,0.24506276744028405,0,6.283185307179586,0.08325656894321948,30.433003010566008,-0.01,0.15,0.1,0.145,1,-0.7,0,0,0,0,0,0,0,0,0,0,0,0,-0.24491481170561988,-0.24491481170561988,-0.24491481170561988,-0.24491481170561988,0.008514399138606311,0.008514399138606311,0.008514399138606311,0.008514399138606311,1.0000000003708038,0,2.1168650693596297e-24,0
1,2,1506,0,0,2,0,1,2,3,1,0,0.24506276746878458,0,6.283185307179586,0.08325656894321949,30.453003012566008,-0.01,0.15,0.1,0.145,1,-0.7,0,0,0,0,0,0,0,0,0,0,0,0,-0.24491481173425356,-0.24491481173425356,-0.24491481173425356,-0.24491481173425356,0.008514399135272226,0.008514399135272226,0.008514399135272226,0.008514399135272226,0.9999999999973497,0,2.042229808343194e-24,0
1,2,1507,0,0,2,0,1,2,3,1,0,0.2450627674641141,0,6.283185307179586,0.08325656894321949,30.473003014566007,-0.01,0.15,0.1,0.145,1,-0.7,0,0,0,0,0,0,0,0,0,0,0,0,-0.24491481172956125,-0.24491481172956125,-0.24491481172956125,-0.24491481172956125,0.008514399135818557,0.008514399135818557,0.008514399135818557,0.008514399135818557,0.9999999998413855,0,1.9702260089365616e-24,0
1,2,1508,0,0,2,0,1,2,3,1,0,0.2450627674675185,0,6.283185307179586,0.08325656894321946,30.493003016566007,-0.01,0.15,0.1,0.145,1,-0.7,0,0,0,0,0,0,0,0,0,0,0,0,-0.24491481173298157,-0.24491481173298157,-0.24491481173298157,-0.24491481173298157,0.00851439913542029,0.00851439913542029,0.00851439913542029,0.00851439913542029,1.0000000000270362,0,1.9007609003436445e-24,0
1,2,1509,0,0,2,0,1,2,3,1,0,0.24506276747990993,0,6.283185307179586,0.08325656894321942,30.513003018566007,-0.01,0.15,0.1,0.145,1,-0.7,0,0,0,0,0,0,0,0,0,0,0,0,-0.24491481174543087,-0.24491481174543087,-0.24491481174543087,-0.24491481174543087,0.00851439913397072,0.00851439913397072,0.00851439913397072,0.00851439913397072,0.9999999999701075,0,1.8337449386590654e-24,0
1,2,1510,0,0,2,0,1,2,3,1,0,0.24506276746388686,0,6.283185307179586,0.08325656894321959,30.533003020566007,-0.01,0.15,0.1,0.145,1,-0.7,0,0,0,0,0,0,0,0,0,0,0,0,-0.24491481172933294,-0.24491481172933294,-0.24491481172933294,-0.24491481172933294,0.008514399135845152,0.008514399135845152,0.008514399135845152,0.008514399135845152,0.9999999998719531,0,1.769091785365421e-24,0
1,2,1511,0,0,2,0,1,2,3,1,0,0.24506276744964267,0,6.283185307179586,0.08325656894321944,30.553003022566006,-0.01,0.15,0.1,0.145,1,-0.7,0,0,0,0,0,0,0,0,0,0,0,0,-0.24491481171502222,-0.24491481171502222,-0.24491481171502222,-0.24491481171502222,0.008514399137511515,0.008514399137511515,0.008514399137511515,0.008514399137511515,1.0000000000772928,0,1.706718154699651e-24,0
1,2,1512,0,0,2,0,1,2,3,1,0,0.24506276744104638,0,6.283185307179586,0.08325656894321942,30.573003024566006,-0.01,0.15,0.1,0.145,1,-0.7,0,0,0,0,0,0,0,0,0,0,0,0,-0.2449148117063858,-0.2449148117063858,-0.2449148117063858,-0.2449148117063858,0.008514399138517127,0.008514399138517127,0.008514399138517127,0.008514399138517127,1.0000000001566889,0,1.6465436495830486e-24,0
1,2,1513,0,0,2,0,1,2,3,1,0,0.24506276738935812,0,6.283185307179586,0.0832565689432195,30.593003026566006,-0.01,0.15,0.1,0.145,1,-0.7,0,0,0,0,0,0,0,0,0,0,0,0,-0.24491481165445608,-0.24491481165445608,-0.24491481165445608,-0.24491481165445608,0.008514399144563806,0.008514399144563806,0.008514399144563806,0.008514399144563806,1.0000000001735572,0,1.5884907407946816e-24,0
1,2,1514,0,0,2,0,1,2,3,1,0,0.24506276747845124,0,6.283185307179586,0.08325656894321942,30.613003028566006,-0.01,0.15,0.1,0.145,1,-0.7,0,0,0,0,0,0,0,0,0,0,0,0,-0.24491481174396534,-0.24491481174396534,-0.24491481174396534,-0.24491481174396534,0.008514399134141369,0.008514399134141369,0.008514399134141369,0.008514399134141369,1.0000000006730474,0,1.5324846512445917e-24,0
1,2,1515,0,0,2,0,1,2,3,1,0,0.24506276744586922,0,6.283185307179586,0.08325656894321953,30.633003030566005,-0.01,0.15,0.1,0.145,1,-0.7,0,0,0,0,0,0,0,0,0,0,0,0,-0.24491481171123114,-0.24491481171123114,-0.24491481171123114,-0.24491481171123114,0.008514399137952912,0.008514399137952912,0.008514399137952912,0.008514399137952912,0.9999999994724433,0,1.4784531153931391e-24,0
1,2,1516,0,0,2,0,1,2,3,1,0,0.2450627674769594,0,6.283185307179586,0.08325656894321938,30.653003032566005,-0.01,0.15,0.1,0.145,1,-0.7,0,0,0,0,0,0,0,0,0,0,0,0,-0.24491481174246654,-0.24491481174246654,-0.24491481174246654,-0.24491481174246654,0.008514399134315872,0.008514399134315872,0.008514399134315872,0.008514399134315872,1.0000000002805791,0,1.4263266824957713e-24,0
1,2,1517,0,0,2,0,1,2,3,1,0,0.24506276746978012,0,6.283185307179586,0.08325656894321946,30.673003034566005,-0.01,0.15,0.1,0.145,1,-0.7,0,0,0,0,0,0,0,0,0,0,0,0,-0.24491481173525373,-0.24491481173525373,-0.24491481173525373,-0.24491481173525373,0.00851439913515572,0.00851439913515572,0.00851439913515572,0.00851439913515572,0.9999999997982343,0,1.3760380380386258e-24,0
1,2,1518,0,0,2,0,1,2,3,1,0,0.24506276747668645,0,6.283185307179586,0.0832565689432195,30.693003036566004,-0.01,0.15,0.1,0.145,1,-0.7,0,0,0,0,0,0,0,0,0,0,0,0,-0.24491481174219235,-0.24491481174219235,-0.24491481174219235,-0.24491481174219235,0.008514399134347816,0.008514399134347816,0.008514399134347816,0.008514399134347816,1.0000000000175007,0,1.3275224728145443e-24,0
1,2,1519,0,0,2,0,1,2,3,1,0,0.24506276744475294,0,6.283185307179586,0.08325656894321956,30.713003038566004,-0.01,0.15,0.1,0.145,1,-0.7,0,0,0,0,0,0,0,0,0,0,0,0,-0.24491481171010968,-0.24491481171010968,-0.24491481171010968,-0.24491481171010968,0.008514399138083491,0.008514399138083491,0.008514399138083491,0.008514399138083491,0.9999999999201847,0,1.2807174280969294e-24,0
1,2,1520,0,0,2,0,1,2,3,1,0,0.2450627674118861,0,6.283185307179586,0.08325656894321933,30.733003040566004,-0.01,0.15,0.1,0.145,1,-0.7,0,0,0,0,0,0,0,0,0,0,0,0,-0.24491481167708928,-0.24491481167708928,-0.24491481167708928,-0.24491481167708928,0.008514399141928416,0.008514399141928416,0.008514399141928416,0.008514399141928416,1.0000000002845795,0,1.2355626276503896e-24,0
1,2,1521,0,0,2,0,1,2,3,1,0,0.2450627674031805,0,6.283185307179586,0.08325656894321962,30.753003042566004,-0.01,0.15,0.1,0.145,1,-0.7,0,0,0,0,0,0,0,0,0,0,0,0,-0.24491481166834303,-0.24491481166834303,-0.24491481166834303,-0.24491481166834303,0.008514399142946808,0.008514399142946808,0.008514399142946808,0.008514399142946808,1.000000000458563,0,1.1919998622097892e-24,0
1,2,1522,0,0,2,0,1,2,3,1,0,0.2450627674464672,0,6.283185307179586,0.08325656894321941,30.773003044566003,-0.01,0.15,0.1,0.145,1,-0.7,0,0,0,0,0,0,0,0,0,0,0,0,-0.24491481171183194,-0.24491481171183194,-0.24491481171183194,-0.24491481171183194,0.008514399137882971,0.008514399137882971,0.008514399137882971,0.008514399137882971,1.000000000373177,0,1.1499729989270347e-24,0
1,2,1523,0,0,2,0,1,2,3,1,0,0.24506276745595643,0,6.283185307179586,0.08325656894321944,30.793003046566003,-0.01,0.15,0.1,0.145,1,-0.7,0,0,0,0,0,0,0,0,0,0,0,0,-0.24491481172136545,-0.24491481172136545,-0.24491481172136545,-0.24491481172136545,0.008514399136772917,0.008514399136772917,0.008514399136772917,0.008514399136772917,0.9999999998717044,0,1.1094278810082264e-24,0
1,2,1524,0,0,2,0,1,2,3,1,0,0.24506276747953118,0,6.283185307179586,0.08325656894321956,30.813003048566003,-0.01,0.15,0.1,0.145,1,-0.7,0,0,0,0,0,0,0,0,0,0,0,0,-0.24491481174505034,-0.24491481174505034,-0.24491481174505034,-0.24491481174505034,0.008514399134015034,0.008514399134015034,0.008514399134015034,0.008514399134015034,1.000000000009365,0,1.0703123011905993e-24,0
1,2,1525,0,0,2,0,1,2,3,1,0,0.2450627674702202,0,6.283185307179586,0.08325656894321945,30.833003050566003,-0.01,0.15,0.1,0.145,1,-0.7,0,0,0,0,0,0,0,0,0,0,0,0,-0.24491481173569588,-0.24491481173569588,-0.24491481173569588,-0.24491481173569588,0.00851439913510428,0.00851439913510428,0.00851439913510428,0.00851439913510428,0.9999999997987388,0,1.032575826052843e-24,0
1,2,1526,0,0,2,0,1,2,3,1,0,0.24506276746360034,0,6.283185307179586,0.08325656894321959,30.853003052566002,-0.01,0.15,0.1,0.145,1,-0.7,0,0,0,0,0,0,0,0,0,0,0,0,-0.2449148117290451,-0.2449148117290451,-0.2449148117290451,-0.2449148117290451,0.008514399135878687,0.008514399135878687,0.008514399135878687,0.008514399135878687,1.000000000022652,0,9.961698553353281e-25,0
1,2,1527,0,0,2,0,1,2,3,1,0,0.24506276742047028,0,6.283185307179586,0.08325656894321937,30.873003054566002,-0.01,0.15,0.1,0.145,1,-0.7,0,0,0,0,0,0,0,0,0,0,0,0,-0.24491481168571355,-0.24491481168571355,-0.24491481168571355,-0.24491481168571355,0.008514399140924198,0.008514399140924198,0.008514399140924198,0.008514399140924198,1.0000000000493898,0,9.610474597165316e-25,0
1,2,1528,0,0,2,0,1,2,3,1,0,0.24506276737520938,0,6.283185307179586,0.0832565689432194,30.893003056566002,-0.01,0.15,0.1,0.145,1,-0.7,0,0,0,0,0,0,0,0,0,0,0,0,-0.24491481164024123,-0.24491481164024123,-0.24491481164024123,-0.24491481164024123,0.008514399146219011,0.008514399146219011,0.008514399146219011,0.008514399146219011,1.000000000465647,0,9.27163401033149e-25,0
1,2,1529,0,0,2,0,1,2,3,1,0,0.24506276745996164,0,6.283185307179586,0.08325656894321956,30.913003058566,-0.01,0.15,0.1,0.145,1,-0.7,0,0,0,0,0,0,0,0,0,0,0,0,-0.2449148117253894,-0.2449148117253894,-0.2449148117253894,-0.2449148117253894,0.008514399136304352,0.008514399136304352,0.008514399136304352,0.008514399136304352,1.0000000007103154,0,8.94474002360479e-25,0
1,2,1530,0,0,2,0,1,2,3,1,0,0.24506276750978373,0,6.283185307179586,0.08325656894321949,30.933003060566,-0.01,0.15,0.1,0.145,1,-0.7,0,0,0,0,0,0,0,0,0,0,0,0,-0.2449148117754442,-0.2449148117754442,-0.2449148117754442,-0.2449148117754442,0.008514399130475957,0.008514399130475957,0.008514399130475957,0.008514399130475957,0.9999999996031548,0,8.62937111386361e-25,0
1,2,1531,0,0,2,0,1,2,3,1,0,0.2450627674663654,0,6.283185307179586,0.08325656894321946,30.953003062566,-0.01,0.15,0.1,0.145,1,-0.7,0,0,0,0,0,0,0,0,0,0,0,0,-0.24491481173182306,-0.24491481173182306,-0.24491481173182306,-0.24491481173182306,0.008514399135555205,0.008514399135555205,0.008514399135555205,0.008514399135555205,0.9999999995211439,0,8.325121582459671e-25,0
1,2,1532,0,0,2,0,1,2,3,1,0,0.24506276742768282,0,6.283185307179586,0.08325656894321953,30.973003064566,-0.01,0.15,0.1,0.145,1,-0.7,0,0,0,0,0,0,0,0,0,0,0,0,-0.24491481169295978,-0.24491481169295978,-0.24491481169295978,-0.24491481169295978,0.008514399140080448,0.008514399140080448,0.008514399140080448,0.008514399140080448,1.0000000002200977,0,8.031599307283217e-25,0
1,2,1533,0,0,2,0,1,2,3,1,0,0.24506276742635602,0,6.283185307179586,0.08325656894321934,30.993003066566,-0.01,0.15,0.1,0.145,1,-0.7,0,0,0,0,0,0,0,0,0,0,0,0,-0.2449148116916268,-0.2449148116916268,-0.2449148116916268,-0.2449148116916268,0.008514399140235638,0.008514399140235638,0.008514399140235638,0.008514399140235638,1.0000000004049454,0,7.748425740545636e-25,0
1,2,1534,0,0,2,0,1,2,3,1,0,0.24506276737655389,0,6.283185307179586,0.08325656894321953,31.013003068566,-0.01,0.15,0.1,0.145,1,-0.7,0,0,0,0,0,0,0,0,0,0,0,0,-0.24491481164159204,-0.24491481164159204,-0.24491481164159204,-0.24491481164159204,0.008514399146061708,0.008514399146061708,0.008514399146061708,0.008514399146061708,1.0000000002201617,0,7.475236062004801e-25,0
1,2,1535,0,0,2,0,1,2,3,1,0,0.24506276739637023,0,6.283185307179586,0.0832565689432195,31.033003070566,-0.01,0.15,0.1,0.145,1,-0.7,0,0,0,0,0,0,0,0,0,0,0,0,-0.24491481166150095,-0.24491481166150095,-0.24491481166150095,-0.24491481166150095,0.00851439914374354,0.00851439914374354,0.00851439914374354,0.00851439914374354,1.0000000007210872,0,7.211678509799621e-25,0
1,2,1536,0,0,2,0,1,2,3,1,0,0.24506276742092234,0,6.283185307179586,0.08325656894321952,31.053003072566,-0.01,0.15,0.1,0.145,1,-0.7,0,0,0,0,0,0,0,0,0,0,0,0,-0.24491481168616774,-0.24491481168616774,-0.24491481168616774,-0.24491481168616774,0.008514399140871313,0.008514399140871313,0.008514399140871313,0.008514399140871313,1.0000000002699139,0,6.957413105918699e-25,0
1,2,1537,0,0,2,0,1,2,3,1,0,0.24506276745713307,0,6.283185307179586,0.0832565689432195,31.073003074566,-0.01,0.15,0.1,0.145,1,-0.7,0,0,0,0,0,0,0,0,0,0,0,0,-0.24491481172254762,-0.24491481172254762,-0.24491481172254762,-0.24491481172254762,0.008514399136635245,0.008514399136635245,0.008514399136635245,0.008514399136635245,1.0000000001101625,0,6.712112517757711e-25,0
1,2,1538,0,0,2,0,1,2,3,1,0,0.24506276740633412,0,6.283185307179586,0.0832565689432195,31.093003076566,-0.01,0.15,0.1,0.145,1,-0.7,0,0,0,0,0,0,0,0,0,0,0,0,-0.24491481167151138,-0.24491481167151138,-0.24491481167151138,-0.24491481167151138,0.00851439914257789,0.00851439914257789,0.00851439914257789,0.00851439914257789,0.9999999998592628,0,6.475460580991635e-25,0
1,2,1539,0,0,2,0,1,2,3,1,0,0.2450627674164707,0,6.283185307179586,0.0832565689432194,31.113003078566,-0.01,0.15,0.1,0.145,1,-0.7,0,0,0,0,0,0,0,0,0,0,0,0,-0.24491481168169532,-0.24491481168169532,-0.24491481168169532,-0.24491481168169532,0.008514399141392112,0.008514399141392112,0.008514399141392112,0.008514399141392112,1.0000000005739267,0,6.247152575077896e-25,0
1,2,1540,0,0,2,0,1,2,3,1,0,0.2450627674765547,0,6.283185307179586,0.08325656894321964,31.133003080566,-0.01,0.15,0.1,0.145,1,-0.7,0,0,0,0,0,0,0,0,0,0,0,0,-0.24491481174205998,-0.24491481174205998,-0.24491481174205998,-0.24491481174205998,0.008514399134363195,0.008514399134363195,0.008514399134363195,0.008514399134363195,1.0000000002020784,0,6.026893915089853e-25,0
1,2,1541,0,0,2,0,1,2,3,1,0,0.2450627674026573,0,6.283185307179586,0.0832565689432193,31.153003082566,-0.01,0.15,0.1,0.145,1,-0.7,0,0,0,0,0,0,0,0,0,0,0,0,-0.2449148116678174,-0.2449148116678174,-0.2449148116678174,-0.2449148116678174,0.008514399143008047,0.008514399143008047,0.008514399143008047,0.008514399143008047,0.9999999996339639,0,5.814400976656955e-25,0
1,2,1542,0,0,2,0,1,2,3,1,0,0.24506276738159977,0,6.283185307179586,0.08325656894321962,31.173003084565998,-0.01,0.15,0.1,0.145,1,-0.7,0,0,0,0,0,0,0,0,0,0,0,0,-0.24491481164666148,-0.24491481164666148,-0.24491481164666148,-0.24491481164666148,0.008514399145471448,0.008514399145471448,0.008514399145471448,0.008514399145471448,1.0000000007172147,0,5.609400288141549e-25,0
1,2,1543,0,0,2,0,1,2,3,1,0,0.24506276743287247,0,6.283185307179586,0.08325656894321952,31.193003086565998,-0.01,0.15,0.1,0.145,1,-0.7,0,0,0,0,0,0,0,0,0,0,0,0,-0.2449148116981737,-0.2449148116981737,-0.2449148116981737,-0.2449148116981737,0.008514399139473355,0.008514399139473355,0.008514399139473355,0.008514399139473355,1.0000000005533707,0,5.411627181113537e-25,0
1,2,1544,0,0,2,0,1,2,3,1,0,0.24506276743391034,0,6.283185307179586,0.08325656894321946,31.213003088565998,-0.01,0.15,0.1,0.145,1,-0.7,0,0,0,0,0,0,0,0,0,0,0,0,-0.2449148116992164,-0.2449148116992164,-0.2449148116992164,-0.2449148116992164,0.008514399139351909,0.008514399139351909,0.008514399139351909,0.008514399139351909,0.999999999907061,0,5.220826969906824e-25,0
1,2,1545,0,0,2,0,1,2,3,1,0,0.24506276745136368,0,6.283185307179586,0.08325656894321946,31.233003090565997,-0.01,0.15,0.1,0.145,1,-0.7,0,0,0,0,0,0,0,0,0,0,0,0,-0.24491481171675128,-0.24491481171675128,-0.24491481171675128,-0.24491481171675128,0.00851439913731017,0.00851439913731017,0.00851439913731017,0.00851439913731017,1.0000000001641212,0,5.036754030491228e-25,0
1,2,1546,0,0,2,0,1,2,3,1,0,0.24506276747179342,0,6.283185307179586,0.0832565689432195,31.253003092565997,-0.01,0.15,0.1,0.145,1,-0.7,0,0,0,0,0,0,0,0,0,0,0,0,-0.24491481173727644,-0.24491481173727644,-0.24491481173727644,-0.24491481173727644,0.008514399134920225,0.008514399134920225,0.008514399134920225,0.008514399134920225,0.9999999999964757,0,4.859170964076608e-25,0
1,2,1547,0,0,2,0,1,2,3,1,0,0.24506276745304145,0,6.283185307179586,0.08325656894321946,31.273003094565997,-0.01,0.15,0.1,0.145,1,-0.7,0,0,0,0,0,0,0,0,0,0,0,0,-0.24491481171843688,-0.24491481171843688,-0.24491481171843688,-0.24491481171843688,0.008514399137113902,0.008514399137113902,0.008514399137113902,0.008514399137113902,0.9999999998677396,0,4.687849030556954e-25,0
1,2,1548,0,0,2,0,1,2,3,1,0,0.24506276738609956,0,6.283185307179586,0.08325656894321948,31.293003096565997,-0.01,0.15,0.1,0.145,1,-0.7,0,0,0,0,0,0,0,0,0,0,0,0,-0.2449148116511823,-0.2449148116511823,-0.2449148116511823,-0.2449148116511823,0.008514399144945015,0.008514399144945015,0.008514399144945015,0.008514399144945015,1.0000000001699973,0,4.522567529886114e-25,0
1,2,1549,0,0,2,0,1,2,3,1,0,0.24506276740581492,0,6.283185307179586,0.08325656894321942,31.313003098565996,-0.01,0.15,0.1,0.145,1,-0.7,0,0,0,0,0,0,0,0,0,0,0,0,-0.24491481167098975,-0.24491481167098975,-0.24491481167098975,-0.24491481167098975,0.008514399142638625,0.008514399142638625,0.008514399142638625,0.008514399142638625,1.0000000007768364,0,4.363113470655486e-25,0
1,2,1550,0,0,2,0,1,2,3,1,0,0.24506276743089292,0,6.283185307179586,0.08325656894321953,31.333003100565996,-0.01,0.15,0.1,0.145,1,-0.7,0,0,0,0,0,0,0,0,0,0,0,0,-0.2449148116961849,-0.2449148116961849,-0.2449148116961849,-0.2449148116961849,0.008514399139704906,0.008514399139704906,0.008514399139704906,0.008514399139704906,1.0000000002161613,0,4.2092811977776075e-25,0
1,2,1551,0,0,2,0,1,2,3,1,0,0.24506276751250025,0,6.283185307179586,0.08325656894321941,31.353003102565996,-0.01,0.15,0.1,0.145,1,-0.7,0,0,0,0,0,0,0,0,0,0,0,0,-0.2449148117781734,-0.2449148117781734,-0.2449148117781734,-0.2449148117781734,0.008514399130158192,0.008514399130158192,0.008514399130158192,0.008514399130158192,1.0000000000521183,0,4.060872709536056e-25,0
1,2,1552,0,0,2,0,1,2,3,1,0,0.2450627674643788,0,6.283185307179586,0.08325656894321953,31.373003104565996,-0.01,0.15,0.1,0.145,1,-0.7,0,0,0,0,0,0,0,0,0,0,0,0,-0.24491481172982718,-0.24491481172982718,-0.24491481172982718,-0.24491481172982718,0.008514399135787597,0.008514399135787597,0.008514399135787597,0.008514399135787597,0.9999999993379234,0,3.9176966558784543e-25,0
1,2,1553,0,0,2,0,1,2,3,1,0,0.2450627674263769,0,6.283185307179586,0.08325656894321952,31.393003106565995,-0.01,0.15,0.1,0.145,1,-0.7,0,0,0,0,0,0,0,0,0,0,0,0,-0.24491481169164778,-0.24491481169164778,-0.24491481169164778,-0.24491481169164778,0.008514399140233225,0.008514399140233225,0.008514399140233225,0.008514399140233225,1.0000000002655725,0,3.7795688215544586e-25,0
1,2,1554,0,0,2,0,1,2,3,1,0,0.24506276739729707,0,6.283185307179586,0.08325656894321945,31.413003108565995,-0.01,0.15,0.1,0.145,1,-0.7,0,0,0,0,0,0,0,0,0,0,0,0,-0.24491481166243212,-0.24491481166243212,-0.24491481166243212,-0.24491481166243212,0.00851439914363509,0.00851439914363509,0.00851439914363509,0.00851439914363509,1.0000000004096918,0,3.6463109273706962e-25,0
1,2,1555,0,0,2,0,1,2,3,1,0,0.24506276744083313,0,6.283185307179586,0.08325656894321945,31.433003110565995,-0.01,0.15,0.1,0.145,1,-0.7,0,0,0,0,0,0,0,0,0,0,0,0,-0.24491481170617155,-0.24491481170617155,-0.24491481170617155,-0.24491481170617155,0.00851439913854205,0.00851439913854205,0.00851439913854205,0.00851439913854205,1.0000000005210197,0,3.517751359973444e-25,0
1,2,1556,0,0,2,0,1,2,3,1,0,0.2450627674505711,0,6.283185307179586,0.08325656894321941,31.453003112565995,-0.01,0.15,0.1,0.145,1,-0.7,0,0,0,0,0,0,0,0,0,0,0,0,-0.24491481171595497,-0.24491481171595497,-0.24491481171595497,-0.24491481171595497,0.008514399137402876,0.008514399137402876,0.008514399137402876,0.008514399137402876,0.999999999924853,0,3.393724397213135e-25,0
1,2,1557,0,0,2,0,1,2,3,1,0,0.2450627674630001,0,6.283185307179586,0.08325656894321949,31.473003114565994,-0.01,0.15,0.1,0.145,1,-0.7,0,0,0,0,0,0,0,0,0,0,0,0,-0.24491481172844204,-0.24491481172844204,-0.24491481172844204,-0.24491481172844204,0.008514399135948916,0.008514399135948916,0.008514399135948916,0.008514399135948916,1.0000000000345324,0,3.2740703850049495e-25,0
1,2,1558,0,0,2,0,1,2,3,1,0,0.2450627674784055,0,6.283185307179586,0.08325656894321952,31.493003116565994,-0.01,0.15,0.1,0.145,1,-0.7,0,0,0,0,0,0,0,0,0,0,0,0,-0.2449148117439194,-0.2449148117439194,-0.2449148117439194,-0.2449148117439194,0.00851439913414673,0.00851439913414673,0.00851439913414673,0.00851439913414673,0.9999999999593925,0,3.1586350456982694e-25,0
1,2,1559,0,0,2,0,1,2,3,1,0,0.24506276744987246,0,6.283185307179586,0.08325656894321946,31.513003118565994,-0.01,0.15,0.1,0.145,1,-0.7,0,0,0,0,0,0,0,0,0,0,0,0,-0.2449148117152531,-0.2449148117152531,-0.2449148117152531,-0.2449148117152531,0.008514399137484623,0.008514399137484623,0.008514399137484623,0.008514399137484623,0.9999999998597815,0,3.0472696593302507e-25,0
1,2,1560,0,0,2,0,1,2,3,1,0,0.24506276742607513,0,6.283185307179586,0.08325656894321953,31.533003120565994,-0.01,0.15,0.1,0.145,1,-0.7,0,0,0,0,0,0,0,0,0,0,0,0,-0.2449148116913446,-0.2449148116913446,-0.2449148116913446,-0.2449148116913446,0.008514399140268523,0.008514399140268523,0.008514399140268523,0.008514399140268523,1.0000000002421388,0,2.9398307752911515e-25,0
1,2,1561,0,0,2,0,1,2,3,1,0,0.24506276745993952,0,6.283185307179586,0.08325656894321948,31.553003122565993,-0.01,0.15,0.1,0.145,1,-0.7,0,0,0,0,0,0,0,0,0,0,0,0,-0.24491481172536717,-0.24491481172536717,-0.24491481172536717,-0.24491481172536717,0.008514399136306916,0.008514399136306916,0.008514399136306916,0.008514399136306916,1.0000000003413803,0,2.8361798848718393e-25,0
1,2,1562,0,0,2,0,1,2,3,1,0,0.24506276745524852,0,6.283185307179586,0.08325656894321944,31.573003124565993,-0.01,0.15,0.1,0.145,1,-0.7,0,0,0,0,0,0,0,0,0,0,0,0,-0.24491481172065427,-0.24491481172065427,-0.24491481172065427,-0.24491481172065427,0.00851439913685572,0.00851439913685572,0.00851439913685572,0.00851439913685572,0.9999999998750582,0,2.736183409084618e-25,0
1,2,1563,0,0,2,0,1,2,3,1,0,0.245062767447238,0,6.283185307179586,0.08325656894321955,31.593003126565993,-0.01,0.15,0.1,0.145,1,-0.7,0,0,0,0,0,0,0,0,0,0,0,0,-0.24491481171260632,-0.24491481171260632,-0.24491481171260632,-0.24491481171260632,0.008514399137792818,0.008514399137792818,0.008514399137792818,0.008514399137792818,1.0000000000826788,0,2.6397126128003604e-25,0
1,2,1564,0,0,2,0,1,2,3,1,0,0.2450627674948444,0,6.283185307179586,0.0832565689432195,31.613003128565992,-0.01,0.15,0.1,0.145,1,-0.7,0,0,0,0,0,0,0,0,0,0,0,0,-0.24491481176043509,-0.24491481176043509,-0.24491481176043509,-0.24491481176043509,0.008514399132223634,0.008514399132223634,0.008514399132223634,0.008514399132223634,1.0000000001517648,0,2.546643115547872e-25,0
1,2,1565,0,0,2,0,1,2,3,1,0,0.24506276746831912,0,6.283185307179586,0.08325656894321948,31.633003130565992,-0.01,0.15,0.1,0.145,1,-0.7,0,0,0,0,0,0,0,0,0,0,0,0,-0.2449148117337859,-0.2449148117337859,-0.2449148117337859,-0.2449148117337859,0.00851439913532663,0.00851439913532663,0.00851439913532663,0.00851439913532663,0.9999999996131805,0,2.4568549636534357e-25,0
1,2,1566,0,0,2,0,1,2,3,1,0,0.24506276750279468,0,6.283185307179586,0.08325656894321941,31.653003132565992,-0.01,0.15,0.1,0.145,1,-0.7,0,0,0,0,0,0,0,0,0,0,0,0,-0.2449148117684225,-0.2449148117684225,-0.2449148117684225,-0.2449148117684225,0.008514399131293543,0.008514399131293543,0.008514399131293543,0.008514399131293543,1.0000000001319336,0,2.370232593082208e-25,0
1,2,1567,0,0,2,0,1,2,3,1,0,0.24506276746251138,0,6.283185307179586,0.08325656894321953,31.67300313456599,-0.01,0.15,0.1,0.145,1,-0.7,0,0,0,0,0,0,0,0,0,0,0,0,-0.24491481172795104,-0.24491481172795104,-0.24491481172795104,-0.24491481172795104,0.008514399136006072,0.008514399136006072,0.008514399136006072,0.008514399136006072,0.9999999996426965,0,2.2866642299828904e-25,0
1,2,1568,0,0,2,0,1,2,3,1,0,0.24506276743297453,0,6.283185307179586,0.08325656894321946,31.69300313656599,-0.01,0.15,0.1,0.145,1,-0.7,0,0,0,0,0,0,0,0,0,0,0,0,-0.24491481169827622,-0.24491481169827622,-0.24491481169827622,-0.24491481169827622,0.008514399139461393,0.008514399139461393,0.008514399139461393,0.008514399139461393,1.0000000002423732,0,2.20604235112761e-25,0
1,2,1569,0,0,2,0,1,2,3,1,0,0.24506276745033154,0,6.283185307179586,0.0832565689432195,31.71300313856599,-0.01,0.15,0.1,0.145,1,-0.7,0,0,0,0,0,0,0,0,0,0,0,0,-0.2449148117157143,-0.2449148117157143,-0.2449148117157143,-0.2449148117157143,0.008514399137430911,0.008514399137430911,0.008514399137430911,0.008514399137430911,1.0000000003424887,0,2.128262957786933e-25,0
1,2,1570,0,0,2,0,1,2,3,1,0,0.24506276738839314,0,6.283185307179586,0.08325656894321946,31.73300314056599,-0.01,0.15,0.1,0.145,1,-0.7,0,0,0,0,0,0,0,0,0,0,0,0,-0.24491481165348658,-0.24491481165348658,-0.24491481165348658,-0.24491481165348658,0.00851439914467671,0.00851439914467671,0.00851439914467671,0.00851439914467671,0.9999999999935341,0,2.05322583811349e-25,0
1,2,1571,0,0,2,0,1,2,3,1,0,0.24506276744452665,0,6.283185307179586,0.08325656894321948,31.75300314256599,-0.01,0.15,0.1,0.145,1,-0.7,0,0,0,0,0,0,0,0,0,0,0,0,-0.24491481170988233,-0.24491481170988233,-0.24491481170988233,-0.24491481170988233,0.008514399138110012,0.008514399138110012,0.008514399138110012,0.008514399138110012,1.0000000007309708,0,1.9808344031117853e-25,0
1,2,1572,0,0,2,0,1,2,3,1,0,0.24506276747287284,0,6.283185307179586,0.08325656894321953,31.77300314456599,-0.01,0.15,0.1,0.145,1,-0.7,0,0,0,0,0,0,0,0,0,0,0,0,-0.2449148117383609,-0.2449148117383609,-0.2449148117383609,-0.2449148117383609,0.00851439913479396,0.00851439913479396,0.00851439913479396,0.00851439913479396,0.9999999998267128,0,1.9109952031413367e-25,0
1,2,1573,0,0,2,0,1,2,3,1,0,0.24506276746266395,0,6.283185307179586,0.0832565689432195,31.79300314656599,-0.01,0.15,0.1,0.145,1,-0.7,0,0,0,0,0,0,0,0,0,0,0,0,-0.24491481172810434,-0.24491481172810434,-0.24491481172810434,-0.24491481172810434,0.008514399135988213,0.008514399135988213,0.008514399135988213,0.008514399135988213,0.9999999998293632,0,1.843618409340763e-25,0
1,2,1574,0,0,2,0,1,2,3,1,0,0.245062767415945,0,6.283185307179586,0.08325656894321948,31.81300314856599,-0.01,0.15,0.1,0.145,1,-0.7,0,0,0,0,0,0,0,0,0,0,0,0,-0.24491481168116713,-0.24491481168116713,-0.24491481168116713,-0.24491481168116713,0.008514399141453589,0.008514399141453589,0.008514399141453589,0.008514399141453589,1.0000000000826788,0,1.7786171631831266e-25,0
1,2,1575,0,0,2,0,1,2,3,1,0,0.24506276744722494,0,6.283185307179586,0.08325656894321941,31.83300315056599,-0.01,0.15,0.1,0.145,1,-0.7,0,0,0,0,0,0,0,0,0,0,0,0,-0.2449148117125932,-0.2449148117125932,-0.2449148117125932,-0.2449148117125932,0.00851439913779436,0.00851439913779436,0.00851439913779436,0.00851439913779436,1.0000000005161525,0,1.71590770372386e-25,0
1,2,1576,0,0,2,0,1,2,3,1,0,0.24506276743365416,0,6.283185307179586,0.08325656894321962,31.85300315256599,-0.01,0.15,0.1,0.145,1,-0.7,0,0,0,0,0,0,0,0,0,0,0,0,-0.244914811698959,-0.244914811698959,-0.244914811698959,-0.244914811698959,0.008514399139381915,0.008514399139381915,0.008514399139381915,0.008514399139381915,0.9999999999406555,0,1.655409165393567e-25,0
1,2,1577,0,0,2,0,1,2,3,1,0,0.24506276743558686,0,6.283185307179586,0.08325656894321937,31.87300315456599,-0.01,0.15,0.1,0.145,1,-0.7,0,0,0,0,0,0,0,0,0,0,0,0,-0.24491481170090076,-0.24491481170090076,-0.24491481170090076,-0.24491481170090076,0.008514399139155804,0.008514399139155804,0.008514399139155804,0.008514399139155804,1.000000000234742,0,1.597043695998216e-25,0
1,2,1578,0,0,2,0,1,2,3,1,0,0.2450627673947139,0,6.283185307179586,0.08325656894321956,31.89300315656599,-0.01,0.15,0.1,0.145,1,-0.7,0,0,0,0,0,0,0,0,0,0,0,0,-0.24491481165983686,-0.24491481165983686,-0.24491481165983686,-0.24491481165983686,0.008514399143937286,0.008514399143937286,0.008514399143937286,0.008514399143937286,1.000000000163766,0,1.540736023505381e-25,0
1,2,1579,0,0,2,0,1,2,3,1,0,0.24506276742617078,0,6.283185307179586,0.0832565689432194,31.91300315856599,-0.01,0.15,0.1,0.145,1,-0.7,0,0,0,0,0,0,0,0,0,0,0,0,-0.2449148116914407,-0.2449148116914407,-0.2449148116914407,-0.2449148116914407,0.00851439914025733,0.00851439914025733,0.00851439914025733,0.00851439914025733,1.0000000005916618,0,1.4864136404131362e-25,0
1,2,1580,0,0,2,0,1,2,3,1,0,0.2450627674157333,0,6.283185307179586,0.08325656894321948,31.93300316056599,-0.01,0.15,0.1,0.145,1,-0.7,0,0,0,0,0,0,0,0,0,0,0,0,-0.24491481168095444,-0.24491481168095444,-0.24491481168095444,-0.24491481168095444,0.008514399141478337,0.008514399141478337,0.008514399141478337,0.008514399141478337,1.000000000051763,0,1.4340064798669966e-25,0
1,2,1581,0,0,2,0,1,2,3,1,0,0.24506276741513003,0,6.283185307179586,0.08325656894321944,31.953003162565988,-0.01,0.15,0.1,0.145,1,-0.7,0,0,0,0,0,0,0,0,0,0,0,0,-0.24491481168034837,-0.24491481168034837,-0.24491481168034837,-0.24491481168034837,0.008514399141548909,0.008514399141548909,0.008514399141548909,0.008514399141548909,1.0000000003279013,0,1.383447098330369e-25,0
1,2,1582,0,0,2,0,1,2,3,1,0,0.24506276741960412,0,6.283185307179586,0.08325656894321953,31.973003164565988,-0.01,0.15,0.1,0.145,1,-0.7,0,0,0,0,0,0,0,0,0,0,0,0,-0.24491481168484336,-0.24491481168484336,-0.24491481168484336,-0.24491481168484336,0.00851439914102553,0.00851439914102553,0.00851439914102553,0.00851439914102553,1.0000000002801954,0,1.3346702969041643e-25,0
1,2,1583,0,0,2,0,1,2,3,1,0,0.24506276743482464,0,6.283185307179586,0.08325656894321952,31.993003166565988,-0.01,0.15,0.1,0.145,1,-0.7,0,0,0,0,0,0,0,0,0,0,0,0,-0.24491481170013496,-0.24491481170013496,-0.24491481170013496,-0.24491481170013496,0.008514399139244956,0.008514399139244956,0.008514399139244956,0.008514399139244956,1.0000000002347917,0,1.2876132404991926e-25,0
1,2,1584,0,0,2,0,1,2,3,1,0,0.2450627674527362,0,6.283185307179586,0.0832565689432194,32.01300316856599,-0.01,0.15,0.1,0.145,1,-0.7,0,0,0,0,0,0,0,0,0,0,0,0,-0.2449148117181302,-0.2449148117181302,-0.2449148117181302,-0.2449148117181302,0.008514399137149624,0.008514399137149624,0.008514399137149624,0.008514399137149624,1.000000000095909,0,1.2422152919875638e-25,0
1,2,1585,0,0,2,0,1,2,3,1,0,0.24506276747900804,0,6.283185307179586,0.0832565689432195,32.03300317056599,-0.01,0.15,0.1,0.145,1,-0.7,0,0,0,0,0,0,0,0,0,0,0,0,-0.24491481174452476,-0.24491481174452476,-0.24491481174452476,-0.24491481174452476,0.008514399134076237,0.008514399134076237,0.008514399134076237,0.008514399134076237,0.9999999999864855,0,1.198417960048404e-25,0
1,2,1586,0,0,2,0,1,2,3,1,0,0.24506276741855626,0,6.283185307179586,0.08325656894321948,32.053003172565994,-0.01,0.15,0.1,0.145,1,-0.7,0,0,0,0,0,0,0,0,0,0,0,0,-0.24491481168379062,-0.24491481168379062,-0.24491481168379062,-0.24491481168379062,0.008514399141148096,0.008514399141148096,0.008514399141148096,0.008514399141148096,0.9999999998021636,0,1.156164807265502e-25,0
1,2,1587,0,0,2,0,1,2,3,1,0,0.24506276742442398,0,6.283185307179586,0.08325656894321945,32.073003174566,-0.01,0.15,0.1,0.145,1,-0.7,0,0,0,0,0,0,0,0,0,0,0,0,-0.24491481168968574,-0.24491481168968574,-0.24491481168968574,-0.24491481168968574,0.008514399140461685,0.008514399140461685,0.008514399140461685,0.008514399140461685,1.000000000574289,0,1.1154014264770498e-25,0
1,2,1588,0,0,2,0,1,2,3,1,0,0.24506276744642178,0,6.283185307179586,0.08325656894321949,32.093003176566,-0.01,0.15,0.1,0.145,1,-0.7,0,0,0,0,0,0,0,0,0,0,0,0,-0.24491481171178628,-0.24491481171178628,-0.24491481171178628,-0.24491481171178628,0.008514399137888293,0.008514399137888293,0.008514399137888293,0.008514399137888293,1.0000000002025544,0,1.0760752175867125e-25,0
1,2,1589,0,0,2,0,1,2,3,1,0,0.24506276748216352,0,6.283185307179586,0.0832565689432195,32.113003178566004,-0.01,0.15,0.1,0.145,1,-0.7,0,0,0,0,0,0,0,0,0,0,0,0,-0.24491481174769497,-0.24491481174769497,-0.24491481174769497,-0.24491481174769497,0.008514399133707056,0.008514399133707056,0.008514399133707056,0.008514399133707056,0.9999999999920632,0,1.0381355564182859e-25,0
1,2,1590,0,0,2,0,1,2,3,1,0,0.24506276743180935,0,6.283185307179586,0.08325656894321933,32.13300318056601,-0.01,0.15,0.1,0.145,1,-0.7,0,0,0,0,0,0,0,0,0,0,0,0,-0.2449148116971056,-0.2449148116971056,-0.2449148116971056,-0.2449148116971056,0.008514399139597733,0.008514399139597733,0.008514399139597733,0.008514399139597733,0.9999999997395292,0,1.0015335487811687e-25,0
1,2,1591,0,0,2,0,1,2,3,1,0,0.24506276743820446,0,6.283185307179586,0.08325656894321969,32.15300318256601,-0.01,0.15,0.1,0.145,1,-0.7,0,0,0,0,0,0,0,0,0,0,0,0,-0.2449148117035306,-0.2449148117035306,-0.2449148117035306,-0.2449148117035306,0.008514399138849592,0.008514399138849592,0.008514399138849592,0.008514399138849592,1.0000000004614833,0,9.662220645467398e-26,0
1,2,1592,0,0,2,0,1,2,3,1,0,0.24506276744162167,0,6.283185307179586,0.08325656894321938,32.173003184566014,-0.01,0.15,0.1,0.145,1,-0.7,0,0,0,0,0,0,0,0,0,0,0,0,-0.24491481170696378,-0.24491481170696378,-0.24491481170696378,-0.24491481170696378,0.008514399138449796,0.008514399138449796,0.008514399138449796,0.008514399138449796,1.0000000001246008,0,9.321555407856728e-26,0
1,2,1593,0,0,2,0,1,2,3,1,0,0.24506276744744468,0,6.283185307179586,0.08325656894321952,32.19300318656602,-0.01,0.15,0.1,0.145,1,-0.7,0,0,0,0,0,0,0,0,0,0,0,0,-0.24491481171281396,-0.24491481171281396,-0.24491481171281396,-0.24491481171281396,0.008514399137768639,0.008514399137768639,0.008514399137768639,0.008514399137768639,1.0000000001226823,0,8.992901251617088e-26,0
1,2,1594,0,0,2,0,1,2,3,1,0,0.24506276745533187,0,6.283185307179586,0.08325656894321944,32.21300318856602,-0.01,0.15,0.1,0.145,1,-0.7,0,0,0,0,0,0,0,0,0,0,0,0,-0.244914811720738,-0.244914811720738,-0.244914811720738,-0.244914811720738,0.008514399136845978,0.008514399136845978,0.008514399136845978,0.008514399136845978,1.0000000000742801,0,8.675834587263062e-26,0
1,2,1595,0,0,2,0,1,2,3,1,0,0.2450627674267085,0,6.283185307179586,0.08325656894321957,32.23300319056602,-0.01,0.15,0.1,0.145,1,-0.7,0,0,0,0,0,0,0,0,0,0,0,0,-0.2449148116919809,-0.2449148116919809,-0.2449148116919809,-0.2449148116919809,0.008514399140194435,0.008514399140194435,0.008514399140194435,0.008514399140194435,1.0000000000335092,0,8.369946878966329e-26,0
1,2,1596,0,0,2,0,1,2,3,1,0,0.24506276745574632,0,6.283185307179586,0.08325656894321946,32.25300319256603,-0.01,0.15,0.1,0.145,1,-0.7,0,0,0,0,0,0,0,0,0,0,0,0,-0.24491481172115437,-0.24491481172115437,-0.24491481172115437,-0.24491481172115437,0.008514399136797466,0.008514399136797466,0.008514399136797466,0.008514399136797466,1.0000000003531824,0,8.074844090176033e-26,0
1,2,1597,0,0,2,0,1,2,3,1,0,0.2450627674408458,0,6.283185307179586,0.08325656894321935,32.27300319456603,-0.01,0.15,0.1,0.145,1,-0.7,0,0,0,0,0,0,0,0,0,0,0,0,-0.24491481170618426,-0.24491481170618426,-0.24491481170618426,-0.24491481170618426,0.008514399138540598,0.008514399138540598,0.008514399138540598,0.008514399138540598,0.9999999999199787,0,7.790145667026584e-26,0
1,2,1598,0,0,2,0,1,2,3,1,0,0.24506276741667135,0,6.283185307179586,0.08325656894321953,32.29300319656603,-0.01,0.15,0.1,0.145,1,-0.7,0,0,0,0,0,0,0,0,0,0,0,0,-0.24491481168189688,-0.24491481168189688,-0.24491481168189688,-0.24491481168189688,0.00851439914136864,0.00851439914136864,0.00851439914136864,0.00851439914136864,1.0000000002217746,0,7.515485168769347e-26,0
1,2,1599,0,0,2,0,1,2,3,1,0,0.2450627674190851,0,6.283185307179586,0.08325656894321948,32.31300319856604,-0.01,0.15,0.1,0.145,1,-0.7,0,0,0,0,0,0,0,0,0,0,0,0,-0.24491481168432191,-0.24491481168432191,-0.24491481168432191,-0.24491481168432191,0.008514399141086267,0.008514399141086267,0.008514399141086267,0.008514399141086267,1.000000000387395,0,7.250508462307662e-26,0
1,2,1600,0,0,2,0,1,2,3,1,0,0.24506276742623462,0,6.283185307179586,0.0832565689432195,32.33300320056604,-0.01,0.15,0.1,0.145,1,-0.7,0,0,0,0,0,0,0,0,0,0,0,0,-0.24491481169150484,-0.24491481169150484,-0.24491481169150484,-0.24491481169150484,0.008514399140249866,0.008514399140249866,0.008514399140249866,0.008514399140249866,1.0000000002403482,0,6.994874080418834e-26,0
1,2,1601,0,0,2,0,1,2,3,1,0,0.24506276739057792,0,6.283185307179586,0.08325656894321949,32.35300320256604,-0.01,0.15,0.1,0.145,1,-0.7,0,0,0,0,0,0,0,0,0,0,0,0,-0.24491481165568157,-0.24491481165568157,-0.24491481165568157,-0.24491481165568157,0.00851439914442113,0.00851439914442113,0.00851439914442113,0.00851439914442113,1.0000000001762643,0,6.748252732365962e-26,0
1,2,1602,0,0,2,0,1,2,3,1,0,0.24506276742725117,0,6.283185307179586,0.08325656894321952,32.37300320456605,-0.01,0.15,0.1,0.145,1,-0.7,0,0,0,0,0,0,0,0,0,0,0,0,-0.24491481169252613,-0.24491481169252613,-0.24491481169252613,-0.24491481169252613,0.008514399140130977,0.008514399140130977,0.008514399140130977,0.008514399140130977,1.000000000602796,0,6.510326720729496e-26,0
1,2,1603,0,0,2,0,1,2,3,1,0,0.24506276747199934,0,6.283185307179586,0.08325656894321962,32.39300320656605,-0.01,0.15,0.1,0.145,1,-0.7,0,0,0,0,0,0,0,0,0,0,0,0,-0.24491481173748333,-0.24491481173748333,-0.24491481173748333,-0.24491481173748333,0.008514399134896152,0.008514399134896152,0.008514399134896152,0.008514399134896152,1.0000000000219558,0,6.28078916885044e-26,0
1,2,1604,0,0,2,0,1,2,3,1,0,0.24506276743064923,0,6.283185307179586,0.08325656894321945,32.41300320856605,-0.01,0.15,0.1,0.145,1,-0.7,0,0,0,0,0,0,0,0,0,0,0,0,-0.24491481169594007,-0.24491481169594007,-0.24491481169594007,-0.24491481169594007,0.008514399139733408,0.008514399139733408,0.008514399139733408,0.008514399139733408,0.999999999756028,0,6.059344584169377e-26,0
1,2,1605,0,0,2,0,1,2,3,1,0,0.2450627675020297,0,6.283185307179586,0.08325656894321937,32.433003210566056,-0.01,0.15,0.1,0.145,1,-0.7,0,0,0,0,0,0,0,0,0,0,0,0,-0.24491481176765395,-0.24491481176765395,-0.24491481176765395,-0.24491481176765395,0.00851439913138308,0.00851439913138308,0.00851439913138308,0.00851439913138308,1.000000000405528,0,5.845707748188679e-26,0
1,2,1606,0,0,2,0,1,2,3,1,0,0.2450627674574049,0,6.283185307179586,0.08325656894321952,32.45300321256606,-0.01,0.15,0.1,0.145,1,-0.7,0,0,0,0,0,0,0,0,0,0,0,0,-0.2449148117228207,-0.2449148117228207,-0.2449148117228207,-0.2449148117228207,0.008514399136603457,0.008514399136603457,0.008514399136603457,0.008514399136603457,0.9999999994552695,0,5.639602898090264e-26,0
1,2,1607,0,0,2,0,1,2,3,1,0,0.2450627675048861,0,6.283185307179586,0.08325656894321953,32.47300321456606,-0.01,0.15,0.1,0.145,1,-0.7,0,0,0,0,0,0,0,0,0,0,0,0,-0.24491481177052368,-0.24491481177052368,-0.24491481177052368,-0.24491481177052368,0.008514399131048912,0.008514399131048912,0.008514399131048912,0.008514399131048912,1.00000000028043,0,5.440765100241075e-26,0
1,2,1608,0,0,2,0,1,2,3,1,0,0.24506276741964042,0,6.283185307179586,0.08325656894321942,32.493003216566066,-0.01,0.15,0.1,0.145,1,-0.7,0,0,0,0,0,0,0,0,0,0,0,0,-0.24491481168487983,-0.24491481168487983,-0.24491481168487983,-0.24491481168487983,0.008514399141021254,0.008514399141021254,0.008514399141021254,0.008514399141021254,0.999999999568935,0,5.24893754153798e-26,0
1,2,1609,0,0,2,0,1,2,3,1,0,0.24506276750272007,0,6.283185307179586,0.08325656894321949,32.51300321856607,-0.01,0.15,0.1,0.145,1,-0.7,0,0,0,0,0,0,0,0,0,0,0,0,-0.24491481176834756,-0.24491481176834756,-0.24491481176834756,-0.24491481176834756,0.008514399131302305,0.008514399131302305,0.008514399131302305,0.008514399131302305,1.0000000006996004,0,5.06387364221317e-26,0
1,2,1610,0,0,2,0,1,2,3,1,0,0.24506276745040112,0,6.283185307179586,0.08325656894321945,32.53300322056607,-0.01,0.15,0.1,0.145,1,-0.7,0,0,0,0,0,0,0,0,0,0,0,0,-0.24491481171578422,-0.24491481171578422,-0.24491481171578422,-0.24491481171578422,0.00851439913742277,0.00851439913742277,0.00851439913742277,0.00851439913742277,0.9999999993993995,0,4.885334226285973e-26,0
1,2,1611,0,0,2,0,1,2,3,1,0,0.24506276744497665,0,6.283185307179586,0.08325656894321952,32.553003222566076,-0.01,0.15,0.1,0.145,1,-0.7,0,0,0,0,0,0,0,0,0,0,0,0,-0.2449148117103344,-0.2449148117103344,-0.2449148117103344,-0.2449148117103344,0.008514399138057335,0.008514399138057335,0.008514399138057335,0.008514399138057335,1.0000000003604228,0,4.713090011085174e-26,0
1,2,1612,0,0,2,0,1,2,3,1,0,0.24506276743056346,0,6.283185307179586,0.08325656894321941,32.57300322456608,-0.01,0.15,0.1,0.145,1,-0.7,0,0,0,0,0,0,0,0,0,0,0,0,-0.24491481169585388,-0.24491481169585388,-0.24491481169585388,-0.24491481169585388,0.00851439913974349,0.00851439913974349,0.00851439913974349,0.00851439913974349,1.000000000147942,0,4.546918503363943e-26,0
1,2,1613,0,0,2,0,1,2,3,1,0,0.24506276746547115,0,6.283185307179586,0.0832565689432195,32.59300322656608,-0.01,0.15,0.1,0.145,1,-0.7,0,0,0,0,0,0,0,0,0,0,0,0,-0.24491481173092464,-0.24491481173092464,-0.24491481173092464,-0.24491481173092464,0.008514399135659842,0.008514399135659842,0.008514399135659842,0.008514399135659842,1.000000000282391,0,4.38660582659872e-26,0
1,2,1614,0,0,2,0,1,2,3,1,0,0.24506276746720762,0,6.283185307179586,0.08325656894321956,32.613003228566086,-0.01,0.15,0.1,0.145,1,-0.7,0,0,0,0,0,0,0,0,0,0,0,0,-0.2449148117326692,-0.2449148117326692,-0.2449148117326692,-0.2449148117326692,0.0085143991354567,0.0085143991354567,0.0085143991354567,0.0085143991354567,0.9999999998374562,0,4.231945285962727e-26,0
1,2,1615,0,0,2,0,1,2,3,1,0,0.24506276744411334,0,6.283185307179586,0.08325656894321952,32.63300323056609,-0.01,0.15,0.1,0.145,1,-0.7,0,0,0,0,0,0,0,0,0,0,0,0,-0.24491481170946708,-0.24491481170946708,-0.24491481170946708,-0.24491481170946708,0.008514399138158333,0.008514399138158333,0.008514399138158333,0.008514399138158333,0.9999999999958931,0,4.082737762084426e-26,0
1,2,1616,0,0,2,0,1,2,3,1,0,0.24506276743652258,0,6.283185307179586,0.08325656894321949,32.65300323256609,-0.01,0.15,0.1,0.145,1,-0.7,0,0,0,0,0,0,0,0,0,0,0,0,-0.24491481170184085,-0.24491481170184085,-0.24491481170184085,-0.24491481170184085,0.008514399139046338,0.008514399139046338,0.008514399139046338,0.008514399139046338,1.0000000002530527,0,3.9387909235262345e-26,0
1,2,1617,0,0,2,0,1,2,3,1,0,0.24506276744506206,0,6.283185307179586,0.08325656894321948,32.673003234566096,-0.01,0.15,0.1,0.145,1,-0.7,0,0,0,0,0,0,0,0,0,0,0,0,-0.2449148117104202,-0.2449148117104202,-0.2449148117104202,-0.2449148117104202,0.008514399138047368,0.008514399138047368,0.008514399138047368,0.008514399138047368,1.0000000002058584,0,3.799919244269366e-26,0
1,2,1618,0,0,2,0,1,2,3,1,0,0.24506276741170738,0,6.283185307179586,0.08325656894321955,32.6930032365661,-0.01,0.15,0.1,0.145,1,-0.7,0,0,0,0,0,0,0,0,0,0,0,0,-0.24491481167690973,-0.24491481167690973,-0.24491481167690973,-0.24491481167690973,0.00851439914194932,0.00851439914194932,0.00851439914194932,0.00851439914194932,1.000000000078849,0,3.665943814250297e-26,0
1,2,1619,0,0,2,0,1,2,3,1,0,0.24506276739775706,0,6.283185307179586,0.08325656894321938,32.7130032385661,-0.01,0.15,0.1,0.145,1,-0.7,0,0,0,0,0,0,0,0,0,0,0,0,-0.24491481166289428,-0.24491481166289428,-0.24491481166289428,-0.24491481166289428,0.00851439914358128,0.00851439914358128,0.00851439914358128,0.00851439914358128,1.0000000004675442,0,3.5366920753507605e-26,0
1,2,1620,0,0,2,0,1,2,3,1,0,0.24506276740825336,0,6.283185307179586,0.08325656894321956,32.733003240566106,-0.01,0.15,0.1,0.145,1,-0.7,0,0,0,0,0,0,0,0,0,0,0,0,-0.2449148116734396,-0.2449148116734396,-0.2449148116734396,-0.2449148116734396,0.008514399142353378,0.008514399142353378,0.008514399142353378,0.008514399142353378,1.0000000004413536,0,3.411997372982179e-26,0
1,2,1621,0,0,2,0,1,2,3,1,0,0.24506276746331362,0,6.283185307179586,0.08325656894321934,32.75300324256611,-0.01,0.15,0.1,0.145,1,-0.7,0,0,0,0,0,0,0,0,0,0,0,0,-0.24491481172875704,-0.24491481172875704,-0.24491481172875704,-0.24491481172875704,0.008514399135912235,0.008514399135912235,0.008514399135912235,0.008514399135912235,1.000000000267356,0,3.2916990697916484e-26,0
1,2,1622,0,0,2,0,1,2,3,1,0,0.24506276749149894,0,6.283185307179586,0.08325656894321962,32.77300324456611,-0.01,0.15,0.1,0.145,1,-0.7,0,0,0,0,0,0,0,0,0,0,0,0,-0.244914811757074,-0.244914811757074,-0.244914811757074,-0.244914811757074,0.008514399132614989,0.008514399132614989,0.008514399132614989,0.008514399132614989,0.9999999997406235,0,3.1756421420703245e-26,0
1,2,1623,0,0,2,0,1,2,3,1,0,0.24506276743925712,0,6.283185307179586,0.08325656894321946,32.793003246566116,-0.01,0.15,0.1,0.145,1,-0.7,0,0,0,0,0,0,0,0,0,0,0,0,-0.24491481170458818,-0.24491481170458818,-0.24491481170458818,-0.24491481170458818,0.008514399138726467,0.008514399138726467,0.008514399138726467,0.008514399138726467,0.9999999997331983,0,3.063677137546779e-26,0
1,2,1624,0,0,2,0,1,2,3,1,0,0.24506276744590663,0,6.283185307179586,0.08325656894321944,32.81300324856612,-0.01,0.15,0.1,0.145,1,-0.7,0,0,0,0,0,0,0,0,0,0,0,0,-0.24491481171126875,-0.24491481171126875,-0.24491481171126875,-0.24491481171126875,0.00851439913794853,0.00851439913794853,0.00851439913794853,0.00851439913794853,1.0000000004375806,0,2.955659799904773e-26,0
1,2,1625,0,0,2,0,1,2,3,1,0,0.24506276742618666,0,6.283185307179586,0.08325656894321946,32.83300325056612,-0.01,0.15,0.1,0.145,1,-0.7,0,0,0,0,0,0,0,0,0,0,0,0,-0.24491481169145665,-0.24491481169145665,-0.24491481169145665,-0.24491481169145665,0.008514399140255478,0.008514399140255478,0.008514399140255478,0.008514399140255478,1.0000000000897558,0,2.851450777767909e-26,0
1,2,1626,0,0,2,0,1,2,3,1,0,0.2450627674931891,0,6.283185307179586,0.08325656894321946,32.853003252566126,-0.01,0.15,0.1,0.145,1,-0.7,0,0,0,0,0,0,0,0,0,0,0,0,-0.24491481175877203,-0.24491481175877203,-0.24491481175877203,-0.24491481175877203,0.008514399132417284,0.008514399132417284,0.008514399132417284,0.008514399132417284,1.0000000003291447,0,2.750915952459022e-26,0
1,2,1627,0,0,2,0,1,2,3,1,0,0.24506276743313415,0,6.283185307179586,0.08325656894321949,32.87300325456613,-0.01,0.15,0.1,0.145,1,-0.7,0,0,0,0,0,0,0,0,0,0,0,0,-0.2449148116984366,-0.2449148116984366,-0.2449148116984366,-0.2449148116984366,0.008514399139442743,0.008514399139442743,0.008514399139442743,0.008514399139442743,0.999999999533614,0,2.653925635736893e-26,0
1,2,1628,0,0,2,0,1,2,3,1,0,0.24506276744569444,0,6.283185307179586,0.08325656894321945,32.89300325656613,-0.01,0.15,0.1,0.145,1,-0.7,0,0,0,0,0,0,0,0,0,0,0,0,-0.24491481171105556,-0.24491481171105556,-0.24491481171105556,-0.24491481171105556,0.008514399137973363,0.008514399137973363,0.008514399137973363,0.008514399137973363,1.0000000005011884,0,2.5603551010866145e-26,0
1,2,1629,0,0,2,0,1,2,3,1,0,0.24506276741249206,0,6.283185307179586,0.08325656894321946,32.913003258566135,-0.01,0.15,0.1,0.145,1,-0.7,0,0,0,0,0,0,0,0,0,0,0,0,-0.24491481167769807,-0.24491481167769807,-0.24491481167769807,-0.24491481167769807,0.008514399141857535,0.008514399141857535,0.008514399141857535,0.008514399141857535,1.000000000057355,0,2.4700835054823925e-26,0
1,2,1630,0,0,2,0,1,2,3,1,0,0.2450627674196022,0,6.283185307179586,0.08325656894321955,32.93300326056614,-0.01,0.15,0.1,0.145,1,-0.7,0,0,0,0,0,0,0,0,0,0,0,0,-0.24491481168484144,-0.24491481168484144,-0.24491481168484144,-0.24491481168484144,0.00851439914102578,0.00851439914102578,0.00851439914102578,0.00851439914102578,1.0000000004721699,0,2.3829947233779506e-26,0
1,2,1631,0,0,2,0,1,2,3,1,0,0.24506276744284236,0,6.283185307179586,0.08325656894321956,32.95300326256614,-0.01,0.15,0.1,0.145,1,-0.7,0,0,0,0,0,0,0,0,0,0,0,0,-0.24491481170819016,-0.24491481170819016,-0.24491481170819016,-0.24491481170819016,0.008514399138307023,0.008514399138307023,0.008514399138307023,0.008514399138307023,1.0000000002215899,0,2.2989764175561178e-26,0
1,2,1632,0,0,2,0,1,2,3,1,0,0.2450627674155627,0,6.283185307179586,0.08325656894321942,32.973003264566145,-0.01,0.15,0.1,0.145,1,-0.7,0,0,0,0,0,0,0,0,0,0,0,0,-0.24491481168078308,-0.24491481168078308,-0.24491481168078308,-0.24491481168078308,0.008514399141498333,0.008514399141498333,0.008514399141498333,0.008514399141498333,1.0000000000092797,0,2.2179203855688392e-26,0
1,2,1633,0,0,2,0,1,2,3,1,0,0.24506276749562808,0,6.283185307179586,0.08325656894321953,32.99300326656615,-0.01,0.15,0.1,0.145,1,-0.7,0,0,0,0,0,0,0,0,0,0,0,0,-0.24491481176122243,-0.24491481176122243,-0.24491481176122243,-0.24491481176122243,0.008514399132131955,0.008514399132131955,0.008514399132131955,0.008514399132131955,1.0000000004182326,0,2.1397222252059663e-26,0
1,2,1634,0,0,2,0,1,2,3,1,0,0.24506276749951797,0,6.283185307179586,0.0832565689432194,33.01300326856615,-0.01,0.15,0.1,0.145,1,-0.7,0,0,0,0,0,0,0,0,0,0,0,0,-0.2449148117651305,-0.2449148117651305,-0.2449148117651305,-0.2449148117651305,0.008514399131676887,0.008514399131676887,0.008514399131676887,0.008514399131676887,0.9999999994439221,0,2.0642810363568324e-26,0
1,2,1635,0,0,2,0,1,2,3,1,0,0.2450627674651388,0,6.283185307179586,0.08325656894321956,33.033003270566155,-0.01,0.15,0.1,0.145,1,-0.7,0,0,0,0,0,0,0,0,0,0,0,0,-0.24491481173059074,-0.24491481173059074,-0.24491481173059074,-0.24491481173059074,0.008514399135698686,0.008514399135698686,0.008514399135698686,0.008514399135698686,0.999999999830095,0,1.9914998018411815e-26,0
1,2,1636,0,0,2,0,1,2,3,1,0,0.2450627674361222,0,6.283185307179586,0.08325656894321942,33.05300327256616,-0.01,0.15,0.1,0.145,1,-0.7,0,0,0,0,0,0,0,0,0,0,0,0,-0.2449148117014386,-0.2449148117014386,-0.2449148117014386,-0.2449148117014386,0.008514399139093182,0.008514399139093182,0.008514399139093182,0.008514399139093182,1.0000000001970903,0,1.9212846464873194e-26,0
1,2,1637,0,0,2,0,1,2,3,1,0,0.24506276741155608,0,6.283185307179586,0.08325656894321952,33.07300327456616,-0.01,0.15,0.1,0.145,1,-0.7,0,0,0,0,0,0,0,0,0,0,0,0,-0.24491481167675774,-0.24491481167675774,-0.24491481167675774,-0.24491481167675774,0.008514399141967006,0.008514399141967006,0.008514399141967006,0.008514399141967006,1.000000000320938,0,1.853545081030257e-26,0
1,2,1638,0,0,2,0,1,2,3,1,0,0.24506276740066896,0,6.283185307179586,0.08325656894321949,33.093003276566165,-0.01,0.15,0.1,0.145,1,-0.7,0,0,0,0,0,0,0,0,0,0,0,0,-0.24491481166581977,-0.24491481166581977,-0.24491481166581977,-0.24491481166581977,0.008514399143240644,0.008514399143240644,0.008514399143240644,0.008514399143240644,1.0000000004202647,0,1.7881938377034384e-26,0
1,2,1639,0,0,2,0,1,2,3,1,0,0.24506276744653066,0,6.283185307179586,0.08325656894321952,33.11300327856617,-0.01,0.15,0.1,0.145,1,-0.7,0,0,0,0,0,0,0,0,0,0,0,0,-0.2449148117118957,-0.2449148117118957,-0.2449148117118957,-0.2449148117118957,0.00851439913787554,0.00851439913787554,0.00851439913787554,0.00851439913787554,1.0000000004158096,0,1.7251467047151203e-26,0
1,2,1640,0,0,2,0,1,2,3,1,0,0.24506276745859445,0,6.283185307179586,0.08325656894321937,33.13300328056617,-0.01,0.15,0.1,0.145,1,-0.7,0,0,0,0,0,0,0,0,0,0,0,0,-0.2449148117240158,-0.2449148117240158,-0.2449148117240158,-0.2449148117240158,0.008514399136464271,0.008514399136464271,0.008514399136464271,0.008514399136464271,0.9999999998796198,0,1.6643224233922176e-26,0
1,2,1641,0,0,2,0,1,2,3,1,0,0.24506276747964534,0,6.283185307179586,0.08325656894321957,33.153003282566175,-0.01,0.15,0.1,0.145,1,-0.7,0,0,0,0,0,0,0,0,0,0,0,0,-0.24491481174516505,-0.24491481174516505,-0.24491481174516505,-0.24491481174516505,0.008514399134001675,0.008514399134001675,0.008514399134001675,0.008514399134001675,0.9999999999928022,0,1.6056426858664404e-26,0
1,2,1642,0,0,2,0,1,2,3,1,0,0.24506276741368746,0,6.283185307179586,0.08325656894321948,33.17300328456618,-0.01,0.15,0.1,0.145,1,-0.7,0,0,0,0,0,0,0,0,0,0,0,0,-0.24491481167889906,-0.24491481167889906,-0.24491481167889906,-0.24491481167889906,0.008514399141717699,0.008514399141717699,0.008514399141717699,0.008514399141717699,0.9999999998378826,0,1.5490318314473868e-26,0
1,2,1643,0,0,2,0,1,2,3,1,0,0.24506276748879702,0,6.283185307179586,0.08325656894321944,33.19300328656618,-0.01,0.15,0.1,0.145,1,-0.7,0,0,0,0,0,0,0,0,0,0,0,0,-0.24491481175435945,-0.24491481175435945,-0.24491481175435945,-0.24491481175435945,0.008514399132931066,0.008514399132931066,0.008514399132931066,0.008514399132931066,1.0000000006387992,0,1.4944169782596753e-26,0
1,2,1644,0,0,2,0,1,2,3,1,0,0.2450627674422327,0,6.283185307179586,0.08325656894321941,33.213003288566185,-0.01,0.15,0.1,0.145,1,-0.7,0,0,0,0,0,0,0,0,0,0,0,0,-0.24491481170757765,-0.24491481170757765,-0.24491481170757765,-0.24491481170757765,0.008514399138378365,0.008514399138378365,0.008514399138378365,0.008514399138378365,0.9999999995004174,0,1.4417276113617135e-26,0
1,2,1645,0,0,2,0,1,2,3,1,0,0.24506276744766112,0,6.283185307179586,0.08325656894321952,33.23300329056619,-0.01,0.15,0.1,0.145,1,-0.7,0,0,0,0,0,0,0,0,0,0,0,0,-0.24491481171303142,-0.24491481171303142,-0.24491481171303142,-0.24491481171303142,0.008514399137743312,0.008514399137743312,0.008514399137743312,0.008514399137743312,1.0000000003801688,0,1.3908960309753234e-26,0
1,2,1646,0,0,2,0,1,2,3,1,0,0.2450627674219632,0,6.283185307179586,0.08325656894321953,33.25300329256619,-0.01,0.15,0.1,0.145,1,-0.7,0,0,0,0,0,0,0,0,0,0,0,0,-0.24491481168721346,-0.24491481168721346,-0.24491481168721346,-0.24491481168721346,0.008514399140749557,0.008514399140749557,0.008514399140749557,0.008514399140749557,1.0000000000854001,0,1.341856588017617e-26,0
1,2,1647,0,0,2,0,1,2,3,1,0,0.2450627674536406,0,6.283185307179586,0.08325656894321945,33.273003294566195,-0.01,0.15,0.1,0.145,1,-0.7,0,0,0,0,0,0,0,0,0,0,0,0,-0.24491481171903884,-0.24491481171903884,-0.24491481171903884,-0.24491481171903884,0.008514399137043799,0.008514399137043799,0.008514399137043799,0.008514399137043799,1.0000000003846594,0,1.2945461762113204e-26,0
1,2,1648,0,0,2,0,1,2,3,1,0,0.2450627674407524,0,6.283185307179586,0.08325656894321942,33.2930032965662,-0.01,0.15,0.1,0.145,1,-0.7,0,0,0,0,0,0,0,0,0,0,0,0,-0.24491481170609042,-0.24491481170609042,-0.24491481170609042,-0.24491481170609042,0.008514399138551532,0.008514399138551532,0.008514399138551532,0.008514399138551532,0.9999999999158717,0,1.2489037762349706e-26,0
1,2,1649,0,0,2,0,1,2,3,1,0,0.24506276747242775,0,6.283185307179586,0.0832565689432195,33.3130032985662,-0.01,0.15,0.1,0.145,1,-0.7,0,0,0,0,0,0,0,0,0,0,0,0,-0.24491481173791374,-0.24491481173791374,-0.24491481173791374,-0.24491481173791374,0.008514399134846022,0.008514399134846022,0.008514399134846022,0.008514399134846022,1.0000000002167795,0,1.2048706416220565e-26,0
1,2,1650,0,0,2,0,1,2,3,1,0,0.24506276743201502,0,6.283185307179586,0.08325656894321948,33.333003300566205,-0.01,0.15,0.1,0.145,1,-0.7,0,0,0,0,0,0,0,0,0,0,0,0,-0.24491481169731222,-0.24491481169731222,-0.24491481169731222,-0.24491481169731222,0.008514399139573647,0.008514399139573647,0.008514399139573647,0.008514399139573647,0.9999999998278497,0,1.1623899750906032e-26,0
1,2,1651,0,0,2,0,1,2,3,1,0,0.24506276743821104,0,6.283185307179586,0.08325656894321953,33.35300330256621,-0.01,0.15,0.1,0.145,1,-0.7,0,0,0,0,0,0,0,0,0,0,0,0,-0.24491481170353718,-0.24491481170353718,-0.24491481170353718,-0.24491481170353718,0.00851439913884882,0.00851439913884882,0.00851439913884882,0.00851439913884882,1.0000000004099903,0,1.1214071053052212e-26,0
1,2,1652,0,0,2,0,1,2,3,1,0,0.24506276740698466,0,6.283185307179586,0.0832565689432194,33.37300330456621,-0.01,0.15,0.1,0.145,1,-0.7,0,0,0,0,0,0,0,0,0,0,0,0,-0.24491481167216494,-0.24491481167216494,-0.24491481167216494,-0.24491481167216494,0.008514399142501784,0.008514399142501784,0.008514399142501784,0.008514399142501784,1.0000000001227534,0,1.0818691546420299e-26,0
1,2,1653,0,0,2,0,1,2,3,1,0,0.24506276743222202,0,6.283185307179586,0.08325656894321942,33.393003306566214,-0.01,0.15,0.1,0.145,1,-0.7,0,0,0,0,0,0,0,0,0,0,0,0,-0.2449148116975202,-0.2449148116975202,-0.2449148116975202,-0.2449148116975202,0.008514399139549407,0.008514399139549407,0.008514399139549407,0.008514399139549407,1.000000000489898,0,1.0437252331948953e-26,0
1,2,1654,0,0,2,0,1,2,3,1,0,0.2450627674655343,0,6.283185307179586,0.08325656894321949,33.41300330856622,-0.01,0.15,0.1,0.145,1,-0.7,0,0,0,0,0,0,0,0,0,0,0,0,-0.24491481173098809,-0.24491481173098809,-0.24491481173098809,-0.24491481173098809,0.008514399135652436,0.008514399135652436,0.008514399135652436,0.008514399135652436,1.0000000000706493,0,1.0069261418625454e-26,0
1,2,1655,0,0,2,0,1,2,3,1,0,0.24506276741183708,0,6.283185307179586,0.08325656894321957,33.43300331056622,-0.01,0.15,0.1,0.145,1,-0.7,0,0,0,0,0,0,0,0,0,0,0,0,-0.24491481167704005,-0.24491481167704005,-0.24491481167704005,-0.24491481167704005,0.008514399141934163,0.008514399141934163,0.008514399141934163,0.008514399141934163,0.9999999998617497,0,9.714244995086727e-27,0
1,2,1656,0,0,2,0,1,2,3,1,0,0.24506276747892425,0,6.283185307179586,0.08325656894321944,33.453003312566224,-0.01,0.15,0.1,0.145,1,-0.7,0,0,0,0,0,0,0,0,0,0,0,0,-0.24491481174444057,-0.24491481174444057,-0.24491481174444057,-0.24491481174444057,0.008514399134086,0.008514399134086,0.008514399134086,0.008514399134086,1.000000000576641,0,9.371745841197287e-27,0
1,2,1657,0,0,2,0,1,2,3,1,0,0.24506276747188002,0,6.283185307179586,0.08325656894321945,33.47300331456623,-0.01,0.15,0.1,0.145,1,-0.7,0,0,0,0,0,0,0,0,0,0,0,0,-0.24491481173736346,-0.24491481173736346,-0.24491481173736346,-0.24491481173736346,0.008514399134910098,0.008514399134910098,0.008514399134910098,0.008514399134910098,0.9999999996087965,0,9.04132180318643e-27,0
1,2,1658,0,0,2,0,1,2,3,1,0,0.24506276743433608,0,6.283185307179586,0.0832565689432196,33.49300331656623,-0.01,0.15,0.1,0.145,1,-0.7,0,0,0,0,0,0,0,0,0,0,0,0,-0.24491481169964413,-0.24491481169964413,-0.24491481169964413,-0.24491481169964413,0.008514399139302133,0.008514399139302133,0.008514399139302133,0.008514399139302133,1.0000000000312497,0,8.722548089821068e-27,0
1,2,1659,0,0,2,0,1,2,3,1,0,0.24506276746017872,0,6.283185307179586,0.08325656894321948,33.513003318566234,-0.01,0.15,0.1,0.145,1,-0.7,0,0,0,0,0,0,0,0,0,0,0,0,-0.24491481172560747,-0.24491481172560747,-0.24491481172560747,-0.24491481172560747,0.00851439913627896,0.00851439913627896,0.00851439913627896,0.00851439913627896,1.0000000003802967,0,8.415013497195022e-27,0
1,2,1660,0,0,2,0,1,2,3,1,0,0.24506276744145622,0,6.283185307179586,0.08325656894321945,33.53300332056624,-0.01,0.15,0.1,0.145,1,-0.7,0,0,0,0,0,0,0,0,0,0,0,0,-0.24491481170679752,-0.24491481170679752,-0.24491481170679752,-0.24491481170679752,0.008514399138469207,0.008514399138469207,0.008514399138469207,0.008514399138469207,0.999999999922224,0,8.118321559547839e-27,0
1,2,1661,0,0,2,0,1,2,3,1,0,0.2450627674780653,0,6.283185307179586,0.08325656894321956,33.55300332256624,-0.01,0.15,0.1,0.145,1,-0.7,0,0,0,0,0,0,0,0,0,0,0,0,-0.2449148117435776,-0.2449148117435776,-0.2449148117435776,-0.2449148117435776,0.008514399134186527,0.008514399134186527,0.008514399134186527,0.008514399134186527,1.0000000002451017,0,7.832090432592406e-27,0
1,2,1662,0,0,2,0,1,2,3,1,0,0.2450627674279507,0,6.283185307179586,0.08325656894321941,33.573003324566244,-0.01,0.15,0.1,0.145,1,-0.7,0,0,0,0,0,0,0,0,0,0,0,0,-0.24491481169322893,-0.24491481169322893,-0.24491481169322893,-0.24491481169322893,0.008514399140049093,0.008514399140049093,0.008514399140049093,0.008514399140049093,0.9999999997743743,0,7.555950873420873e-27,0
1,2,1663,0,0,2,0,1,2,3,1,0,0.24506276747350134,0,6.283185307179586,0.08325656894321944,33.59300332656625,-0.01,0.15,0.1,0.145,1,-0.7,0,0,0,0,0,0,0,0,0,0,0,0,-0.24491481173899232,-0.24491481173899232,-0.24491481173899232,-0.24491481173899232,0.008514399134720439,0.008514399134720439,0.008514399134720439,0.008514399134720439,1.0000000004715517,0,7.289547583613106e-27,0
1,2,1664,0,0,2,0,1,2,3,1,0,0.24506276743799776,0,6.283185307179586,0.0832565689432195,33.61300332856625,-0.01,0.15,0.1,0.145,1,-0.7,0,0,0,0,0,0,0,0,0,0,0,0,-0.2449148117033229,-0.2449148117033229,-0.2449148117033229,-0.2449148117033229,0.008514399138873767,0.008514399138873767,0.008514399138873767,0.008514399138873767,0.9999999997412345,0,7.032536642583555e-27,0
1,2,1665,0,0,2,0,1,2,3,1,0,0.24506276745477176,0,6.283185307179586,0.08325656894321945,33.633003330566254,-0.01,0.15,0.1,0.145,1,-0.7,0,0,0,0,0,0,0,0,0,0,0,0,-0.24491481172017526,-0.24491481172017526,-0.24491481172017526,-0.24491481172017526,0.008514399136911458,0.008514399136911458,0.008514399136911458,0.008514399136911458,1.0000000003480878,0,6.78458756118966e-27,0
1,2,1666,0,0,2,0,1,2,3,1,0,0.2450627674206841,0,6.283185307179586,0.08325656894321941,33.65300333256626,-0.01,0.15,0.1,0.145,1,-0.7,0,0,0,0,0,0,0,0,0,0,0,0,-0.2449148116859284,-0.2449148116859284,-0.2449148116859284,-0.2449148116859284,0.008514399140899163,0.008514399140899163,0.008514399140899163,0.008514399140899163,0.9999999999860094,0,6.545380311388132e-27,0
1,2,1667,0,0,2,0,1,2,3,1,0,0.24506276738475097,0,6.283185307179586,0.08325656894321949,33.67300333456626,-0.01,0.15,0.1,0.145,1,-0.7,0,0,0,0,0,0,0,0,0,0,0,0,-0.24491481164982742,-0.24491481164982742,-0.24491481164982742,-0.24491481164982742,0.00851439914510278,0.00851439914510278,0.00851439914510278,0.00851439914510278,1.0000000004317897,0,6.314607069373567e-27,0
1,2,1668,0,0,2,0,1,2,3,1,0,0.24506276742977423,0,6.283185307179586,0.08325656894321952,33.693003336566264,-0.01,0.15,0.1,0.145,1,-0.7,0,0,0,0,0,0,0,0,0,0,0,0,-0.24491481169506096,-0.24491481169506096,-0.24491481169506096,-0.24491481169506096,0.008514399139835812,0.008514399139835812,0.008514399139835812,0.008514399139835812,1.0000000006324825,0,6.091970246768266e-27,0
1,2,1669,0,0,2,0,1,2,3,1,0,0.24506276747840072,0,6.283185307179586,0.08325656894321955,33.71300333856627,-0.01,0.15,0.1,0.145,1,-0.7,0,0,0,0,0,0,0,0,0,0,0,0,-0.2449148117439146,-0.2449148117439146,-0.2449148117439146,-0.2449148117439146,0.00851439913414728,0.00851439913414728,0.00851439913414728,0.00851439913414728,0.9999999999728075,0,5.877182857543563e-27,0
1,2,1670,0,0,2,0,1,2,3,1,0,0.24506276749118502,0,6.283185307179586,0.08325656894321938,33.73300334056627,-0.01,0.15,0.1,0.145,1,-0.7,0,0,0,0,0,0,0,0,0,0,0,0,-0.2449148117567586,-0.2449148117567586,-0.2449148117567586,-0.2449148117567586,0.008514399132651713,0.008514399132651713,0.008514399132651713,0.008514399132651713,0.9999999997049756,0,5.6699683991698986e-27,0
1,2,1671,0,0,2,0,1,2,3,1,0,0.24506276737265906,0,6.283185307179586,0.08325656894321953,33.753003342566274,-0.01,0.15,0.1,0.145,1,-0.7,0,0,0,0,0,0,0,0,0,0,0,0,-0.24491481163767903,-0.24491481163767903,-0.24491481163767903,-0.24491481163767903,0.008514399146517339,0.008514399146517339,0.008514399146517339,0.008514399146517339,0.9999999998240696,0,5.470059865769938e-27,0
1,2,1672,0,0,2,0,1,2,3,1,0,0.24506276738408125,0,6.283185307179586,0.08325656894321944,33.77300334456628,-0.01,0.15,0.1,0.145,1,-0.7,0,0,0,0,0,0,0,0,0,0,0,0,-0.24491481164915455,-0.24491481164915455,-0.24491481164915455,-0.24491481164915455,0.008514399145181147,0.008514399145181147,0.008514399145181147,0.008514399145181147,1.0000000011091714,0,5.2771998049118166e-27,0
1,2,1673,0,0,2,0,1,2,3,1,0,0.24506276744812236,0,6.283185307179586,0.08325656894321952,33.79300334656628,-0.01,0.15,0.1,0.145,1,-0.7,0,0,0,0,0,0,0,0,0,0,0,0,-0.2449148117134948,-0.2449148117134948,-0.2449148117134948,-0.2449148117134948,0.00851439913768937,0.00851439913768937,0.00851439913768937,0.00851439913768937,1.0000000003890506,0,5.091139136782661e-27,0
1,2,1674,0,0,2,0,1,2,3,1,0,0.24506276742606753,0,6.283185307179586,0.08325656894321955,33.81300334856628,-0.01,0.15,0.1,0.145,1,-0.7,0,0,0,0,0,0,0,0,0,0,0,0,-0.24491481169133694,-0.24491481169133694,-0.24491481169133694,-0.24491481169133694,0.008514399140269425,0.008514399140269425,0.008514399140269425,0.008514399140269425,0.9999999997826805,0,4.9116385167908584e-27,0
1,2,1675,0,0,2,0,1,2,3,1,0,0.24506276746768527,0,6.283185307179586,0.08325656894321957,33.83300335056629,-0.01,0.15,0.1,0.145,1,-0.7,0,0,0,0,0,0,0,0,0,0,0,0,-0.2449148117331491,-0.2449148117331491,-0.2449148117331491,-0.2449148117331491,0.008514399135400787,0.008514399135400787,0.008514399135400787,0.008514399135400787,1.0000000003413803,0,4.7384668199317774e-27,0
1,2,1676,0,0,2,0,1,2,3,1,0,0.24506276741782235,0,6.283185307179586,0.08325656894321935,33.85300335256629,-0.01,0.15,0.1,0.145,1,-0.7,0,0,0,0,0,0,0,0,0,0,0,0,-0.24491481168305326,-0.24491481168305326,-0.24491481168305326,-0.24491481168305326,0.008514399141233977,0.008514399141233977,0.008514399141233977,0.008514399141233977,0.9999999997996554,0,4.5714005381953664e-27,0
1,2,1677,0,0,2,0,1,2,3,1,0,0.24506276741903943,0,6.283185307179586,0.08325656894321959,33.87300335456629,-0.01,0.15,0.1,0.145,1,-0.7,0,0,0,0,0,0,0,0,0,0,0,0,-0.24491481168427603,-0.24491481168427603,-0.24491481168427603,-0.24491481168427603,0.008514399141091597,0.008514399141091597,0.008514399141091597,0.008514399141091597,1.0000000005315002,0,4.410224780211091e-27,0
1,2,1678,0,0,2,0,1,2,3,1,0,0.24506276742561917,0,6.283185307179586,0.08325656894321944,33.8930033565663,-0.01,0.15,0.1,0.145,1,-0.7,0,0,0,0,0,0,0,0,0,0,0,0,-0.2449148116908865,-0.2449148116908865,-0.2449148116908865,-0.2449148116908865,0.00851439914032186,0.00851439914032186,0.00851439914032186,0.00851439914032186,1.0000000002637037,0,4.254731517132285e-27,0
1,2,1679,0,0,2,0,1,2,3,1,0,0.24506276742292485,0,6.283185307179586,0.08325656894321956,33.9130033585663,-0.01,0.15,0.1,0.145,1,-0.7,0,0,0,0,0,0,0,0,0,0,0,0,-0.2449148116881796,-0.2449148116881796,-0.2449148116881796,-0.2449148116881796,0.008514399140637067,0.008514399140637067,0.008514399140637067,0.008514399140637067,1.0000000002014815,0,4.10472057865056e-27,0
1,2,1680,0,0,2,0,1,2,3,1,0,0.24506276746955208,0,6.283185307179586,0.08325656894321946,33.9330033605663,-0.01,0.15,0.1,0.145,1,-0.7,0,0,0,0,0,0,0,0,0,0,0,0,-0.24491481173502463,-0.24491481173502463,-0.24491481173502463,-0.24491481173502463,0.008514399135182427,0.008514399135182427,0.008514399135182427,0.008514399135182427,1.0000000002538556,0,3.9599986584791605e-27,0
1,2,1681,0,0,2,0,1,2,3,1,0,0.24506276743008246,0,6.283185307179586,0.08325656894321944,33.95300336256631,-0.01,0.15,0.1,0.145,1,-0.7,0,0,0,0,0,0,0,0,0,0,0,0,-0.24491481169537066,-0.24491481169537066,-0.24491481169537066,-0.24491481169537066,0.008514399139799738,0.008514399139799738,0.008514399139799738,0.008514399139799738,0.9999999997669846,0,3.820379189052749e-27,0
1,2,1682,0,0,2,0,1,2,3,1,0,0.24506276738876734,0,6.283185307179586,0.08325656894321944,33.97300336456631,-0.01,0.15,0.1,0.145,1,-0.7,0,0,0,0,0,0,0,0,0,0,0,0,-0.24491481165386256,-0.24491481165386256,-0.24491481165386256,-0.24491481165386256,0.008514399144632935,0.008514399144632935,0.008514399144632935,0.008514399144632935,1.00000000041954,0,3.685682491145625e-27,0
1,2,1683,0,0,2,0,1,2,3,1,0,0.24506276738685265,0,6.283185307179586,0.08325656894321948,33.99300336656631,-0.01,0.15,0.1,0.145,1,-0.7,0,0,0,0,0,0,0,0,0,0,0,0,-0.2449148116519389,-0.2449148116519389,-0.2449148116519389,-0.2449148116519389,0.008514399144856896,0.008514399144856896,0.008514399144856896,0.008514399144856896,1.0000000006313527,0,3.555734798900166e-27,0
1,2,1684,0,0,2,0,1,2,3,1,0,0.24506276740462782,0,6.283185307179586,0.08325656894321941,34.01300336856632,-0.01,0.15,0.1,0.145,1,-0.7,0,0,0,0,0,0,0,0,0,0,0,0,-0.2449148116697971,-0.2449148116697971,-0.2449148116697971,-0.2449148116697971,0.008514399142777499,0.008514399142777499,0.008514399142777499,0.008514399142777499,1.0000000004356622,0,3.4303686793017234e-27,0
1,2,1685,0,0,2,0,1,2,3,1,0,0.24506276746696717,0,6.283185307179586,0.08325656894321946,34.03300337056632,-0.01,0.15,0.1,0.145,1,-0.7,0,0,0,0,0,0,0,0,0,0,0,0,-0.24491481173242763,-0.24491481173242763,-0.24491481173242763,-0.24491481173242763,0.00851439913548483,0.00851439913548483,0.00851439913548483,0.00851439913548483,1.000000000252264,0,3.309422648573945e-27,0
1,2,1686,0,0,2,0,1,2,3,1,0,0.24506276739566707,0,6.283185307179586,0.08325656894321956,34.05300337256632,-0.01,0.15,0.1,0.145,1,-0.7,0,0,0,0,0,0,0,0,0,0,0,0,-0.2449148116607945,-0.2449148116607945,-0.2449148116607945,-0.2449148116607945,0.008514399143825796,0.008514399143825796,0.008514399143825796,0.008514399143825796,0.9999999996944311,0,3.1927408264658935e-27,0
1,2,1687,0,0,2,0,1,2,3,1,0,0.2450627674594792,0,6.283185307179586,0.0832565689432195,34.073003374566326,-0.01,0.15,0.1,0.145,1,-0.7,0,0,0,0,0,0,0,0,0,0,0,0,-0.24491481172490467,-0.24491481172490467,-0.24491481172490467,-0.24491481172490467,0.008514399136360774,0.008514399136360774,0.008514399136360774,0.008514399136360774,1.0000000007682104,0,3.080173078924073e-27,0
1,2,1688,0,0,2,0,1,2,3,1,0,0.24506276747668063,0,6.283185307179586,0.0832565689432195,34.09300337656633,-0.01,0.15,0.1,0.145,1,-0.7,0,0,0,0,0,0,0,0,0,0,0,0,-0.2449148117421865,-0.2449148117421865,-0.2449148117421865,-0.2449148117421865,0.008514399134348486,0.008514399134348486,0.008514399134348486,0.008514399134348486,0.999999999731152,0,2.971573964636998e-27,0
1,2,1689,0,0,2,0,1,2,3,1,0,0.24506276744994301,0,6.283185307179586,0.0832565689432194,34.11300337856633,-0.01,0.15,0.1,0.145,1,-0.7,0,0,0,0,0,0,0,0,0,0,0,0,-0.24491481171532398,-0.24491481171532398,-0.24491481171532398,-0.24491481171532398,0.008514399137476371,0.008514399137476371,0.008514399137476371,0.008514399137476371,0.9999999998785185,0,2.8668038967635395e-27,0
1,2,1690,0,0,2,0,1,2,3,1,0,0.245062767473153,0,6.283185307179586,0.08325656894321956,34.133003380566336,-0.01,0.15,0.1,0.145,1,-0.7,0,0,0,0,0,0,0,0,0,0,0,0,-0.24491481173864238,-0.24491481173864238,-0.24491481173864238,-0.24491481173864238,0.008514399134761189,0.008514399134761189,0.008514399134761189,0.008514399134761189,1.0000000002403482,0,2.765727772779775e-27,0
1,2,1691,0,0,2,0,1,2,3,1,0,0.24506276746319194,0,6.283185307179586,0.08325656894321959,34.15300338256634,-0.01,0.15,0.1,0.145,1,-0.7,0,0,0,0,0,0,0,0,0,0,0,0,-0.24491481172863477,-0.24491481172863477,-0.24491481172863477,-0.24491481172863477,0.008514399135926474,0.008514399135926474,0.008514399135926474,0.008514399135926474,0.9999999998680522,0,2.6682152644217987e-27,0
1,2,1692,0,0,2,0,1,2,3,1,0,0.24506276741133665,0,6.283185307179586,0.08325656894321938,34.17300338456634,-0.01,0.15,0.1,0.145,1,-0.7,0,0,0,0,0,0,0,0,0,0,0,0,-0.24491481167653725,-0.24491481167653725,-0.24491481167653725,-0.24491481167653725,0.008514399141992686,0.008514399141992686,0.008514399141992686,0.008514399141992686,1.0000000001022116,0,2.574140851690511e-27,0
1,2,1693,0,0,2,0,1,2,3,1,0,0.24506276750718362,0,6.283185307179586,0.08325656894321946,34.193003386566346,-0.01,0.15,0.1,0.145,1,-0.7,0,0,0,0,0,0,0,0,0,0,0,0,-0.24491481177283195,-0.24491481177283195,-0.24491481177283195,-0.24491481177283195,0.008514399130780162,0.008514399130780162,0.008514399130780162,0.008514399130780162,1.0000000005765841,0,2.4833832834299396e-27,0
1,2,1694,0,0,2,0,1,2,3,1,0,0.2450627674793132,0,6.283185307179586,0.08325656894321957,34.21300338856635,-0.01,0.15,0.1,0.145,1,-0.7,0,0,0,0,0,0,0,0,0,0,0,0,-0.24491481174483135,-0.24491481174483135,-0.24491481174483135,-0.24491481174483135,0.008514399134040536,0.008514399134040536,0.008514399134040536,0.008514399134040536,0.9999999993079314,0,2.3958254489161865e-27,0
1,2,1695,0,0,2,0,1,2,3,1,0,0.24506276745350702,0,6.283185307179586,0.08325656894321935,34.23300339056635,-0.01,0.15,0.1,0.145,1,-0.7,0,0,0,0,0,0,0,0,0,0,0,0,-0.24491481171890464,-0.24491481171890464,-0.24491481171890464,-0.24491481171890464,0.008514399137059415,0.008514399137059415,0.008514399137059415,0.008514399137059415,1.0000000001023253,0,2.311354845821508e-27,0
1,2,1696,0,0,2,0,1,2,3,1,0,0.2450627674330635,0,6.283185307179586,0.08325656894321957,34.253003392566356,-0.01,0.15,0.1,0.145,1,-0.7,0,0,0,0,0,0,0,0,0,0,0,0,-0.2449148116983656,-0.2449148116983656,-0.2449148116983656,-0.2449148116983656,0.008514399139451005,0.008514399139451005,0.008514399139451005,0.008514399139451005,1.0000000002247944,0,2.229862406640649e-27,0
1,2,1697,0,0,2,0,1,2,3,1,0,0.24506276747629152,0,6.283185307179586,0.08325656894321948,34.27300339456636,-0.01,0.15,0.1,0.145,1,-0.7,0,0,0,0,0,0,0,0,0,0,0,0,-0.24491481174179555,-0.24491481174179555,-0.24491481174179555,-0.24491481174179555,0.008514399134393988,0.008514399134393988,0.008514399134393988,0.008514399134393988,1.0000000003010712,0,2.1512431783882825e-27,0
1,2,1698,0,0,2,0,1,2,3,1,0,0.2450627674815353,0,6.283185307179586,0.08325656894321935,34.29300339656636,-0.01,0.15,0.1,0.145,1,-0.7,0,0,0,0,0,0,0,0,0,0,0,0,-0.24491481174706384,-0.24491481174706384,-0.24491481174706384,-0.24491481174706384,0.008514399133780593,0.008514399133780593,0.008514399133780593,0.008514399133780593,0.9999999997495408,0,2.0753958171850262e-27,0
1,2,1699,0,0,2,0,1,2,3,1,0,0.24506276745298106,0,6.283185307179586,0.08325656894321962,34.313003398566366,-0.01,0.15,0.1,0.145,1,-0.7,0,0,0,0,0,0,0,0,0,0,0,0,-0.2449148117183762,-0.2449148117183762,-0.2449148117183762,-0.2449148117183762,0.00851439913712098,0.00851439913712098,0.00851439913712098,0.00851439913712098,0.9999999999195879,0,2.002222690929832e-27,0
1,2,1700,0,0,2,0,1,2,3,1,0,0.2450627674689907,0,6.283185307179586,0.08325656894321944,34.33300340056637,-0.01,0.15,0.1,0.145,1,-0.7,0,0,0,0,0,0,0,0,0,0,0,0,-0.2449148117344606,-0.2449148117344606,-0.2449148117344606,-0.2449148117344606,0.008514399135248112,0.008514399135248112,0.008514399135248112,0.008514399135248112,1.0000000002390408,0,1.9316294714232062e-27,0
1,2,1701,0,0,2,0,1,2,3,1,0,0.24506276745120206,0,6.283185307179586,0.0832565689432195,34.35300340256637,-0.01,0.15,0.1,0.145,1,-0.7,0,0,0,0,0,0,0,0,0,0,0,0,-0.24491481171658888,-0.24491481171658888,-0.24491481171658888,-0.24491481171658888,0.00851439913732906,0.00851439913732906,0.00851439913732906,0.00851439913732906,0.9999999999293365,0,1.8635251461798468e-27,0
1,2,1702,0,0,2,0,1,2,3,1,0,0.24506276743456545,0,6.283185307179586,0.08325656894321949,34.373003404566376,-0.01,0.15,0.1,0.145,1,-0.7,0,0,0,0,0,0,0,0,0,0,0,0,-0.24491481169987458,-0.24491481169987458,-0.24491481169987458,-0.24491481169987458,0.008514399139275272,0.008514399139275272,0.008514399139275272,0.008514399139275272,1.0000000001868727,0,1.7978220417310933e-27,0
1,2,1703,0,0,2,0,1,2,3,1,0,0.2450627674280484,0,6.283185307179586,0.08325656894321938,34.39300340656638,-0.01,0.15,0.1,0.145,1,-0.7,0,0,0,0,0,0,0,0,0,0,0,0,-0.24491481169332707,-0.24491481169332707,-0.24491481169332707,-0.24491481169332707,0.008514399140037664,0.008514399140037664,0.008514399140037664,0.008514399140037664,1.0000000002716476,0,1.7344354485834697e-27,0
1,2,1704,0,0,2,0,1,2,3,1,0,0.24506276746546832,0,6.283185307179586,0.08325656894321946,34.41300340856638,-0.01,0.15,0.1,0.145,1,-0.7,0,0,0,0,0,0,0,0,0,0,0,0,-0.24491481173092178,-0.24491481173092178,-0.24491481173092178,-0.24491481173092178,0.008514399135660178,0.008514399135660178,0.008514399135660178,0.008514399135660178,1.0000000002614655,0,1.6732836983532315e-27,0
1,2,1705,0,0,2,0,1,2,3,1,0,0.24506276747538625,0,6.283185307179586,0.08325656894321964,34.433003410566386,-0.01,0.15,0.1,0.145,1,-0.7,0,0,0,0,0,0,0,0,0,0,0,0,-0.24491481174088606,-0.24491481174088606,-0.24491481174088606,-0.24491481174088606,0.008514399134499891,0.008514399134499891,0.008514399134499891,0.008514399134499891,0.9999999998496563,0,1.6142879797074527e-27,0
1,2,1706,0,0,2,0,1,2,3,1,0,0.2450627674407382,0,6.283185307179586,0.0832565689432193,34.45300341256639,-0.01,0.15,0.1,0.145,1,-0.7,0,0,0,0,0,0,0,0,0,0,0,0,-0.24491481170607618,-0.24491481170607618,-0.24491481170607618,-0.24491481170607618,0.008514399138553183,0.008514399138553183,0.008514399138553183,0.008514399138553183,0.9999999999111893,0,1.5573723273473221e-27,0
1,2,1707,0,0,2,0,1,2,3,1,0,0.2450627674697622,0,6.283185307179586,0.08325656894321956,34.47300341456639,-0.01,0.15,0.1,0.145,1,-0.7,0,0,0,0,0,0,0,0,0,0,0,0,-0.24491481173523572,-0.24491481173523572,-0.24491481173523572,-0.24491481173523572,0.00851439913515783,0.00851439913515783,0.00851439913515783,0.00851439913515783,1.0000000003503544,0,1.5024633914735273e-27,0
1,2,1708,0,0,2,0,1,2,3,1,0,0.24506276736719165,0,6.283185307179586,0.08325656894321955,34.493003416566395,-0.01,0.15,0.1,0.145,1,-0.7,0,0,0,0,0,0,0,0,0,0,0,0,-0.2449148116321861,-0.2449148116321861,-0.2449148116321861,-0.2449148116321861,0.008514399147156938,0.008514399147156938,0.008514399147156938,0.008514399147156938,0.9999999998601723,0,1.4494903584638637e-27,0
1,2,1709,0,0,2,0,1,2,3,1,0,0.24506276740149152,0,6.283185307179586,0.08325656894321944,34.5130034185664,-0.01,0.15,0.1,0.145,1,-0.7,0,0,0,0,0,0,0,0,0,0,0,0,-0.24491481166664616,-0.24491481166664616,-0.24491481166664616,-0.24491481166664616,0.00851439914314439,0.00851439914314439,0.00851439914314439,0.00851439914314439,1.0000000010676544,0,1.3983851018753782e-27,0
1,2,1710,0,0,2,0,1,2,3,1,0,0.24506276739298552,0,6.283185307179586,0.08325656894321942,34.5330034205664,-0.01,0.15,0.1,0.145,1,-0.7,0,0,0,0,0,0,0,0,0,0,0,0,-0.24491481165810045,-0.24491481165810045,-0.24491481165810045,-0.24491481165810045,0.008514399144139475,0.008514399144139475,0.008514399144139475,0.008514399144139475,1.0000000001836895,0,1.3490815852524717e-27,0
1,2,1711,0,0,2,0,1,2,3,1,0,0.24506276740892627,0,6.283185307179586,0.08325656894321948,34.553003422566405,-0.01,0.15,0.1,0.145,1,-0.7,0,0,0,0,0,0,0,0,0,0,0,0,-0.24491481167411563,-0.24491481167411563,-0.24491481167411563,-0.24491481167411563,0.00851439914227465,0.00851439914227465,0.00851439914227465,0.00851439914227465,1.0000000004428742,0,1.3015164378242111e-27,0
1,2,1712,0,0,2,0,1,2,3,1,0,0.24506276743022964,0,6.283185307179586,0.08325656894321946,34.57300342456641,-0.01,0.15,0.1,0.145,1,-0.7,0,0,0,0,0,0,0,0,0,0,0,0,-0.24491481169551851,-0.24491481169551851,-0.24491481169551851,-0.24491481169551851,0.008514399139782514,0.008514399139782514,0.008514399139782514,0.008514399139782514,1.000000000238046,0,1.2556282944424088e-27,0
1,2,1713,0,0,2,0,1,2,3,1,0,0.24506276741977992,0,6.283185307179586,0.08325656894321938,34.59300342656641,-0.01,0.15,0.1,0.145,1,-0.7,0,0,0,0,0,0,0,0,0,0,0,0,-0.24491481168502,-0.24491481168502,-0.24491481168502,-0.24491481168502,0.008514399141004951,0.008514399141004951,0.008514399141004951,0.008514399141004951,1.000000000093216,0,1.2113580527278456e-27,0
1,2,1714,0,0,2,0,1,2,3,1,0,0.2450627674730023,0,6.283185307179586,0.08325656894321942,34.613003428566415,-0.01,0.15,0.1,0.145,1,-0.7,0,0,0,0,0,0,0,0,0,0,0,0,-0.24491481173849095,-0.24491481173849095,-0.24491481173849095,-0.24491481173849095,0.008514399134778795,0.008514399134778795,0.008514399134778795,0.008514399134778795,1.000000000330317,0,1.1686486809847971e-27,0
1,2,1715,0,0,2,0,1,2,3,1,0,0.24506276738657465,0,6.283185307179586,0.0832565689432195,34.63300343056642,-0.01,0.15,0.1,0.145,1,-0.7,0,0,0,0,0,0,0,0,0,0,0,0,-0.2449148116516596,-0.2449148116516596,-0.2449148116516596,-0.2449148116516596,0.008514399144889427,0.008514399144889427,0.008514399144889427,0.008514399144889427,0.9999999997087414,0,1.1274450996087335e-27,0
1,2,1716,0,0,2,0,1,2,3,1,0,0.24506276743434582,0,6.283185307179586,0.08325656894321946,34.65300343256642,-0.01,0.15,0.1,0.145,1,-0.7,0,0,0,0,0,0,0,0,0,0,0,0,-0.24491481169965393,-0.24491481169965393,-0.24491481169965393,-0.24491481169965393,0.008514399139300965,0.008514399139300965,0.008514399139300965,0.008514399139300965,1.0000000008904166,0,1.0876943190570319e-27,0
1,2,1717,0,0,2,0,1,2,3,1,0,0.24506276744803374,0,6.283185307179586,0.08325656894321944,34.673003434566425,-0.01,0.15,0.1,0.145,1,-0.7,0,0,0,0,0,0,0,0,0,0,0,0,-0.2449148117134058,-0.2449148117134058,-0.2449148117134058,-0.2449148117134058,0.008514399137699741,0.008514399137699741,0.008514399137699741,0.008514399137699741,0.9999999999531752,0,1.0493449702792572e-27,0
1,2,1718,0,0,2,0,1,2,3,1,0,0.2450627674650397,0,6.283185307179586,0.08325656894321956,34.69300343656643,-0.01,0.15,0.1,0.145,1,-0.7,0,0,0,0,0,0,0,0,0,0,0,0,-0.24491481173049115,-0.24491481173049115,-0.24491481173049115,-0.24491481173049115,0.00851439913571032,0.00851439913571032,0.00851439913571032,0.00851439913571032,1.0000000000516494,0,1.0123477594825474e-27,0
1,2,1719,0,0,2,0,1,2,3,1,0,0.24506276744707484,0,6.283185307179586,0.08325656894321953,34.71300343856643,-0.01,0.15,0.1,0.145,1,-0.7,0,0,0,0,0,0,0,0,0,0,0,0,-0.2449148117124424,-0.2449148117124424,-0.2449148117124424,-0.2449148117124424,0.008514399137811891,0.008514399137811891,0.008514399137811891,0.008514399137811891,0.9999999999458353,0,9.766549682010728e-28,0
1,2,1720,0,0,2,0,1,2,3,1,0,0.24506276743384572,0,6.283185307179586,0.08325656894321949,34.733003440566435,-0.01,0.15,0.1,0.145,1,-0.7,0,0,0,0,0,0,0,0,0,0,0,0,-0.24491481169915147,-0.24491481169915147,-0.24491481169915147,-0.24491481169915147,0.008514399139359474,0.008514399139359474,0.008514399139359474,0.008514399139359474,1.0000000002247944,0,9.422206258810059e-28,0
1,2,1721,0,0,2,0,1,2,3,1,0,0.24506276746518071,0,6.283185307179586,0.0832565689432194,34.75300344256644,-0.01,0.15,0.1,0.145,1,-0.7,0,0,0,0,0,0,0,0,0,0,0,0,-0.24491481173063284,-0.24491481173063284,-0.24491481173063284,-0.24491481173063284,0.00851439913569378,0.00851439913569378,0.00851439913569378,0.00851439913569378,1.0000000002719318,0,9.090003426104591e-28,0
1,2,1722,0,0,2,0,1,2,3,1,0,0.2450627674579608,0,6.283185307179586,0.08325656894321956,34.77300344456644,-0.01,0.15,0.1,0.145,1,-0.7,0,0,0,0,0,0,0,0,0,0,0,0,-0.2449148117233792,-0.2449148117233792,-0.2449148117233792,-0.2449148117233792,0.008514399136538422,0.008514399136538422,0.008514399136538422,0.008514399136538422,0.999999999878348,0,8.76951307938836e-28,0
1,2,1723,0,0,2,0,1,2,3,1,0,0.245062767453432,0,6.283185307179586,0.08325656894321953,34.793003446566445,-0.01,0.15,0.1,0.145,1,-0.7,0,0,0,0,0,0,0,0,0,0,0,0,-0.24491481171882926,-0.24491481171882926,-0.24491481171882926,-0.24491481171882926,0.008514399137068182,0.008514399137068182,0.008514399137068182,0.008514399137068182,1.000000000101167,0,8.46032259174787e-28,0
1,2,1724,0,0,2,0,1,2,3,1,0,0.24506276740672422,0,6.283185307179586,0.08325656894321933,34.81300344856645,-0.01,0.15,0.1,0.145,1,-0.7,0,0,0,0,0,0,0,0,0,0,0,0,-0.2449148116719033,-0.2449148116719033,-0.2449148116719033,-0.2449148116719033,0.00851439914253226,0.00851439914253226,0.00851439914253226,0.00851439914253226,1.0000000001143619,0,8.16203330089439e-28,0
1,2,1725,0,0,2,0,1,2,3,1,0,0.24506276743234634,0,6.283185307179586,0.08325656894321953,34.83300345056645,-0.01,0.15,0.1,0.145,1,-0.7,0,0,0,0,0,0,0,0,0,0,0,0,-0.2449148116976451,-0.2449148116976451,-0.2449148116976451,-0.2449148116976451,0.008514399139534905,0.008514399139534905,0.008514399139534905,0.008514399139534905,1.0000000005786092,0,7.874261050534135e-28,0
1,2,1726,0,0,2,0,1,2,3,1,0,0.24506276736761967,0,6.283185307179586,0.08325656894321959,34.853003452566455,-0.01,0.15,0.1,0.145,1,-0.7,0,0,0,0,0,0,0,0,0,0,0,0,-0.24491481163261608,-0.24491481163261608,-0.24491481163261608,-0.24491481163261608,0.008514399147106869,0.008514399147106869,0.008514399147106869,0.008514399147106869,1.0000000000726743,0,7.596634649976926e-28,0
1,2,1727,0,0,2,0,1,2,3,1,0,0.24506276742481034,0,6.283185307179586,0.08325656894321942,34.87300345456646,-0.01,0.15,0.1,0.145,1,-0.7,0,0,0,0,0,0,0,0,0,0,0,0,-0.2449148116900739,-0.2449148116900739,-0.2449148116900739,-0.2449148116900739,0.008514399140416459,0.008514399140416459,0.008514399140416459,0.008514399140416459,1.000000000871097,0,7.328796986326017e-28,0
1,2,1728,0,0,2,0,1,2,3,1,0,0.24506276744791783,0,6.283185307179586,0.0832565689432194,34.89300345656646,-0.01,0.15,0.1,0.145,1,-0.7,0,0,0,0,0,0,0,0,0,0,0,0,-0.24491481171328933,-0.24491481171328933,-0.24491481171328933,-0.24491481171328933,0.008514399137713277,0.008514399137713277,0.008514399137713277,0.008514399137713277,0.9999999999546674,0,7.0704021556876855e-28,0
1,2,1729,0,0,2,0,1,2,3,1,0,0.24506276738697275,0,6.283185307179586,0.08325656894321957,34.913003458566465,-0.01,0.15,0.1,0.145,1,-0.7,0,0,0,0,0,0,0,0,0,0,0,0,-0.24491481165205956,-0.24491481165205956,-0.24491481165205956,-0.24491481165205956,0.00851439914484287,0.00851439914484287,0.00851439914484287,0.00851439914484287,1.0000000000000568,0,6.821117908385949e-28,0
1,2,1730,0,0,2,0,1,2,3,1,0,0.2450627674327048,0,6.283185307179586,0.08325656894321942,34.93300346056647,-0.01,0.15,0.1,0.145,1,-0.7,0,0,0,0,0,0,0,0,0,0,0,0,-0.24491481169800525,-0.24491481169800525,-0.24491481169800525,-0.24491481169800525,0.008514399139492979,0.008514399139492979,0.008514399139492979,0.008514399139492979,1.0000000007549446,0,6.580622944904681e-28,0
1,2,1731,0,0,2,0,1,2,3,1,0,0.24506276745360625,0,6.283185307179586,0.08325656894321949,34.95300346256647,-0.01,0.15,0.1,0.145,1,-0.7,0,0,0,0,0,0,0,0,0,0,0,0,-0.2449148117190043,-0.2449148117190043,-0.2449148117190043,-0.2449148117190043,0.008514399137047822,0.008514399137047822,0.008514399137047822,0.008514399137047822,0.9999999999630589,0,6.348606867627575e-28,0
1,2,1732,0,0,2,0,1,2,3,1,0,0.2450627674242732,0,6.283185307179586,0.08325656894321945,34.973003464566474,-0.01,0.15,0.1,0.145,1,-0.7,0,0,0,0,0,0,0,0,0,0,0,0,-0.24491481168953425,-0.24491481168953425,-0.24491481168953425,-0.24491481168953425,0.008514399140479295,0.008514399140479295,0.008514399140479295,0.008514399140479295,0.9999999999844036,0,6.124771263206039e-28,0
1,2,1733,0,0,2,0,1,2,3,1,0,0.2450627674376798,0,6.283185307179586,0.08325656894321946,34.99300346656648,-0.01,0.15,0.1,0.145,1,-0.7,0,0,0,0,0,0,0,0,0,0,0,0,-0.24491481170300347,-0.24491481170300347,-0.24491481170300347,-0.24491481170300347,0.00851439913891098,0.00851439913891098,0.00851439913891098,0.00851439913891098,1.000000000394195,0,5.908827609939918e-28,0
1,2,1734,0,0,2,0,1,2,3,1,0,0.24506276744839378,0,6.283185307179586,0.08325656894321955,35.01300346856648,-0.01,0.15,0.1,0.145,1,-0.7,0,0,0,0,0,0,0,0,0,0,0,0,-0.2449148117137675,-0.2449148117137675,-0.2449148117137675,-0.2449148117137675,0.00851439913765758,0.00851439913765758,0.00851439913765758,0.00851439913765758,1.0000000001046345,0,5.700497432385175e-28,0
1,2,1735,0,0,2,0,1,2,3,1,0,0.24506276741721394,0,6.283185307179586,0.08325656894321942,35.033003470566484,-0.01,0.15,0.1,0.145,1,-0.7,0,0,0,0,0,0,0,0,0,0,0,0,-0.244914811682442,-0.244914811682442,-0.244914811682442,-0.244914811682442,0.008514399141305135,0.008514399141305135,0.008514399141305135,0.008514399141305135,1.000000000064766,0,5.499512493524214e-28,0
1,2,1736,0,0,2,0,1,2,3,1,0,0.24506276742663177,0,6.283185307179586,0.08325656894321944,35.05300347256649,-0.01,0.15,0.1,0.145,1,-0.7,0,0,0,0,0,0,0,0,0,0,0,0,-0.24491481169190382,-0.24491481169190382,-0.24491481169190382,-0.24491481169190382,0.00851439914020339,0.00851439914020339,0.00851439914020339,0.00851439914020339,1.000000000456339,0,5.305613847217497e-28,0
1,2,1737,0,0,2,0,1,2,3,1,0,0.24506276748628242,0,6.283185307179586,0.08325656894321948,35.07300347456649,-0.01,0.15,0.1,0.145,1,-0.7,0,0,0,0,0,0,0,0,0,0,0,0,-0.2449148117518331,-0.2449148117518331,-0.2449148117518331,-0.2449148117518331,0.008514399133225246,0.008514399133225246,0.008514399133225246,0.008514399133225246,1.000000000195314,0,5.1185514527373525e-28,0
1,2,1738,0,0,2,0,1,2,3,1,0,0.2450627674778116,0,6.283185307179586,0.08325656894321952,35.093003476566494,-0.01,0.15,0.1,0.145,1,-0.7,0,0,0,0,0,0,0,0,0,0,0,0,-0.24491481174332275,-0.24491481174332275,-0.24491481174332275,-0.24491481174332275,0.00851439913421619,0.00851439913421619,0.00851439913421619,0.00851439913421619,0.999999999613884,0,4.938084346460961e-28,0
1,2,1739,0,0,2,0,1,2,3,1,0,0.24506276744451025,0,6.283185307179586,0.08325656894321946,35.1130034785665,-0.01,0.15,0.1,0.145,1,-0.7,0,0,0,0,0,0,0,0,0,0,0,0,-0.24491481170986582,-0.24491481170986582,-0.24491481170986582,-0.24491481170986582,0.00851439913811191,0.00851439913811191,0.00851439913811191,0.00851439913811191,1.0000000000195044,0,4.76398021377879e-28,0
1,2,1740,0,0,2,0,1,2,3,1,0,0.24506276747488126,0,6.283185307179586,0.08325656894321945,35.1330034805665,-0.01,0.15,0.1,0.145,1,-0.7,0,0,0,0,0,0,0,0,0,0,0,0,-0.24491481174037869,-0.24491481174037869,-0.24491481174037869,-0.24491481174037869,0.008514399134558988,0.008514399134558988,0.008514399134558988,0.008514399134558988,1.00000000030294,0,4.59601452882779e-28,0
1,2,1741,0,0,2,0,1,2,3,1,0,0.2450627674723662,0,6.283185307179586,0.08325656894321944,35.153003482566504,-0.01,0.15,0.1,0.145,1,-0.7,0,0,0,0,0,0,0,0,0,0,0,0,-0.24491481173785187,-0.24491481173785187,-0.24491481173785187,-0.24491481173785187,0.008514399134853244,0.008514399134853244,0.008514399134853244,0.008514399134853244,0.9999999998276081,0,4.433970758243718e-28,0
1,2,1742,0,0,2,0,1,2,3,1,0,0.24506276748422204,0,6.283185307179586,0.08325656894321956,35.17300348456651,-0.01,0.15,0.1,0.145,1,-0.7,0,0,0,0,0,0,0,0,0,0,0,0,-0.24491481174976312,-0.24491481174976312,-0.24491481174976312,-0.24491481174976312,0.008514399133466287,0.008514399133466287,0.008514399133466287,0.008514399133466287,1.0000000000128395,0,4.277640339810091e-28,0
1,2,1743,0,0,2,0,1,2,3,1,0,0.24506276746829053,0,6.283185307179586,0.0832565689432195,35.19300348656651,-0.01,0.15,0.1,0.145,1,-0.7,0,0,0,0,0,0,0,0,0,0,0,0,-0.24491481173375718,-0.24491481173375718,-0.24491481173375718,-0.24491481173375718,0.008514399135329977,0.008514399135329977,0.008514399135329977,0.008514399135329977,0.9999999998731184,0,4.126821683717436e-28,0
1,2,1744,0,0,2,0,1,2,3,1,0,0.24506276744966635,0,6.283185307179586,0.08325656894321934,35.213003488566514,-0.01,0.15,0.1,0.145,1,-0.7,0,0,0,0,0,0,0,0,0,0,0,0,-0.244914811715046,-0.244914811715046,-0.244914811715046,-0.244914811715046,0.008514399137508705,0.008514399137508705,0.008514399137508705,0.008514399137508705,1.000000000098325,0,3.9813205587826523e-28,0
1,2,1745,0,0,2,0,1,2,3,1,0,0.24506276742652514,0,6.283185307179586,0.08325656894321956,35.23300349056652,-0.01,0.15,0.1,0.145,1,-0.7,0,0,0,0,0,0,0,0,0,0,0,0,-0.2449148116917967,-0.2449148116917967,-0.2449148116917967,-0.2449148116917967,0.008514399140215852,0.008514399140215852,0.008514399140215852,0.008514399140215852,1.00000000021938,0,3.8409494137801992e-28,0
1,2,1746,0,0,2,0,1,2,3,1,0,0.2450627674018237,0,6.283185307179586,0.08325656894321949,35.25300349256652,-0.01,0.15,0.1,0.145,1,-0.7,0,0,0,0,0,0,0,0,0,0,0,0,-0.2449148116669799,-0.2449148116669799,-0.2449148116669799,-0.2449148116669799,0.008514399143105535,0.008514399143105535,0.008514399143105535,0.008514399143105535,1.0000000003520881,0,3.7055273993833846e-28,0
1,2,1747,0,0,2,0,1,2,3,1,0,0.24506276739652677,0,6.283185307179586,0.08325656894321944,35.273003494566524,-0.01,0.15,0.1,0.145,1,-0.7,0,0,0,0,0,0,0,0,0,0,0,0,-0.2449148116616582,-0.2449148116616582,-0.2449148116616582,-0.2449148116616582,0.008514399143725208,0.008514399143725208,0.008514399143725208,0.008514399143725208,1.0000000005066028,0,3.574880016567542e-28,0
1,2,1748,0,0,2,0,1,2,3,1,0,0.24506276744322228,0,6.283185307179586,0.08325656894321949,35.29300349656653,-0.01,0.15,0.1,0.145,1,-0.7,0,0,0,0,0,0,0,0,0,0,0,0,-0.24491481170857185,-0.24491481170857185,-0.24491481170857185,-0.24491481170857185,0.008514399138262593,0.008514399138262593,0.008514399138262593,0.008514399138262593,1.0000000004119585,0,3.4488388995055642e-28,0
1,2,1749,0,0,2,0,1,2,3,1,0,0.24506276744597943,0,6.283185307179586,0.08325656894321953,35.31300349856653,-0.01,0.15,0.1,0.145,1,-0.7,0,0,0,0,0,0,0,0,0,0,0,0,-0.24491481171134188,-0.24491481171134188,-0.24491481171134188,-0.24491481171134188,0.008514399137940026,0.008514399137940026,0.008514399137940026,0.008514399137940026,0.9999999999036788,0,3.327241617746361e-28,0
1,2,1750,0,0,2,0,1,2,3,1,0,0.24506276740655708,0,6.283185307179586,0.08325656894321945,35.333003500566534,-0.01,0.15,0.1,0.145,1,-0.7,0,0,0,0,0,0,0,0,0,0,0,0,-0.24491481167173537,-0.24491481167173537,-0.24491481167173537,-0.24491481167173537,0.008514399142551808,0.008514399142551808,0.008514399142551808,0.008514399142551808,1.0000000001179075,0,3.2099316292210733e-28,0
1,2,1751,0,0,2,0,1,2,3,1,0,0.24506276745741631,0,6.283185307179586,0.08325656894321956,35.35300350256654,-0.01,0.15,0.1,0.145,1,-0.7,0,0,0,0,0,0,0,0,0,0,0,0,-0.24491481172283217,-0.24491481172283217,-0.24491481172283217,-0.24491481172283217,0.008514399136602123,0.008514399136602123,0.008514399136602123,0.008514399136602123,1.0000000005320686,0,3.0967577125241247e-28,0
1,2,1752,0,0,2,0,1,2,3,1,0,0.24506276747000588,0,6.283185307179586,0.08325656894321955,35.37300350456654,-0.01,0.15,0.1,0.145,1,-0.7,0,0,0,0,0,0,0,0,0,0,0,0,-0.24491481173548055,-0.24491481173548055,-0.24491481173548055,-0.24491481173548055,0.008514399135129318,0.008514399135129318,0.008514399135129318,0.008514399135129318,0.9999999998047144,0,2.9875738938547243e-28,0
1,2,1753,0,0,2,0,1,2,3,1,0,0.24506276743837183,0,6.283185307179586,0.08325656894321948,35.393003506566544,-0.01,0.15,0.1,0.145,1,-0.7,0,0,0,0,0,0,0,0,0,0,0,0,-0.24491481170369872,-0.24491481170369872,-0.24491481170369872,-0.24491481170369872,0.008514399138829993,0.008514399138829993,0.008514399138829993,0.008514399138829993,0.9999999999506386,0,2.88223970813388e-28,0
1,2,1754,0,0,2,0,1,2,3,1,0,0.24506276747040945,0,6.283185307179586,0.08325656894321948,35.41300350856655,-0.01,0.15,0.1,0.145,1,-0.7,0,0,0,0,0,0,0,0,0,0,0,0,-0.244914811735886,-0.244914811735886,-0.244914811735886,-0.244914811735886,0.008514399135082147,0.008514399135082147,0.008514399135082147,0.008514399135082147,1.0000000003393765,0,2.7806193611531945e-28,0
1,2,1755,0,0,2,0,1,2,3,1,0,0.2450627674695614,0,6.283185307179586,0.08325656894321952,35.43300351056655,-0.01,0.15,0.1,0.145,1,-0.7,0,0,0,0,0,0,0,0,0,0,0,0,-0.244914811735034,-0.244914811735034,-0.244914811735034,-0.244914811735034,0.008514399135181325,0.008514399135181325,0.008514399135181325,0.008514399135181325,0.9999999998426929,0,2.6825818009702458e-28,0
1,2,1756,0,0,2,0,1,2,3,1,0,0.2450627674824573,0,6.283185307179586,0.08325656894321945,35.45300351256655,-0.01,0.15,0.1,0.145,1,-0.7,0,0,0,0,0,0,0,0,0,0,0,0,-0.24491481174799012,-0.24491481174799012,-0.24491481174799012,-0.24491481174799012,0.008514399133672692,0.008514399133672692,0.008514399133672692,0.008514399133672692,1.00000000002683,0,2.5880008573389027e-28,0
1,2,1757,0,0,2,0,1,2,3,1,0,0.24506276745141484,0,6.283185307179586,0.0832565689432195,35.47300351456656,-0.01,0.15,0.1,0.145,1,-0.7,0,0,0,0,0,0,0,0,0,0,0,0,-0.24491481171680266,-0.24491481171680266,-0.24491481171680266,-0.24491481171680266,0.008514399137304202,0.008514399137304202,0.008514399137304202,0.008514399137304202,0.9999999998832507,0,2.4967545670014966e-28,0
1,2,1758,0,0,2,0,1,2,3,1,0,0.24506276743587577,0,6.283185307179586,0.08325656894321952,35.49300351656656,-0.01,0.15,0.1,0.145,1,-0.7,0,0,0,0,0,0,0,0,0,0,0,0,-0.244914811701191,-0.244914811701191,-0.244914811701191,-0.244914811701191,0.00851439913912201,0.00851439913912201,0.00851439913912201,0.00851439913912201,1.0000000002769909,0,2.408725432707783e-28,0
1,2,1759,0,0,2,0,1,2,3,1,0,0.24506276742507246,0,6.283185307179586,0.08325656894321942,35.51300351856656,-0.01,0.15,0.1,0.145,1,-0.7,0,0,0,0,0,0,0,0,0,0,0,0,-0.24491481169033724,-0.24491481169033724,-0.24491481169033724,-0.24491481169033724,0.008514399140385813,0.008514399140385813,0.008514399140385813,0.008514399140385813,1.000000000272351,0,2.3237999467301576e-28,0
1,2,1760,0,0,2,0,1,2,3,1,0,0.24506276742473018,0,6.283185307179586,0.08325656894321941,35.53300352056657,-0.01,0.15,0.1,0.145,1,-0.7,0,0,0,0,0,0,0,0,0,0,0,0,-0.24491481168999335,-0.24491481168999335,-0.24491481168999335,-0.24491481168999335,0.008514399140425873,0.008514399140425873,0.008514399140425873,0.008514399140425873,1.0000000003124612,0,2.241868718266332e-28,0
1,2,1761,0,0,2,0,1,2,3,1,0,0.24506276746832545,0,6.283185307179586,0.08325656894321955,35.55300352256657,-0.01,0.15,0.1,0.145,1,-0.7,0,0,0,0,0,0,0,0,0,0,0,0,-0.2449148117337923,-0.2449148117337923,-0.2449148117337923,-0.2449148117337923,0.008514399135325928,0.008514399135325928,0.008514399135325928,0.008514399135325928,1.0000000002404335,0,2.162826168375591e-28,0
1,2,1762,0,0,2,0,1,2,3,1,0,0.2450627675242468,0,6.283185307179586,0.08325656894321952,35.57300352456657,-0.01,0.15,0.1,0.145,1,-0.7,0,0,0,0,0,0,0,0,0,0,0,0,-0.24491481178997485,-0.24491481178997485,-0.24491481178997485,-0.24491481178997485,0.008514399128783998,0.008514399128783998,0.008514399128783998,0.008514399128783998,0.9999999997842082,0,2.086570426438883e-28,0
1,2,1763,0,0,2,0,1,2,3,1,0,0.24506276749322456,0,6.283185307179586,0.08325656894321948,35.59300352656658,-0.01,0.15,0.1,0.145,1,-0.7,0,0,0,0,0,0,0,0,0,0,0,0,-0.2449148117588077,-0.2449148117588077,-0.2449148117588077,-0.2449148117588077,0.008514399132413118,0.008514399132413118,0.008514399132413118,0.008514399132413118,0.9999999994456488,0,2.0130032748863718e-28,0
1,2,1764,0,0,2,0,1,2,3,1,0,0.24506276747628794,0,6.283185307179586,0.08325656894321949,35.61300352856658,-0.01,0.15,0.1,0.145,1,-0.7,0,0,0,0,0,0,0,0,0,0,0,0,-0.24491481174179194,-0.24491481174179194,-0.24491481174179194,-0.24491481174179194,0.00851439913439445,0.00851439913439445,0.00851439913439445,0.00851439913439445,1.000000000060325,0,1.942029980550918e-28,0
1,2,1765,0,0,2,0,1,2,3,1,0,0.24506276747667877,0,6.283185307179586,0.08325656894321955,35.63300353056658,-0.01,0.15,0.1,0.145,1,-0.7,0,0,0,0,0,0,0,0,0,0,0,0,-0.2449148117421846,-0.2449148117421846,-0.2449148117421846,-0.2449148117421846,0.008514399134348713,0.008514399134348713,0.008514399134348713,0.008514399134348713,1.0000000000698606,0,1.8735589812738082e-28,0
1,2,1766,0,0,2,0,1,2,3,1,0,0.24506276749682435,0,6.283185307179586,0.08325656894321946,35.653003532566586,-0.01,0.15,0.1,0.145,1,-0.7,0,0,0,0,0,0,0,0,0,0,0,0,-0.2449148117624243,-0.2449148117624243,-0.2449148117624243,-0.2449148117624243,0.008514399131991974,0.008514399131991974,0.008514399131991974,0.008514399131991974,0.9999999999807088,0,1.8075020869326989e-28,0
1,2,1767,0,0,2,0,1,2,3,1,0,0.24506276743087366,0,6.283185307179586,0.08325656894321938,35.67300353456659,-0.01,0.15,0.1,0.145,1,-0.7,0,0,0,0,0,0,0,0,0,0,0,0,-0.24491481169616555,-0.24491481169616555,-0.24491481169616555,-0.24491481169616555,0.008514399139707193,0.008514399139707193,0.008514399139707193,0.008514399139707193,0.9999999997704947,0,1.7437741824514233e-28,0
1,2,1768,0,0,2,0,1,2,3,1,0,0.2450627674536899,0,6.283185307179586,0.08325656894321955,35.69300353656659,-0.01,0.15,0.1,0.145,1,-0.7,0,0,0,0,0,0,0,0,0,0,0,0,-0.24491481171908835,-0.24491481171908835,-0.24491481171908835,-0.24491481171908835,0.008514399137038052,0.008514399137038052,0.008514399137038052,0.008514399137038052,1.0000000005650378,0,1.682293221041027e-28,0
1,2,1769,0,0,2,0,1,2,3,1,0,0.24506276743165556,0,6.283185307179586,0.08325656894321944,35.713003538566596,-0.01,0.15,0.1,0.145,1,-0.7,0,0,0,0,0,0,0,0,0,0,0,0,-0.2449148116969511,-0.2449148116969511,-0.2449148116969511,-0.2449148116969511,0.008514399139615707,0.008514399139615707,0.008514399139615707,0.008514399139615707,0.9999999999801901,0,1.6229798395468912e-28,0
1,2,1770,0,0,2,0,1,2,3,1,0,0.24506276741407168,0,6.283185307179586,0.08325656894321944,35.7330035405666,-0.01,0.15,0.1,0.145,1,-0.7,0,0,0,0,0,0,0,0,0,0,0,0,-0.24491481167928508,-0.24491481167928508,-0.24491481167928508,-0.24491481167928508,0.008514399141672742,0.008514399141672742,0.008514399141672742,0.008514399141672742,1.0000000003272334,0,1.5657577490492655e-28,0
1,2,1771,0,0,2,0,1,2,3,1,0,0.24506276745449113,0,6.283185307179586,0.08325656894321953,35.7530035425666,-0.01,0.15,0.1,0.145,1,-0.7,0,0,0,0,0,0,0,0,0,0,0,0,-0.24491481171989332,-0.24491481171989332,-0.24491481171989332,-0.24491481171989332,0.008514399136944299,0.008514399136944299,0.008514399136944299,0.008514399136944299,1.0000000004060894,0,1.5105531470244067e-28,0
1,2,1772,0,0,2,0,1,2,3,1,0,0.2450627674671231,0,6.283185307179586,0.08325656894321944,35.773003544566606,-0.01,0.15,0.1,0.145,1,-0.7,0,0,0,0,0,0,0,0,0,0,0,0,-0.2449148117325843,-0.2449148117325843,-0.2449148117325843,-0.2449148117325843,0.008514399135466597,0.008514399135466597,0.008514399135466597,0.008514399135466597,0.9999999998853752,0,1.4572948873875307e-28,0
1,2,1773,0,0,2,0,1,2,3,1,0,0.24506276743490382,0,6.283185307179586,0.08325656894321957,35.79300354656661,-0.01,0.15,0.1,0.145,1,-0.7,0,0,0,0,0,0,0,0,0,0,0,0,-0.24491481170021454,-0.24491481170021454,-0.24491481170021454,-0.24491481170021454,0.008514399139235703,0.008514399139235703,0.008514399139235703,0.008514399139235703,0.9999999999623697,0,1.4059144081918948e-28,0
1,2,1774,0,0,2,0,1,2,3,1,0,0.2450627674663557,0,6.283185307179586,0.08325656894321946,35.81300354856661,-0.01,0.15,0.1,0.145,1,-0.7,0,0,0,0,0,0,0,0,0,0,0,0,-0.24491481173181331,-0.24491481173181331,-0.24491481173181331,-0.24491481173181331,0.008514399135556334,0.008514399135556334,0.008514399135556334,0.008514399135556334,1.0000000003623484,0,1.3563454885439509e-28,0
1,2,1775,0,0,2,0,1,2,3,1,0,0.2450627674592527,0,6.283185307179586,0.08325656894321938,35.833003550566616,-0.01,0.15,0.1,0.145,1,-0.7,0,0,0,0,0,0,0,0,0,0,0,0,-0.24491481172467713,-0.24491481172467713,-0.24491481172467713,-0.24491481172467713,0.00851439913638726,0.00851439913638726,0.00851439913638726,0.00851439913638726,0.9999999998597104,0,1.3085241992973156e-28,0
1,2,1776,0,0,2,0,1,2,3,1,0,0.24506276744883007,0,6.283185307179586,0.08325656894321944,35.85300355256662,-0.01,0.15,0.1,0.145,1,-0.7,0,0,0,0,0,0,0,0,0,0,0,0,-0.24491481171420584,-0.24491481171420584,-0.24491481171420584,-0.24491481171420584,0.008514399137606583,0.008514399137606583,0.008514399137606583,0.008514399137606583,1.0000000001060556,0,1.2623890001022778e-28,0
1,2,1777,0,0,2,0,1,2,3,1,0,0.24506276749402436,0,6.283185307179586,0.08325656894321963,35.87300355456662,-0.01,0.15,0.1,0.145,1,-0.7,0,0,0,0,0,0,0,0,0,0,0,0,-0.24491481175961122,-0.24491481175961122,-0.24491481175961122,-0.24491481175961122,0.008514399132319564,0.008514399132319564,0.008514399132319564,0.008514399132319564,1.0000000001719371,0,1.217880402167677e-28,0
1,2,1778,0,0,2,0,1,2,3,1,0,0.24506276746446073,0,6.283185307179586,0.0832565689432195,35.893003556566626,-0.01,0.15,0.1,0.145,1,-0.7,0,0,0,0,0,0,0,0,0,0,0,0,-0.2449148117299095,-0.2449148117299095,-0.2449148117299095,-0.2449148117299095,0.00851439913577803,0.00851439913577803,0.00851439913577803,0.00851439913577803,0.9999999996619948,0,1.174941038055006e-28,0
1,2,1779,0,0,2,0,1,2,3,1,0,0.2450627674312922,0,6.283185307179586,0.08325656894321935,35.91300355856663,-0.01,0.15,0.1,0.145,1,-0.7,0,0,0,0,0,0,0,0,0,0,0,0,-0.24491481169658605,-0.24491481169658605,-0.24491481169658605,-0.24491481169658605,0.008514399139658232,0.008514399139658232,0.008514399139658232,0.008514399139658232,1.0000000002005578,0,1.1335156501541115e-28,0
1,2,1780,0,0,2,0,1,2,3,1,0,0.24506276743576494,0,6.283185307179586,0.08325656894321952,35.93300356056663,-0.01,0.15,0.1,0.145,1,-0.7,0,0,0,0,0,0,0,0,0,0,0,0,-0.24491481170107965,-0.24491481170107965,-0.24491481170107965,-0.24491481170107965,0.00851439913913499,0.00851439913913499,0.00851439913913499,0.00851439913913499,1.0000000003907417,0,1.0935508006744673e-28,0
1,2,1781,0,0,2,0,1,2,3,1,0,0.2450627674034425,0,6.283185307179586,0.08325656894321956,35.953003562566636,-0.01,0.15,0.1,0.145,1,-0.7,0,0,0,0,0,0,0,0,0,0,0,0,-0.24491481166860624,-0.24491481166860624,-0.24491481166860624,-0.24491481166860624,0.00851439914291618,0.00851439914291618,0.00851439914291618,0.00851439914291618,1.0000000001602558,0,1.0549949935381323e-28,0
1,2,1782,0,0,2,0,1,2,3,1,0,0.24506276746527078,0,6.283185307179586,0.08325656894321938,35.97300356456664,-0.01,0.15,0.1,0.145,1,-0.7,0,0,0,0,0,0,0,0,0,0,0,0,-0.24491481173072333,-0.24491481173072333,-0.24491481173072333,-0.24491481173072333,0.008514399135683259,0.008514399135683259,0.008514399135683259,0.008514399135683259,1.0000000005331486,0,1.0177985868517598e-28,0
1,2,1783,0,0,2,0,1,2,3,1,0,0.24506276744128713,0,6.283185307179586,0.08325656894321953,35.99300356656664,-0.01,0.15,0.1,0.145,1,-0.7,0,0,0,0,0,0,0,0,0,0,0,0,-0.24491481170662766,-0.24491481170662766,-0.24491481170662766,-0.24491481170662766,0.008514399138488987,0.008514399138488987,0.008514399138488987,0.008514399138488987,0.9999999997141344,0,9.819135882476218e-29,0
1,2,1784,0,0,2,0,1,2,3,1,0,0.24506276742742314,0,6.283185307179586,0.08325656894321946,36.013003568566646,-0.01,0.15,0.1,0.145,1,-0.7,0,0,0,0,0,0,0,0,0,0,0,0,-0.2449148116926989,-0.2449148116926989,-0.2449148116926989,-0.2449148116926989,0.008514399140110812,0.008514399140110812,0.008514399140110812,0.008514399140110812,1.0000000002918767,0,9.472938509516713e-29,0
1,2,1785,0,0,2,0,1,2,3,1,0,0.24506276741800959,0,6.283185307179586,0.0832565689432195,36.03300357056665,-0.01,0.15,0.1,0.145,1,-0.7,0,0,0,0,0,0,0,0,0,0,0,0,-0.2449148116832414,-0.2449148116832414,-0.2449148116832414,-0.2449148116832414,0.008514399141212057,0.008514399141212057,0.008514399141212057,0.008514399141212057,1.0000000003183942,0,9.138946980323743e-29,0
1,2,1786,0,0,2,0,1,2,3,1,0,0.2450627674184303,0,6.283185307179586,0.08325656894321949,36.05300357256665,-0.01,0.15,0.1,0.145,1,-0.7,0,0,0,0,0,0,0,0,0,0,0,0,-0.24491481168366405,-0.24491481168366405,-0.24491481168366405,-0.24491481168366405,0.00851439914116283,0.00851439914116283,0.00851439914116283,0.00851439914116283,1.000000000340421,0,8.816731138167765e-29,0
1,2,1787,0,0,2,0,1,2,3,1,0,0.2450627674343543,0,6.283185307179586,0.08325656894321949,36.073003574566656,-0.01,0.15,0.1,0.145,1,-0.7,0,0,0,0,0,0,0,0,0,0,0,0,-0.24491481169966242,-0.24491481169966242,-0.24491481169966242,-0.24491481169966242,0.00851439913929999,0.00851439913929999,0.00851439913929999,0.00851439913929999,1.0000000002759606,0,8.505875776223532e-29,0
1,2,1788,0,0,2,0,1,2,3,1,0,0.2450627674529694,0,6.283185307179586,0.08325656894321946,36.09300357656666,-0.01,0.15,0.1,0.145,1,-0.7,0,0,0,0,0,0,0,0,0,0,0,0,-0.2449148117183645,-0.2449148117183645,-0.2449148117183645,-0.2449148117183645,0.008514399137122304,0.008514399137122304,0.008514399137122304,0.008514399137122304,1.000000000112692,0,8.205980345643196e-29,0
1,2,1789,0,0,2,0,1,2,3,1,0,0.245062767491339,0,6.283185307179586,0.08325656894321953,36.11300357856666,-0.01,0.15,0.1,0.145,1,-0.7,0,0,0,0,0,0,0,0,0,0,0,0,-0.24491481175691332,-0.24491481175691332,-0.24491481175691332,-0.24491481175691332,0.008514399132633715,0.008514399132633715,0.008514399132633715,0.008514399132633715,1.000000000006878,0,7.916658476081037e-29,0
1,2,1790,0,0,2,0,1,2,3,1,0,0.24506276748309833,0,6.283185307179586,0.08325656894321959,36.133003580566665,-0.01,0.15,0.1,0.145,1,-0.7,0,0,0,0,0,0,0,0,0,0,0,0,-0.24491481174863414,-0.24491481174863414,-0.24491481174863414,-0.24491481174863414,0.008514399133597713,0.008514399133597713,0.008514399133597713,0.008514399133597713,0.999999999707029,0,7.63753730235341e-29,0
1,2,1791,0,0,2,0,1,2,3,1,0,0.2450627673961897,0,6.283185307179586,0.08325656894321933,36.15300358256667,-0.01,0.15,0.1,0.145,1,-0.7,0,0,0,0,0,0,0,0,0,0,0,0,-0.2449148116613196,-0.2449148116613196,-0.2449148116613196,-0.2449148116613196,0.008514399143764638,0.008514399143764638,0.008514399143764638,0.008514399143764638,0.9999999999933067,0,7.368257385645339e-29,0
1,2,1792,0,0,2,0,1,2,3,1,0,0.2450627674710252,0,6.283185307179586,0.08325656894321952,36.17300358456667,-0.01,0.15,0.1,0.145,1,-0.7,0,0,0,0,0,0,0,0,0,0,0,0,-0.24491481173650465,-0.24491481173650465,-0.24491481173650465,-0.24491481173650465,0.008514399135010077,0.008514399135010077,0.008514399135010077,0.008514399135010077,1.0000000008570993,0,7.108471734357205e-29,0
1,2,1793,0,0,2,0,1,2,3,1,0,0.24506276742390176,0,6.283185307179586,0.08325656894321945,36.193003586566675,-0.01,0.15,0.1,0.145,1,-0.7,0,0,0,0,0,0,0,0,0,0,0,0,-0.24491481168916107,-0.24491481168916107,-0.24491481168916107,-0.24491481168916107,0.008514399140522754,0.008514399140522754,0.008514399140522754,0.008514399140522754,0.999999999623995,0,6.857844931873711e-29,0
1,2,1794,0,0,2,0,1,2,3,1,0,0.24506276746078756,0,6.283185307179586,0.08325656894321944,36.21300358856668,-0.01,0.15,0.1,0.145,1,-0.7,0,0,0,0,0,0,0,0,0,0,0,0,-0.24491481172621918,-0.24491481172621918,-0.24491481172621918,-0.24491481172621918,0.00851439913620773,0.00851439913620773,0.00851439913620773,0.00851439913620773,1.00000000049792,0,6.616055104935736e-29,0
1,2,1795,0,0,2,0,1,2,3,1,0,0.2450627674052805,0,6.283185307179586,0.08325656894321948,36.23300359056668,-0.01,0.15,0.1,0.145,1,-0.7,0,0,0,0,0,0,0,0,0,0,0,0,-0.24491481167045281,-0.24491481167045281,-0.24491481167045281,-0.24491481167045281,0.008514399142701157,0.008514399142701157,0.008514399142701157,0.008514399142701157,0.9999999998669011,0,6.382789811218965e-29,0
1,2,1796,0,0,2,0,1,2,3,1,0,0.2450627674214764,0,6.283185307179586,0.08325656894321944,36.253003592566685,-0.01,0.15,0.1,0.145,1,-0.7,0,0,0,0,0,0,0,0,0,0,0,0,-0.24491481168672438,-0.24491481168672438,-0.24491481168672438,-0.24491481168672438,0.008514399140806506,0.008514399140806506,0.008514399140806506,0.008514399140806506,1.000000000642416,0,6.157749171403807e-29,0
1,2,1797,0,0,2,0,1,2,3,1,0,0.24506276745408795,0,6.283185307179586,0.08325656894321953,36.27300359456669,-0.01,0.15,0.1,0.145,1,-0.7,0,0,0,0,0,0,0,0,0,0,0,0,-0.24491481171948826,-0.24491481171948826,-0.24491481171948826,-0.24491481171948826,0.00851439913699147,0.00851439913699147,0.00851439913699147,0.00851439913699147,1.0000000001902265,0,5.940642617299724e-29,0
1,2,1798,0,0,2,0,1,2,3,1,0,0.24506276744814456,0,6.283185307179586,0.08325656894321952,36.29300359656669,-0.01,0.15,0.1,0.145,1,-0.7,0,0,0,0,0,0,0,0,0,0,0,0,-0.24491481171351712,-0.24491481171351712,-0.24491481171351712,-0.24491481171351712,0.008514399137686729,0.008514399137686729,0.008514399137686729,0.008514399137686729,0.9999999999402434,0,5.731190729359336e-29,0
1,2,1799,0,0,2,0,1,2,3,1,0,0.24506276745861674,0,6.283185307179586,0.08325656894321937,36.313003598566695,-0.01,0.15,0.1,0.145,1,-0.7,0,0,0,0,0,0,0,0,0,0,0,0,-0.24491481172403823,-0.24491481172403823,-0.24491481172403823,-0.24491481172403823,0.008514399136461676,0.008514399136461676,0.008514399136461676,0.008514399136461676,1.0000000001591474,0,5.529123677940211e-29,0
1,2,1800,0,0,2,0,1,2,3,1,0,0.24506276747206535,0,6.283185307179586,0.08325656894321955,36.3330036005667,-0.01,0.15,0.1,0.145,1,-0.7,0,0,0,0,0,0,0,0,0,0,0,0,-0.24491481173754964,-0.24491481173754964,-0.24491481173754964,-0.24491481173754964,0.008514399134888415,0.008514399134888415,0.008514399134888415,0.008514399134888415,1.000000000025139,0,5.33418091916485e-29,0
1,2,1801,0,0,2,0,1,2,3,1,0,0.24506276744633204,0,6.283185307179586,0.08325656894321949,36.3530036025667,-0.01,0.15,0.1,0.145,1,-0.7,0,0,0,0,0,0,0,0,0,0,0,0,-0.24491481171169613,-0.24491481171169613,-0.24491481171169613,-0.24491481171169613,0.008514399137898795,0.008514399137898795,0.008514399137898795,0.008514399137898795,0.9999999999367901,0,5.146111353713063e-29,0
1,2,1802,0,0,2,0,1,2,3,1,0,0.24506276746991965,0,6.283185307179586,0.08325656894321949,36.373003604566705,-0.01,0.15,0.1,0.145,1,-0.7,0,0,0,0,0,0,0,0,0,0,0,0,-0.24491481173539392,-0.24491481173539392,-0.24491481173539392,-0.24491481173539392,0.008514399135139423,0.008514399135139423,0.008514399135139423,0.008514399135139423,1.000000000271612,0,4.964672716188938e-29,0
1,2,1803,0,0,2,0,1,2,3,1,0,0.24506276744418495,0,6.283185307179586,0.08325656894321946,36.39300360656671,-0.01,0.15,0.1,0.145,1,-0.7,0,0,0,0,0,0,0,0,0,0,0,0,-0.24491481170953902,-0.24491481170953902,-0.24491481170953902,-0.24491481170953902,0.008514399138149975,0.008514399138149975,0.008514399138149975,0.008514399138149975,0.999999999899913,0,4.789631012815591e-29,0
1,2,1804,0,0,2,0,1,2,3,1,0,0.24506276746777125,0,6.283185307179586,0.0832565689432195,36.41300360856671,-0.01,0.15,0.1,0.145,1,-0.7,0,0,0,0,0,0,0,0,0,0,0,0,-0.24491481173323548,-0.24491481173323548,-0.24491481173323548,-0.24491481173323548,0.00851439913539077,0.00851439913539077,0.00851439913539077,0.00851439913539077,1.0000000002864056,0,4.620760963283043e-29,0
1,2,1805,0,0,2,0,1,2,3,1,0,0.24506276741835845,0,6.283185307179586,0.08325656894321946,36.433003610566715,-0.01,0.15,0.1,0.145,1,-0.7,0,0,0,0,0,0,0,0,0,0,0,0,-0.2449148116835919,-0.2449148116835919,-0.2449148116835919,-0.2449148116835919,0.008514399141171244,0.008514399141171244,0.008514399141171244,0.008514399141171244,0.9999999999147775,0,4.45784471167287e-29,0
1,2,1806,0,0,2,0,1,2,3,1,0,0.2450627674200261,0,6.283185307179586,0.08325656894321945,36.45300361256672,-0.01,0.15,0.1,0.145,1,-0.7,0,0,0,0,0,0,0,0,0,0,0,0,-0.24491481168526733,-0.24491481168526733,-0.24491481168526733,-0.24491481168526733,0.008514399140976145,0.008514399140976145,0.008514399140976145,0.008514399140976145,1.0000000005496759,0,4.300672631038419e-29,0
1,2,1807,0,0,2,0,1,2,3,1,0,0.24506276742642952,0,6.283185307179586,0.08325656894321941,36.47300361456672,-0.01,0.15,0.1,0.145,1,-0.7,0,0,0,0,0,0,0,0,0,0,0,0,-0.24491481169170065,-0.24491481169170065,-0.24491481169170065,-0.24491481169170065,0.00851439914022705,0.00851439914022705,0.00851439914022705,0.00851439914022705,1.0000000002680878,0,4.14904189371914e-29,0
1,2,1808,0,0,2,0,1,2,3,1,0,0.2450627674238442,0,6.283185307179586,0.08325656894321946,36.493003616566725,-0.01,0.15,0.1,0.145,1,-0.7,0,0,0,0,0,0,0,0,0,0,0,0,-0.24491481168910326,-0.24491481168910326,-0.24491481168910326,-0.24491481168910326,0.008514399140529528,0.008514399140529528,0.008514399140529528,0.008514399140529528,1.0000000002065548,0,4.002757300699588e-29,0
1,2,1809,0,0,2,0,1,2,3,1,0,0.24506276746582276,0,6.283185307179586,0.0832565689432195,36.51300361856673,-0.01,0.15,0.1,0.145,1,-0.7,0,0,0,0,0,0,0,0,0,0,0,0,-0.24491481173127788,-0.24491481173127788,-0.24491481173127788,-0.24491481173127788,0.008514399135618706,0.008514399135618706,0.008514399135618706,0.008514399135618706,1.000000000263185,0,3.861630344551201e-29,0
1,2,1810,0,0,2,0,1,2,3,1,0,0.2450627674156938,0,6.283185307179586,0.08325656894321959,36.53300362056673,-0.01,0.15,0.1,0.145,1,-0.7,0,0,0,0,0,0,0,0,0,0,0,0,-0.24491481168091478,-0.24491481168091478,-0.24491481168091478,-0.24491481168091478,0.008514399141482993,0.008514399141482993,0.008514399141482993,0.008514399141482993,0.9999999998249365,0,3.7254790932934164e-29,0
1,2,1811,0,0,2,0,1,2,3,1,0,0.245062767416018,0,6.283185307179586,0.08325656894321942,36.553003622566735,-0.01,0.15,0.1,0.145,1,-0.7,0,0,0,0,0,0,0,0,0,0,0,0,-0.2449148116812405,-0.2449148116812405,-0.2449148116812405,-0.2449148116812405,0.008514399141445042,0.008514399141445042,0.008514399141445042,0.008514399141445042,1.0000000005632046,0,3.594128344940164e-29,0
1,2,1812,0,0,2,0,1,2,3,1,0,0.24506276741031038,0,6.283185307179586,0.08325656894321948,36.57300362456674,-0.01,0.15,0.1,0.145,1,-0.7,0,0,0,0,0,0,0,0,0,0,0,0,-0.24491481167550622,-0.24491481167550622,-0.24491481167550622,-0.24491481167550622,0.008514399142112739,0.008514399142112739,0.008514399142112739,0.008514399142112739,1.00000000029749,0,3.467408556557789e-29,0
1,2,1813,0,0,2,0,1,2,3,1,0,0.24506276745301164,0,6.283185307179586,0.08325656894321948,36.59300362656674,-0.01,0.15,0.1,0.145,1,-0.7,0,0,0,0,0,0,0,0,0,0,0,0,-0.24491481171840693,-0.24491481171840693,-0.24491481171840693,-0.24491481171840693,0.0085143991371174,0.0085143991371174,0.0085143991371174,0.0085143991371174,1.0000000003683311,0,3.345156624145977e-29,0
1,2,1814,0,0,2,0,1,2,3,1,0,0.24506276746191488,0,6.283185307179586,0.08325656894321959,36.613003628566744,-0.01,0.15,0.1,0.145,1,-0.7,0,0,0,0,0,0,0,0,0,0,0,0,-0.24491481172735177,-0.24491481172735177,-0.24491481172735177,-0.24491481172735177,0.008514399136075865,0.008514399136075865,0.008514399136075865,0.008514399136075865,0.9999999998819504,0,3.2272149181498824e-29,0
1,2,1815,0,0,2,0,1,2,3,1,0,0.24506276747379455,0,6.283185307179586,0.08325656894321942,36.63300363056675,-0.01,0.15,0.1,0.145,1,-0.7,0,0,0,0,0,0,0,0,0,0,0,0,-0.24491481173928692,-0.24491481173928692,-0.24491481173928692,-0.24491481173928692,0.008514399134686131,0.008514399134686131,0.008514399134686131,0.008514399134686131,1.0000000000189573,0,3.113431605195623e-29,0
1,2,1816,0,0,2,0,1,2,3,1,0,0.2450627674072908,0,6.283185307179586,0.08325656894321959,36.65300363256675,-0.01,0.15,0.1,0.145,1,-0.7,0,0,0,0,0,0,0,0,0,0,0,0,-0.24491481167247253,-0.24491481167247253,-0.24491481167247253,-0.24491481167247253,0.00851439914246598,0.00851439914246598,0.00851439914246598,0.00851439914246598,0.9999999999404849,0,3.0036599769587356e-29,0
1,2,1817,0,0,2,0,1,2,3,1,0,0.24506276744450875,0,6.283185307179586,0.0832565689432194,36.673003634566754,-0.01,0.15,0.1,0.145,1,-0.7,0,0,0,0,0,0,0,0,0,0,0,0,-0.24491481170986432,-0.24491481170986432,-0.24491481170986432,-0.24491481170986432,0.008514399138112104,0.008514399138112104,0.008514399138112104,0.008514399138112104,1.000000000679023,0,2.897758703746363e-29,0
1,2,1818,0,0,2,0,1,2,3,1,0,0.2450627674476436,0,6.283185307179586,0.0832565689432196,36.69300363656676,-0.01,0.15,0.1,0.145,1,-0.7,0,0,0,0,0,0,0,0,0,0,0,0,-0.24491481171301382,-0.24491481171301382,-0.24491481171301382,-0.24491481171301382,0.00851439913774535,0.00851439913774535,0.00851439913774535,0.00851439913774535,0.9999999999612754,0,2.795591082557528e-29,0
1,2,1819,0,0,2,0,1,2,3,1,0,0.24506276741426838,0,6.283185307179586,0.0832565689432194,36.71300363856676,-0.01,0.15,0.1,0.145,1,-0.7,0,0,0,0,0,0,0,0,0,0,0,0,-0.2449148116794827,-0.2449148116794827,-0.2449148116794827,-0.2449148116794827,0.00851439914164971,0.00851439914164971,0.00851439914164971,0.00851439914164971,1.0000000001162022,0,2.6970257211270107e-29,0
1,2,1820,0,0,2,0,1,2,3,1,0,0.24506276743764221,0,6.283185307179586,0.08325656894321944,36.733003640566764,-0.01,0.15,0.1,0.145,1,-0.7,0,0,0,0,0,0,0,0,0,0,0,0,-0.24491481170296572,-0.24491481170296572,-0.24491481170296572,-0.24491481170296572,0.008514399138915345,0.008514399138915345,0.008514399138915345,0.008514399138915345,1.0000000004832827,0,2.6019355405444965e-29,0
1,2,1821,0,0,2,0,1,2,3,1,0,0.24506276741525276,0,6.283185307179586,0.08325656894321942,36.75300364256677,-0.01,0.15,0.1,0.145,1,-0.7,0,0,0,0,0,0,0,0,0,0,0,0,-0.24491481168047166,-0.24491481168047166,-0.24491481168047166,-0.24491481168047166,0.008514399141534592,0.008514399141534592,0.008514399141534592,0.008514399141534592,1.0000000000647304,0,2.5101979227980062e-29,0
1,2,1822,0,0,2,0,1,2,3,1,0,0.24506276748405717,0,6.283185307179586,0.08325656894321957,36.77300364456677,-0.01,0.15,0.1,0.145,1,-0.7,0,0,0,0,0,0,0,0,0,0,0,0,-0.24491481174959748,-0.24491481174959748,-0.24491481174959748,-0.24491481174959748,0.008514399133485525,0.008514399133485525,0.008514399133485525,0.008514399133485525,1.0000000004279457,0,2.421694808449628e-29,0
1,2,1823,0,0,2,0,1,2,3,1,0,0.24506276747334615,0,6.283185307179586,0.08325656894321945,36.793003646566774,-0.01,0.15,0.1,0.145,1,-0.7,0,0,0,0,0,0,0,0,0,0,0,0,-0.24491481173883645,-0.24491481173883645,-0.24491481173883645,-0.24491481173883645,0.008514399134738585,0.008514399134738585,0.008514399134738585,0.008514399134738585,0.9999999995982449,0,2.33631198387228e-29,0
1,2,1824,0,0,2,0,1,2,3,1,0,0.24506276745994252,0,6.283185307179586,0.08325656894321945,36.81300364856678,-0.01,0.15,0.1,0.145,1,-0.7,0,0,0,0,0,0,0,0,0,0,0,0,-0.2449148117253702,-0.2449148117253702,-0.2449148117253702,-0.2449148117253702,0.008514399136306555,0.008514399136306555,0.008514399136306555,0.008514399136306555,1.0000000000518838,0,2.253939649565688e-29,0
1,2,1825,0,0,2,0,1,2,3,1,0,0.24506276745432845,0,6.283185307179586,0.08325656894321952,36.83300365056678,-0.01,0.15,0.1,0.145,1,-0.7,0,0,0,0,0,0,0,0,0,0,0,0,-0.2449148117197299,-0.2449148117197299,-0.2449148117197299,-0.2449148117197299,0.008514399136963351,0.008514399136963351,0.008514399136963351,0.008514399136963351,1.0000000001440412,0,2.1744715203198467e-29,0
1,2,1826,0,0,2,0,1,2,3,1,0,0.24506276741730276,0,6.283185307179586,0.08325656894321941,36.853003652566784,-0.01,0.15,0.1,0.145,1,-0.7,0,0,0,0,0,0,0,0,0,0,0,0,-0.24491481168253126,-0.24491481168253126,-0.24491481168253126,-0.24491481168253126,0.008514399141294744,0.008514399141294744,0.008514399141294744,0.008514399141294744,1.0000000001421228,0,2.0978052260875153e-29,0
1,2,1827,0,0,2,0,1,2,3,1,0,0.2450627674167205,0,6.283185307179586,0.08325656894321956,36.87300365456679,-0.01,0.15,0.1,0.145,1,-0.7,0,0,0,0,0,0,0,0,0,0,0,0,-0.2449148116819463,-0.2449148116819463,-0.2449148116819463,-0.2449148116819463,0.008514399141362887,0.008514399141362887,0.008514399141362887,0.008514399141362887,1.000000000489436,0,2.02384201639043e-29,0
1,2,1828,0,0,2,0,1,2,3,1,0,0.24506276742625785,0,6.283185307179586,0.0832565689432195,36.89300365656679,-0.01,0.15,0.1,0.145,1,-0.7,0,0,0,0,0,0,0,0,0,0,0,0,-0.24491481169152818,-0.24491481169152818,-0.24491481169152818,-0.24491481169152818,0.008514399140247155,0.008514399140247155,0.008514399140247155,0.008514399140247155,1.000000000308276,0,1.9524865198797217e-29,0
1,2,1829,0,0,2,0,1,2,3,1,0,0.2450627674375741,0,6.283185307179586,0.08325656894321948,36.913003658566794,-0.01,0.15,0.1,0.145,1,-0.7,0,0,0,0,0,0,0,0,0,0,0,0,-0.2449148117028973,-0.2449148117028973,-0.2449148117028973,-0.2449148117028973,0.00851439913892333,0.00851439913892333,0.00851439913892333,0.00851439913892333,1.000000000191946,0,1.8836468416624363e-29,0
1,2,1830,0,0,2,0,1,2,3,1,0,0.24506276746054906,0,6.283185307179586,0.08325656894321944,36.9330036605668,-0.01,0.15,0.1,0.145,1,-0.7,0,0,0,0,0,0,0,0,0,0,0,0,-0.24491481172597956,-0.24491481172597956,-0.24491481172597956,-0.24491481172597956,0.008514399136235617,0.008514399136235617,0.008514399136235617,0.008514399136235617,1.0000000001419238,0,1.817234276605334e-29,0
1,2,1831,0,0,2,0,1,2,3,1,0,0.24506276744468394,0,6.283185307179586,0.08325656894321949,36.9530036625668,-0.01,0.15,0.1,0.145,1,-0.7,0,0,0,0,0,0,0,0,0,0,0,0,-0.24491481171004034,-0.24491481171004034,-0.24491481171004034,-0.24491481171004034,0.008514399138091563,0.008514399138091563,0.008514399138091563,0.008514399138091563,0.9999999999479599,0,1.753163241296289e-29,0
1,2,1832,0,0,2,0,1,2,3,1,0,0.24506276744494904,0,6.283185307179586,0.0832565689432194,36.973003664566804,-0.01,0.15,0.1,0.145,1,-0.7,0,0,0,0,0,0,0,0,0,0,0,0,-0.24491481171030666,-0.24491481171030666,-0.24491481171030666,-0.24491481171030666,0.008514399138060584,0.008514399138060584,0.008514399138060584,0.008514399138060584,1.0000000002361844,0,1.6913512159911895e-29,0
1,2,1833,0,0,2,0,1,2,3,1,0,0.24506276744223612,0,6.283185307179586,0.08325656894321952,36.99300366656681,-0.01,0.15,0.1,0.145,1,-0.7,0,0,0,0,0,0,0,0,0,0,0,0,-0.2449148117075811,-0.2449148117075811,-0.2449148117075811,-0.2449148117075811,0.008514399138377968,0.008514399138377968,0.008514399138377968,0.008514399138377968,1.000000000152582,0,1.6317185013271113e-29,0
1,2,1834,0,0,2,0,1,2,3,1,0,0.24506276743591837,0,6.283185307179586,0.08325656894321945,37.01300366856681,-0.01,0.15,0.1,0.145,1,-0.7,0,0,0,0,0,0,0,0,0,0,0,0,-0.2449148117012338,-0.2449148117012338,-0.2449148117012338,-0.2449148117012338,0.008514399139117052,0.008514399139117052,0.008514399139117052,0.008514399139117052,1.0000000001886775,0,1.5741882902919e-29,0
1,2,1835,0,0,2,0,1,2,3,1,0,0.24506276742571043,0,6.283185307179586,0.08325656894321963,37.03300367056681,-0.01,0.15,0.1,0.145,1,-0.7,0,0,0,0,0,0,0,0,0,0,0,0,-0.2449148116909782,-0.2449148116909782,-0.2449148116909782,-0.2449148116909782,0.008514399140311216,0.008514399140311216,0.008514399140311216,0.008514399140311216,1.0000000002350475,0,1.5186864482107617e-29,0
1,2,1836,0,0,2,0,1,2,3,1,0,0.2450627675132774,0,6.283185307179586,0.08325656894321941,37.05300367256682,-0.01,0.15,0.1,0.145,1,-0.7,0,0,0,0,0,0,0,0,0,0,0,0,-0.2449148117789542,-0.2449148117789542,-0.2449148117789542,-0.2449148117789542,0.008514399130067277,0.008514399130067277,0.008514399130067277,0.008514399130067277,1.0000000003006448,0,1.465141459920364e-29,0
1,2,1837,0,0,2,0,1,2,3,1,0,0.2450627674717422,0,6.283185307179586,0.08325656894321945,37.07300367456682,-0.01,0.15,0.1,0.145,1,-0.7,0,0,0,0,0,0,0,0,0,0,0,0,-0.24491481173722496,-0.24491481173722496,-0.24491481173722496,-0.24491481173722496,0.008514399134926208,0.008514399134926208,0.008514399134926208,0.008514399134926208,0.9999999993450359,0,1.4134842761378605e-29,0
1,2,1838,0,0,2,0,1,2,3,1,0,0.24506276743170063,0,6.283185307179586,0.08325656894321938,37.09300367656682,-0.01,0.15,0.1,0.145,1,-0.7,0,0,0,0,0,0,0,0,0,0,0,0,-0.2449148116969964,-0.2449148116969964,-0.2449148116969964,-0.2449148116969964,0.008514399139610399,0.008514399139610399,0.008514399139610399,0.008514399139610399,1.0000000002364686,0,1.3636484877855e-29,0
1,2,1839,0,0,2,0,1,2,3,1,0,0.245062767379046,0,6.283185307179586,0.08325656894321945,37.11300367856683,-0.01,0.15,0.1,0.145,1,-0.7,0,0,0,0,0,0,0,0,0,0,0,0,-0.24491481164409581,-0.24491481164409581,-0.24491481164409581,-0.24491481164409581,0.008514399145770167,0.008514399145770167,0.008514399145770167,0.008514399145770167,1.0000000004389875,0,1.3155697464818527e-29,0
1,2,1840,0,0,2,0,1,2,3,1,0,0.24506276749380534,0,6.283185307179586,0.08325656894321955,37.13300368056683,-0.01,0.15,0.1,0.145,1,-0.7,0,0,0,0,0,0,0,0,0,0,0,0,-0.24491481175939117,-0.24491481175939117,-0.24491481175939117,-0.24491481175939117,0.008514399132345174,0.008514399132345174,0.008514399132345174,0.008514399132345174,1.0000000007791812,0,1.2691861446110927e-29,0
1,2,1841,0,0,2,0,1,2,3,1,0,0.24506276743066585,0,6.283185307179586,0.08325656894321949,37.15300368256683,-0.01,0.15,0.1,0.145,1,-0.7,0,0,0,0,0,0,0,0,0,0,0,0,-0.24491481169595675,-0.24491481169595675,-0.24491481169595675,-0.24491481169595675,0.008514399139731461,0.008514399139731461,0.008514399139731461,0.008514399139731461,0.9999999993060129,0,1.2244378268209518e-29,0
1,2,1842,0,0,2,0,1,2,3,1,0,0.24506276742399027,0,6.283185307179586,0.08325656894321944,37.17300368456684,-0.01,0.15,0.1,0.145,1,-0.7,0,0,0,0,0,0,0,0,0,0,0,0,-0.24491481168925,-0.24491481168925,-0.24491481168925,-0.24491481168925,0.008514399140512394,0.008514399140512394,0.008514399140512394,0.008514399140512394,1.0000000005540244,0,1.1812673419767722e-29,0
1,2,1843,0,0,2,0,1,2,3,1,0,0.24506276746663588,0,6.283185307179586,0.08325656894321952,37.19300368656684,-0.01,0.15,0.1,0.145,1,-0.7,0,0,0,0,0,0,0,0,0,0,0,0,-0.2449148117320948,-0.2449148117320948,-0.2449148117320948,-0.2449148117320948,0.008514399135523586,0.008514399135523586,0.008514399135523586,0.008514399135523586,1.0000000003091571,0,1.1396188717102137e-29,0
1,2,1844,0,0,2,0,1,2,3,1,0,0.24506276742318514,0,6.283185307179586,0.08325656894321949,37.21300368856684,-0.01,0.15,0.1,0.145,1,-0.7,0,0,0,0,0,0,0,0,0,0,0,0,-0.24491481168844112,-0.24491481168844112,-0.24491481168844112,-0.24491481168844112,0.00851439914060659,0.00851439914060659,0.00851439914060659,0.00851439914060659,0.9999999998109814,0,1.0994388112053671e-29,0
1,2,1845,0,0,2,0,1,2,3,1,0,0.24506276739913882,0,6.283185307179586,0.08325656894321941,37.233003690566846,-0.01,0.15,0.1,0.145,1,-0.7,0,0,0,0,0,0,0,0,0,0,0,0,-0.24491481166428247,-0.24491481166428247,-0.24491481166428247,-0.24491481166428247,0.00851439914341963,0.00851439914341963,0.00851439914341963,0.00851439914341963,1.0000000004862102,0,1.0606754428578329e-29,0
1,2,1846,0,0,2,0,1,2,3,1,0,0.24506276748215267,0,6.283185307179586,0.08325656894321945,37.25300369256685,-0.01,0.15,0.1,0.145,1,-0.7,0,0,0,0,0,0,0,0,0,0,0,0,-0.2449148117476841,-0.2449148117476841,-0.2449148117476841,-0.2449148117476841,0.008514399133708375,0.008514399133708375,0.008514399133708375,0.008514399133708375,1.0000000005148877,0,1.023278745827723e-29,0
1,2,1847,0,0,2,0,1,2,3,1,0,0.24506276743272565,0,6.283185307179586,0.08325656894321948,37.27300369456685,-0.01,0.15,0.1,0.145,1,-0.7,0,0,0,0,0,0,0,0,0,0,0,0,-0.24491481169802617,-0.24491481169802617,-0.24491481169802617,-0.24491481169802617,0.008514399139490501,0.008514399139490501,0.008514399139490501,0.008514399139490501,0.9999999995397246,0,9.872005231532503e-30,0
1,2,1848,0,0,2,0,1,2,3,1,0,0.2450627674191396,0,6.283185307179586,0.08325656894321946,37.293003696566856,-0.01,0.15,0.1,0.145,1,-0.7,0,0,0,0,0,0,0,0,0,0,0,0,-0.24491481168437668,-0.24491481168437668,-0.24491481168437668,-0.24491481168437668,0.008514399141079867,0.008514399141079867,0.008514399141079867,0.008514399141079867,1.0000000004829133,0,9.523943962006743e-30,0
1,2,1849,0,0,2,0,1,2,3,1,0,0.24506276746922478,0,6.283185307179586,0.08325656894321952,37.31300369856686,-0.01,0.15,0.1,0.145,1,-0.7,0,0,0,0,0,0,0,0,0,0,0,0,-0.24491481173469581,-0.24491481173469581,-0.24491481173469581,-0.24491481173469581,0.008514399135220703,0.008514399135220703,0.008514399135220703,0.008514399135220703,1.0000000003616094,0,9.18815406490992e-30,0
1,2,1850,0,0,2,0,1,2,3,1,0,0.2450627674727,0,6.283185307179586,0.08325656894321946,37.33300370056686,-0.01,0.15,0.1,0.145,1,-0.7,0,0,0,0,0,0,0,0,0,0,0,0,-0.24491481173818724,-0.24491481173818724,-0.24491481173818724,-0.24491481173818724,0.008514399134814147,0.008514399134814147,0.008514399134814147,0.008514399134814147,0.9999999997754969,0,8.864203102740983e-30,0
1,2,1851,0,0,2,0,1,2,3,1,0,0.24506276748516226,0,6.283185307179586,0.08325656894321945,37.353003702566866,-0.01,0.15,0.1,0.145,1,-0.7,0,0,0,0,0,0,0,0,0,0,0,0,-0.24491481175070773,-0.24491481175070773,-0.24491481175070773,-0.24491481175070773,0.008514399133356257,0.008514399133356257,0.008514399133356257,0.008514399133356257,0.999999999993193,0,8.551674089104561e-30,0
1,2,1852,0,0,2,0,1,2,3,1,0,0.24506276737141353,0,6.283185307179586,0.08325656894321944,37.37300370456687,-0.01,0.15,0.1,0.145,1,-0.7,0,0,0,0,0,0,0,0,0,0,0,0,-0.24491481163642767,-0.24491481163642767,-0.24491481163642767,-0.24491481163642767,0.00851439914666305,0.00851439914666305,0.00851439914666305,0.00851439914666305,0.9999999998848921,0,8.25016394132279e-30,0
1,2,1853,0,0,2,0,1,2,3,1,0,0.24506276749204894,0,6.283185307179586,0.08325656894321948,37.39300370656687,-0.01,0.15,0.1,0.145,1,-0.7,0,0,0,0,0,0,0,0,0,0,0,0,-0.24491481175762658,-0.24491481175762658,-0.24491481175762658,-0.24491481175762658,0.008514399132550638,0.008514399132550638,0.008514399132550638,0.008514399132550638,1.0000000011245618,0,7.959284674998142e-30,0
1,2,1854,0,0,2,0,1,2,3,1,0,0.2450627673968388,0,6.283185307179586,0.08325656894321944,37.413003708566876,-0.01,0.15,0.1,0.145,1,-0.7,0,0,0,0,0,0,0,0,0,0,0,0,-0.2449148116619717,-0.2449148116619717,-0.2449148116619717,-0.2449148116619717,0.00851439914368873,0.00851439914368873,0.00851439914368873,0.00851439914368873,0.9999999992811581,0,7.678660163653709e-30,0
1,2,1855,0,0,2,0,1,2,3,1,0,0.24506276744121205,0,6.283185307179586,0.08325656894321962,37.43300371056688,-0.01,0.15,0.1,0.145,1,-0.7,0,0,0,0,0,0,0,0,0,0,0,0,-0.24491481170655224,-0.24491481170655224,-0.24491481170655224,-0.24491481170655224,0.008514399138497749,0.008514399138497749,0.008514399138497749,0.008514399138497749,1.000000000906823,0,7.407930733160671e-30,0
1,2,1856,0,0,2,0,1,2,3,1,0,0.2450627674362631,0,6.283185307179586,0.08325656894321953,37.45300371256688,-0.01,0.15,0.1,0.145,1,-0.7,0,0,0,0,0,0,0,0,0,0,0,0,-0.24491481170158014,-0.24491481170158014,-0.24491481170158014,-0.24491481170158014,0.008514399139076674,0.008514399139076674,0.008514399139076674,0.008514399139076674,0.9999999999469082,0,7.146745823273851e-30,0
1,2,1857,0,0,2,0,1,2,3,1,0,0.24506276744744432,0,6.283185307179586,0.0832565689432194,37.473003714566886,-0.01,0.15,0.1,0.145,1,-0.7,0,0,0,0,0,0,0,0,0,0,0,0,-0.2449148117128136,-0.2449148117128136,-0.2449148117128136,-0.2449148117128136,0.008514399137768648,0.008514399137768648,0.008514399137768648,0.008514399137768648,1.0000000002287948,0,6.89476995325924e-30,0
1,2,1858,0,0,2,0,1,2,3,1,0,0.245062767428126,0,6.283185307179586,0.08325656894321955,37.49300371656689,-0.01,0.15,0.1,0.145,1,-0.7,0,0,0,0,0,0,0,0,0,0,0,0,-0.24491481169340504,-0.24491481169340504,-0.24491481169340504,-0.24491481169340504,0.008514399140028585,0.008514399140028585,0.008514399140028585,0.008514399140028585,1.0000000000830482,0,6.651677998284717e-30,0
1,2,1859,0,0,2,0,1,2,3,1,0,0.2450627674186419,0,6.283185307179586,0.08325656894321945,37.51300371856689,-0.01,0.15,0.1,0.145,1,-0.7,0,0,0,0,0,0,0,0,0,0,0,0,-0.24491481168387666,-0.24491481168387666,-0.24491481168387666,-0.24491481168387666,0.008514399141138072,0.008514399141138072,0.008514399141138072,0.008514399141138072,1.000000000335092,0,6.417156940535823e-30,0
1,2,1860,0,0,2,0,1,2,3,1,0,0.24506276745280967,0,6.283185307179586,0.08325656894321945,37.533003720566896,-0.01,0.15,0.1,0.145,1,-0.7,0,0,0,0,0,0,0,0,0,0,0,0,-0.244914811718204,-0.244914811718204,-0.244914811718204,-0.244914811718204,0.00851439913714099,0.00851439913714099,0.00851439913714099,0.00851439913714099,1.0000000003470007,0,6.190904431444586e-30,0
1,2,1861,0,0,2,0,1,2,3,1,0,0.24506276744779582,0,6.283185307179586,0.08325656894321946,37.5530037225669,-0.01,0.15,0.1,0.145,1,-0.7,0,0,0,0,0,0,0,0,0,0,0,0,-0.24491481171316673,-0.24491481171316673,-0.24491481171316673,-0.24491481171316673,0.008514399137727566,0.008514399137727566,0.008514399137727566,0.008514399137727566,0.9999999999415223,0,5.972628915549143e-30,0
1,2,1862,0,0,2,0,1,2,3,1,0,0.24506276745982417,0,6.283185307179586,0.08325656894321946,37.5730037245669,-0.01,0.15,0.1,0.145,1,-0.7,0,0,0,0,0,0,0,0,0,0,0,0,-0.24491481172525129,-0.24491481172525129,-0.24491481172525129,-0.24491481172525129,0.00851439913632042,0.00851439913632042,0.00851439913632042,0.00851439913632042,1.0000000001724914,0,5.7620493756116645e-30,0
1,2,1863,0,0,2,0,1,2,3,1,0,0.24506276743238573,0,6.283185307179586,0.08325656894321949,37.593003726566906,-0.01,0.15,0.1,0.145,1,-0.7,0,0,0,0,0,0,0,0,0,0,0,0,-0.24491481169768467,-0.24491481169768467,-0.24491481169768467,-0.24491481169768467,0.008514399139530292,0.008514399139530292,0.008514399139530292,0.008514399139530292,1.0000000000124771,0,5.55889424925299e-30,0
1,2,1864,0,0,2,0,1,2,3,1,0,0.2450627675078205,0,6.283185307179586,0.08325656894321948,37.61300372856691,-0.01,0.15,0.1,0.145,1,-0.7,0,0,0,0,0,0,0,0,0,0,0,0,-0.2449148117734718,-0.2449148117734718,-0.2449148117734718,-0.2449148117734718,0.008514399130705643,0.008514399130705643,0.008514399130705643,0.008514399130705643,1.0000000003658442,0,5.36290195404599e-30,0
1,2,1865,0,0,2,0,1,2,3,1,0,0.24506276745324176,0,6.283185307179586,0.08325656894321942,37.63300373056691,-0.01,0.15,0.1,0.145,1,-0.7,0,0,0,0,0,0,0,0,0,0,0,0,-0.24491481171863813,-0.24491481171863813,-0.24491481171863813,-0.24491481171863813,0.008514399137090449,0.008514399137090449,0.008514399137090449,0.008514399137090449,0.9999999994443556,0,5.1738195937219e-30,0
1,2,1866,0,0,2,0,1,2,3,1,0,0.24506276746170844,0,6.283185307179586,0.08325656894321956,37.653003732566916,-0.01,0.15,0.1,0.145,1,-0.7,0,0,0,0,0,0,0,0,0,0,0,0,-0.24491481172714435,-0.24491481172714435,-0.24491481172714435,-0.24491481172714435,0.008514399136099993,0.008514399136099993,0.008514399136099993,0.008514399136099993,1.0000000004066294,0,4.9914041541746076e-30,0
1,2,1867,0,0,2,0,1,2,3,1,0,0.24506276742469765,0,6.283185307179586,0.08325656894321937,37.67300373456692,-0.01,0.15,0.1,0.145,1,-0.7,0,0,0,0,0,0,0,0,0,0,0,0,-0.24491481168996068,-0.24491481168996068,-0.24491481168996068,-0.24491481168996068,0.008514399140429675,0.008514399140429675,0.008514399140429675,0.008514399140429675,1.00000000002467,0,4.815419967494553e-30,0
1,2,1868,0,0,2,0,1,2,3,1,0,0.2450627673905983,0,6.283185307179586,0.0832565689432196,37.69300373656692,-0.01,0.15,0.1,0.145,1,-0.7,0,0,0,0,0,0,0,0,0,0,0,0,-0.24491481165570203,-0.24491481165570203,-0.24491481165570203,-0.24491481165570203,0.008514399144418731,0.008514399144418731,0.008514399144418731,0.008514399144418731,1.0000000004534968,0,4.645640674979111e-30,0
1,2,1869,0,0,2,0,1,2,3,1,0,0.2450627674380817,0,6.283185307179586,0.08325656894321941,37.713003738566925,-0.01,0.15,0.1,0.145,1,-0.7,0,0,0,0,0,0,0,0,0,0,0,0,-0.24491481170340723,-0.24491481170340723,-0.24491481170340723,-0.24491481170340723,0.008514399138863971,0.008514399138863971,0.008514399138863971,0.008514399138863971,1.0000000006153584,0,4.481847317453983e-30,0
1,2,1870,0,0,2,0,1,2,3,1,0,0.2450627674125659,0,6.283185307179586,0.08325656894321957,37.73300374056693,-0.01,0.15,0.1,0.145,1,-0.7,0,0,0,0,0,0,0,0,0,0,0,0,-0.2449148116777723,-0.2449148116777723,-0.2449148116777723,-0.2449148116777723,0.008514399141848877,0.008514399141848877,0.008514399141848877,0.008514399141848877,0.999999999952891,0,4.3238287569246245e-30,0
1,2,1871,0,0,2,0,1,2,3,1,0,0.24506276743303196,0,6.283185307179586,0.08325656894321944,37.75300374256693,-0.01,0.15,0.1,0.145,1,-0.7,0,0,0,0,0,0,0,0,0,0,0,0,-0.24491481169833393,-0.24491481169833393,-0.24491481169833393,-0.24491481169833393,0.008514399139454686,0.008514399139454686,0.008514399139454686,0.008514399139454686,1.0000000004670397,0,4.171381716257232e-30,0
1,2,1872,0,0,2,0,1,2,3,1,0,0.24506276741698796,0,6.283185307179586,0.08325656894321953,37.773003744566935,-0.01,0.15,0.1,0.145,1,-0.7,0,0,0,0,0,0,0,0,0,0,0,0,-0.244914811682215,-0.244914811682215,-0.244914811682215,-0.244914811682215,0.008514399141331569,0.008514399141331569,0.008514399141331569,0.008514399141331569,1.0000000001107452,0,4.0243094342467705e-30,0
1,2,1873,0,0,2,0,1,2,3,1,0,0.24506276740001062,0,6.283185307179586,0.08325656894321942,37.79300374656694,-0.01,0.15,0.1,0.145,1,-0.7,0,0,0,0,0,0,0,0,0,0,0,0,-0.24491481166515836,-0.24491481166515836,-0.24491481166515836,-0.24491481166515836,0.008514399143317636,0.008514399143317636,0.008514399143317636,0.008514399143317636,1.000000000389548,0,3.882422636689517e-30,0
1,2,1874,0,0,2,0,1,2,3,1,0,0.24506276740747984,0,6.283185307179586,0.08325656894321949,37.81300374856694,-0.01,0.15,0.1,0.145,1,-0.7,0,0,0,0,0,0,0,0,0,0,0,0,-0.24491481167266246,-0.24491481167266246,-0.24491481167266246,-0.24491481167266246,0.008514399142443866,0.008514399142443866,0.008514399142443866,0.008514399142443866,1.0000000004865655,0,3.745538377211777e-30,0
1,2,1875,0,0,2,0,1,2,3,1,0,0.24506276742002642,0,6.283185307179586,0.08325656894321953,37.833003750566945,-0.01,0.15,0.1,0.145,1,-0.7,0,0,0,0,0,0,0,0,0,0,0,0,-0.24491481168526763,-0.24491481168526763,-0.24491481168526763,-0.24491481168526763,0.008514399140976127,0.008514399140976127,0.008514399140976127,0.008514399140976127,1.0000000003103509,0,3.613480269924336e-30,0
1,2,1876,0,0,2,0,1,2,3,1,0,0.24506276748819017,0,6.283185307179586,0.0832565689432194,37.85300375256695,-0.01,0.15,0.1,0.145,1,-0.7,0,0,0,0,0,0,0,0,0,0,0,0,-0.24491481175374977,-0.24491481175374977,-0.24491481175374977,-0.24491481175374977,0.008514399133002039,0.008514399133002039,0.008514399133002039,0.008514399133002039,1.0000000002316654,0,3.486078203648355e-30,0
1,2,1877,0,0,2,0,1,2,3,1,0,0.24506276746787095,0,6.283185307179586,0.08325656894321942,37.87300375456695,-0.01,0.15,0.1,0.145,1,-0.7,0,0,0,0,0,0,0,0,0,0,0,0,-0.24491481173333565,-0.24491481173333565,-0.24491481173333565,-0.24491481173333565,0.00851439913537908,0.00851439913537908,0.00851439913537908,0.00851439913537908,0.9999999995945217,0,3.363167937761297e-30,0
1,2,1878,0,0,2,0,1,2,3,1,0,0.24506276741551328,0,6.283185307179586,0.08325656894321949,37.893003756566955,-0.01,0.15,0.1,0.145,1,-0.7,0,0,0,0,0,0,0,0,0,0,0,0,-0.2449148116807334,-0.2449148116807334,-0.2449148116807334,-0.2449148116807334,0.00851439914150408,0.00851439914150408,0.00851439914150408,0.00851439914150408,1.000000000150223,0,3.2445913245856646e-30,0
1,2,1879,0,0,2,0,1,2,3,1,0,0.24506276743010133,0,6.283185307179586,0.08325656894321952,37.91300375856696,-0.01,0.15,0.1,0.145,1,-0.7,0,0,0,0,0,0,0,0,0,0,0,0,-0.24491481169538962,-0.24491481169538962,-0.24491481169538962,-0.24491481169538962,0.0085143991397975,0.0085143991397975,0.0085143991397975,0.0085143991397975,1.000000000584322,0,3.130195401419179e-30,0
1,2,1880,0,0,2,0,1,2,3,1,0,0.24506276744108454,0,6.283185307179586,0.08325656894321941,37.93300376056696,-0.01,0.15,0.1,0.145,1,-0.7,0,0,0,0,0,0,0,0,0,0,0,0,-0.24491481170642412,-0.24491481170642412,-0.24491481170642412,-0.24491481170642412,0.008514399138512646,0.008514399138512646,0.008514399138512646,0.008514399138512646,1.0000000001687965,0,3.0198326846067216e-30,0
1,2,1881,0,0,2,0,1,2,3,1,0,0.24506276737186056,0,6.283185307179586,0.08325656894321956,37.953003762566965,-0.01,0.15,0.1,0.145,1,-0.7,0,0,0,0,0,0,0,0,0,0,0,0,-0.24491481163687678,-0.24491481163687678,-0.24491481163687678,-0.24491481163687678,0.008514399146610747,0.008514399146610747,0.008514399146610747,0.008514399146610747,1.0000000001237197,0,2.9133611187341727e-30,0
1,2,1882,0,0,2,0,1,2,3,1,0,0.24506276745837074,0,6.283185307179586,0.08325656894321942,37.97300376456697,-0.01,0.15,0.1,0.145,1,-0.7,0,0,0,0,0,0,0,0,0,0,0,0,-0.24491481172379106,-0.24491481172379106,-0.24491481172379106,-0.24491481172379106,0.008514399136490464,0.008514399136490464,0.008514399136490464,0.008514399136490464,1.0000000008980123,0,2.8106435547125053e-30,0
1,2,1883,0,0,2,0,1,2,3,1,0,0.24506276745611225,0,6.283185307179586,0.0832565689432196,37.99300376656697,-0.01,0.15,0.1,0.145,1,-0.7,0,0,0,0,0,0,0,0,0,0,0,0,-0.24491481172152202,-0.24491481172152202,-0.24491481172152202,-0.24491481172152202,0.008514399136754653,0.008514399136754653,0.008514399136754653,0.008514399136754653,0.9999999996412754,0,2.7115473358106547e-30,0
1,2,1884,0,0,2,0,1,2,3,1,0,0.24506276746192865,0,6.283185307179586,0.08325656894321937,38.013003768566975,-0.01,0.15,0.1,0.145,1,-0.7,0,0,0,0,0,0,0,0,0,0,0,0,-0.2449148117273656,-0.2449148117273656,-0.2449148117273656,-0.2449148117273656,0.008514399136074213,0.008514399136074213,0.008514399136074213,0.008514399136074213,1.0000000001213323,0,2.6159451727185775e-30,0
1,2,1885,0,0,2,0,1,2,3,1,0,0.24506276747610525,0,6.283185307179586,0.08325656894321937,38.03300377056698,-0.01,0.15,0.1,0.145,1,-0.7,0,0,0,0,0,0,0,0,0,0,0,0,-0.24491481174160842,-0.24491481174160842,-0.24491481174160842,-0.24491481174160842,0.008514399134415804,0.008514399134415804,0.008514399134415804,0.008514399134415804,1.0000000000434284,0,2.5237136427952535e-30,0
1,2,1886,0,0,2,0,1,2,3,1,0,0.24506276745648398,0,6.283185307179586,0.08325656894321966,38.05300377256698,-0.01,0.15,0.1,0.145,1,-0.7,0,0,0,0,0,0,0,0,0,0,0,0,-0.2449148117218955,-0.2449148117218955,-0.2449148117218955,-0.2449148117218955,0.008514399136711176,0.008514399136711176,0.008514399136711176,0.008514399136711176,0.9999999999195239,0,2.434733956308133e-30,0
1,2,1887,0,0,2,0,1,2,3,1,0,0.24506276744251063,0,6.283185307179586,0.08325656894321931,38.073003774566985,-0.01,0.15,0.1,0.145,1,-0.7,0,0,0,0,0,0,0,0,0,0,0,0,-0.24491481170785687,-0.24491481170785687,-0.24491481170785687,-0.24491481170785687,0.00851439913834582,0.00851439913834582,0.00851439913834582,0.00851439913834582,1.0000000002075353,0,2.348891501282844e-30,0
1,2,1888,0,0,2,0,1,2,3,1,0,0.24506276743928365,0,6.283185307179586,0.08325656894321956,38.09300377656699,-0.01,0.15,0.1,0.145,1,-0.7,0,0,0,0,0,0,0,0,0,0,0,0,-0.24491481170461482,-0.24491481170461482,-0.24491481170461482,-0.24491481170461482,0.008514399138723322,0.008514399138723322,0.008514399138723322,0.008514399138723322,1.0000000002480078,0,2.26607561011767e-30,0
1,2,1889,0,0,2,0,1,2,3,1,0,0.24506276738786698,0,6.283185307179586,0.08325656894321949,38.11300377856699,-0.01,0.15,0.1,0.145,1,-0.7,0,0,0,0,0,0,0,0,0,0,0,0,-0.24491481165295798,-0.24491481165295798,-0.24491481165295798,-0.24491481165295798,0.00851439914473827,0.00851439914473827,0.00851439914473827,0.00851439914473827,1.0000000002084022,0,2.1861795880509533e-30,0
1,2,1890,0,0,2,0,1,2,3,1,0,0.24506276747247474,0,6.283185307179586,0.08325656894321957,38.133003780566995,-0.01,0.15,0.1,0.145,1,-0.7,0,0,0,0,0,0,0,0,0,0,0,0,-0.24491481173796095,-0.24491481173796095,-0.24491481173796095,-0.24491481173796095,0.008514399134840518,0.008514399134840518,0.008514399134840518,0.008514399134840518,1.000000000714337,0,2.109100539933156e-30,0
1,2,1891,0,0,2,0,1,2,3,1,0,0.24506276742464142,0,6.283185307179586,0.08325656894321942,38.153003782567,-0.01,0.15,0.1,0.145,1,-0.7,0,0,0,0,0,0,0,0,0,0,0,0,-0.2449148116899042,-0.2449148116899042,-0.2449148116899042,-0.2449148116899042,0.008514399140436267,0.008514399140436267,0.008514399140436267,0.008514399140436267,0.9999999995801119,0,2.0347389706627856e-30,0
1,2,1892,0,0,2,0,1,2,3,1,0,0.24506276744403968,0,6.283185307179586,0.0832565689432195,38.173003784567,-0.01,0.15,0.1,0.145,1,-0.7,0,0,0,0,0,0,0,0,0,0,0,0,-0.24491481170939305,-0.24491481170939305,-0.24491481170939305,-0.24491481170939305,0.008514399138166958,0.008514399138166958,0.008514399138166958,0.008514399138166958,1.0000000005245084,0,1.9629993592211006e-30,0
1,2,1893,0,0,2,0,1,2,3,1,0,0.24506276747213976,0,6.283185307179586,0.08325656894321935,38.193003786567004,-0.01,0.15,0.1,0.145,1,-0.7,0,0,0,0,0,0,0,0,0,0,0,0,-0.2449148117376244,-0.2449148117376244,-0.2449148117376244,-0.2449148117376244,0.008514399134879714,0.008514399134879714,0.008514399134879714,0.008514399134879714,1.0000000000761275,0,1.8937889997206017e-30,0
1,2,1894,0,0,2,0,1,2,3,1,0,0.24506276746706854,0,6.283185307179586,0.08325656894321956,38.21300378856701,-0.01,0.15,0.1,0.145,1,-0.7,0,0,0,0,0,0,0,0,0,0,0,0,-0.2449148117325295,-0.2449148117325295,-0.2449148117325295,-0.2449148117325295,0.008514399135472974,0.008514399135472974,0.008514399135472974,0.008514399135472974,0.9999999998814957,0,1.8270188394162192e-30,0
1,2,1895,0,0,2,0,1,2,3,1,0,0.24506276740609367,0,6.283185307179586,0.08325656894321952,38.23300379056701,-0.01,0.15,0.1,0.145,1,-0.7,0,0,0,0,0,0,0,0,0,0,0,0,-0.2449148116712698,-0.2449148116712698,-0.2449148116712698,-0.2449148116712698,0.00851439914260605,0.00851439914260605,0.00851439914260605,0.00851439914260605,1.0000000000717506,0,1.7626028505903382e-30,0
1,2,1896,0,0,2,0,1,2,3,1,0,0.24506276739500205,0,6.283185307179586,0.08325656894321953,38.253003792567014,-0.01,0.15,0.1,0.145,1,-0.7,0,0,0,0,0,0,0,0,0,0,0,0,-0.24491481166012638,-0.24491481166012638,-0.24491481166012638,-0.24491481166012638,0.008514399143903575,0.008514399143903575,0.008514399143903575,0.008514399143903575,1.000000000694044,0,1.7004580306193046e-30,0
1,2,1897,0,0,2,0,1,2,3,1,0,0.2450627675013966,0,6.283185307179586,0.08325656894321949,38.27300379456702,-0.01,0.15,0.1,0.145,1,-0.7,0,0,0,0,0,0,0,0,0,0,0,0,-0.2449148117670179,-0.2449148117670179,-0.2449148117670179,-0.2449148117670179,0.00851439913145714,0.00851439913145714,0.00851439913145714,0.00851439913145714,1.0000000004741594,0,1.6405042255087534e-30,0
1,2,1898,0,0,2,0,1,2,3,1,0,0.24506276742513775,0,6.283185307179586,0.08325656894321942,38.29300379656702,-0.01,0.15,0.1,0.145,1,-0.7,0,0,0,0,0,0,0,0,0,0,0,0,-0.24491481169040283,-0.24491481169040283,-0.24491481169040283,-0.24491481169040283,0.008514399140378161,0.008514399140378161,0.008514399140378161,0.008514399140378161,0.9999999993177937,0,1.5826641799509857e-30,0
1,2,1899,0,0,2,0,1,2,3,1,0,0.2450627674475008,0,6.283185307179586,0.08325656894321946,38.313003798567024,-0.01,0.15,0.1,0.145,1,-0.7,0,0,0,0,0,0,0,0,0,0,0,0,-0.24491481171287036,-0.24491481171287036,-0.24491481171287036,-0.24491481171287036,0.008514399137762063,0.008514399137762063,0.008514399137762063,0.008514399137762063,1.0000000006673844,0,1.5268635756359684e-30,0
1,2,1900,0,0,2,0,1,2,3,1,0,0.24506276747822406,0,6.283185307179586,0.08325656894321941,38.33300380056703,-0.01,0.15,0.1,0.145,1,-0.7,0,0,0,0,0,0,0,0,0,0,0,0,-0.2449148117437371,-0.2449148117437371,-0.2449148117437371,-0.2449148117437371,0.00851439913416795,0.00851439913416795,0.00851439913416795,0.00851439913416795,1.0000000000307523,0,1.4730302432581975e-30,0
1,2,1901,0,0,2,0,1,2,3,1,0,0.24506276742760771,0,6.283185307179586,0.08325656894321957,38.35300380256703,-0.01,0.15,0.1,0.145,1,-0.7,0,0,0,0,0,0,0,0,0,0,0,0,-0.24491481169288432,-0.24491481169288432,-0.24491481169288432,-0.24491481169288432,0.008514399140089264,0.008514399140089264,0.008514399140089264,0.008514399140089264,0.999999999839531,0,1.4210949606601341e-30,0
1,2,1902,0,0,2,0,1,2,3,1,0,0.24506276745499106,0,6.283185307179586,0.0832565689432195,38.373003804567034,-0.01,0.15,0.1,0.145,1,-0.7,0,0,0,0,0,0,0,0,0,0,0,0,-0.2449148117203956,-0.2449148117203956,-0.2449148117203956,-0.2449148117203956,0.008514399136885824,0.008514399136885824,0.008514399136885824,0.008514399136885824,1.0000000005170904,0,1.3709908302847967e-30,0
1,2,1903,0,0,2,0,1,2,3,1,0,0.24506276749674527,0,6.283185307179586,0.0832565689432194,38.39300380656704,-0.01,0.15,0.1,0.145,1,-0.7,0,0,0,0,0,0,0,0,0,0,0,0,-0.24491481176234484,-0.24491481176234484,-0.24491481176234484,-0.24491481176234484,0.008514399132001244,0.008514399132001244,0.008514399132001244,0.008514399132001244,0.9999999999594422,0,1.3226531791457771e-30,0
1,2,1904,0,0,2,0,1,2,3,1,0,0.24506276740990368,0,6.283185307179586,0.08325656894321945,38.41300380856704,-0.01,0.15,0.1,0.145,1,-0.7,0,0,0,0,0,0,0,0,0,0,0,0,-0.2449148116750976,-0.2449148116750976,-0.2449148116750976,-0.2449148116750976,0.008514399142160303,0.008514399142160303,0.008514399142160303,0.008514399142160303,0.9999999996778968,0,1.2760198032836188e-30,0
1,2,1905,0,0,2,0,1,2,3,1,0,0.24506276749586006,0,6.283185307179586,0.08325656894321948,38.433003810567044,-0.01,0.15,0.1,0.145,1,-0.7,0,0,0,0,0,0,0,0,0,0,0,0,-0.2449148117614555,-0.2449148117614555,-0.2449148117614555,-0.2449148117614555,0.008514399132104795,0.008514399132104795,0.008514399132104795,0.008514399132104795,1.0000000007929657,0,1.2310306680916251e-30,0
1,2,1906,0,0,2,0,1,2,3,1,0,0.24506276744579172,0,6.283185307179586,0.08325656894321946,38.45300381256705,-0.01,0.15,0.1,0.145,1,-0.7,0,0,0,0,0,0,0,0,0,0,0,0,-0.24491481171115329,-0.24491481171115329,-0.24491481171115329,-0.24491481171115329,0.00851439913796203,0.00851439913796203,0.00851439913796203,0.00851439913796203,0.9999999994463877,0,1.1876276199505508e-30,0
1,2,1907,0,0,2,0,1,2,3,1,0,0.2450627673998886,0,6.283185307179586,0.08325656894321949,38.47300381456705,-0.01,0.15,0.1,0.145,1,-0.7,0,0,0,0,0,0,0,0,0,0,0,0,-0.24491481166503576,-0.24491481166503576,-0.24491481166503576,-0.24491481166503576,0.008514399143331922,0.008514399143331922,0.008514399143331922,0.008514399143331922,1.0000000004250182,0,1.1457549562484698e-30,0
1,2,1908,0,0,2,0,1,2,3,1,0,0.24506276746337566,0,6.283185307179586,0.08325656894321953,38.493003816567054,-0.01,0.15,0.1,0.145,1,-0.7,0,0,0,0,0,0,0,0,0,0,0,0,-0.24491481172881935,-0.24491481172881935,-0.24491481172881935,-0.24491481172881935,0.00851439913590494,0.00851439913590494,0.00851439913590494,0.00851439913590494,1.0000000006359784,0,1.1053585819410533e-30,0
1,2,1909,0,0,2,0,1,2,3,1,0,0.24506276750565664,0,6.283185307179586,0.0832565689432194,38.51300381856706,-0.01,0.15,0.1,0.145,1,-0.7,0,0,0,0,0,0,0,0,0,0,0,0,-0.24491481177129784,-0.24491481177129784,-0.24491481177129784,-0.24491481177129784,0.00851439913095878,0.00851439913095878,0.00851439913095878,0.00851439913095878,0.9999999997363602,0,1.0663864340521915e-30,0
1,2,1910,0,0,2,0,1,2,3,1,0,0.24506276747380637,0,6.283185307179586,0.08325656894321956,38.53300382056706,-0.01,0.15,0.1,0.145,1,-0.7,0,0,0,0,0,0,0,0,0,0,0,0,-0.2449148117392988,-0.2449148117392988,-0.2449148117392988,-0.2449148117392988,0.008514399134684708,0.008514399134684708,0.008514399134684708,0.008514399134684708,0.9999999996368985,0,1.0287883768133243e-30,0
1,2,1911,0,0,2,0,1,2,3,1,0,0.24506276743835126,0,6.283185307179586,0.08325656894321937,38.553003822567064,-0.01,0.15,0.1,0.145,1,-0.7,0,0,0,0,0,0,0,0,0,0,0,0,-0.24491481170367807,-0.24491481170367807,-0.24491481170367807,-0.24491481170367807,0.008514399138832389,0.008514399138832389,0.008514399138832389,0.008514399138832389,1.00000000018008,0,9.925159561969127e-31,0
1,2,1912,0,0,2,0,1,2,3,1,0,0.2450627674611847,0,6.283185307179586,0.08325656894321944,38.57300382456707,-0.01,0.15,0.1,0.145,1,-0.7,0,0,0,0,0,0,0,0,0,0,0,0,-0.24491481172661814,-0.24491481172661814,-0.24491481172661814,-0.24491481172661814,0.008514399136161257,0.008514399136161257,0.008514399136161257,0.008514399136161257,1.0000000003849294,0,9.575223945803679e-31,0
1,2,1913,0,0,2,0,1,2,3,1,0,0.24506276744904698,0,6.283185307179586,0.08325656894321946,38.59300382656707,-0.01,0.15,0.1,0.145,1,-0.7,0,0,0,0,0,0,0,0,0,0,0,0,-0.24491481171442375,-0.24491481171442375,-0.24491481171442375,-0.24491481171442375,0.008514399137581173,0.008514399137581173,0.008514399137581173,0.008514399137581173,0.9999999999518252,0,9.23762593712983e-31,0
1,2,1914,0,0,2,0,1,2,3,1,0,0.24506276744794112,0,6.283185307179586,0.08325656894321956,38.613003828567074,-0.01,0.15,0.1,0.145,1,-0.7,0,0,0,0,0,0,0,0,0,0,0,0,-0.24491481171331272,-0.24491481171331272,-0.24491481171331272,-0.24491481171331272,0.008514399137710548,0.008514399137710548,0.008514399137710548,0.008514399137710548,1.0000000002134755,0,8.911931004072702e-31,0
1,2,1915,0,0,2,0,1,2,3,1,0,0.2450627674147969,0,6.283185307179586,0.08325656894321942,38.63300383056708,-0.01,0.15,0.1,0.145,1,-0.7,0,0,0,0,0,0,0,0,0,0,0,0,-0.2449148116800137,-0.2449148116800137,-0.2449148116800137,-0.2449148116800137,0.008514399141587883,0.008514399141587883,0.008514399141587883,0.008514399141587883,1.0000000001534488,0,8.597719138026739e-31,0
1,2,1916,0,0,2,0,1,2,3,1,0,0.24506276748361408,0,6.283185307179586,0.08325656894321949,38.65300383256708,-0.01,0.15,0.1,0.145,1,-0.7,0,0,0,0,0,0,0,0,0,0,0,0,-0.2449148117491523,-0.2449148117491523,-0.2449148117491523,-0.2449148117491523,0.008514399133537411,0.008514399133537411,0.008514399133537411,0.008514399133537411,1.0000000004948646,0,8.294585703111232e-31,0
1,2,1917,0,0,2,0,1,2,3,1,0,0.245062767424462,0,6.283185307179586,0.08325656894321948,38.67300383456708,-0.01,0.15,0.1,0.145,1,-0.7,0,0,0,0,0,0,0,0,0,0,0,0,-0.24491481168972393,-0.24491481168972393,-0.24491481168972393,-0.24491481168972393,0.00851439914045725,0.00851439914045725,0.00851439914045725,0.00851439914045725,0.99999999961409,0,8.002139592418007e-31,0
1,2,1918,0,0,2,0,1,2,3,1,0,0.2450627674163899,0,6.283185307179586,0.08325656894321959,38.69300383656709,-0.01,0.15,0.1,0.145,1,-0.7,0,0,0,0,0,0,0,0,0,0,0,0,-0.24491481168161414,-0.24491481168161414,-0.24491481168161414,-0.24491481168161414,0.00851439914140152,0.00851439914140152,0.00851439914140152,0.00851439914140152,1.0000000005916831,0,7.720004948086079e-31,0
1,2,1919,0,0,2,0,1,2,3,1,0,0.24506276750042288,0,6.283185307179586,0.0832565689432194,38.71300383856709,-0.01,0.15,0.1,0.145,1,-0.7,0,0,0,0,0,0,0,0,0,0,0,0,-0.24491481176603963,-0.24491481176603963,-0.24491481176603963,-0.24491481176603963,0.00851439913157105,0.00851439913157105,0.00851439913157105,0.00851439913157105,1.000000000358071,0,7.447817292950996e-31,0
1,2,1920,0,0,2,0,1,2,3,1,0,0.2450627674598259,0,6.283185307179586,0.08325656894321955,38.73300384056709,-0.01,0.15,0.1,0.145,1,-0.7,0,0,0,0,0,0,0,0,0,0,0,0,-0.244914811725253,-0.244914811725253,-0.244914811725253,-0.244914811725253,0.008514399136320218,0.008514399136320218,0.008514399136320218,0.008514399136320218,0.9999999994428919,0,7.185226086296676e-31,0
1,2,1921,0,0,2,0,1,2,3,1,0,0.24506276746854974,0,6.283185307179586,0.08325656894321937,38.7530038425671,-0.01,0.15,0.1,0.145,1,-0.7,0,0,0,0,0,0,0,0,0,0,0,0,-0.2449148117340176,-0.2449148117340176,-0.2449148117340176,-0.2449148117340176,0.008514399135299692,0.008514399135299692,0.008514399135299692,0.008514399135299692,1.000000000304567,0,6.931893658818377e-31,0
1,2,1922,0,0,2,0,1,2,3,1,0,0.24506276749164452,0,6.283185307179586,0.08325656894321949,38.7730038445671,-0.01,0.15,0.1,0.145,1,-0.7,0,0,0,0,0,0,0,0,0,0,0,0,-0.24491481175722027,-0.24491481175722027,-0.24491481175722027,-0.24491481175722027,0.00851439913259798,0.00851439913259798,0.00851439913259798,0.00851439913259798,1.0000000000069633,0,6.687492774208972e-31,0
1,2,1923,0,0,2,0,1,2,3,1,0,0.2450627674878642,0,6.283185307179586,0.08325656894321955,38.7930038465671,-0.01,0.15,0.1,0.145,1,-0.7,0,0,0,0,0,0,0,0,0,0,0,0,-0.24491481175342228,-0.24491481175342228,-0.24491481175342228,-0.24491481175342228,0.008514399133040224,0.008514399133040224,0.008514399133040224,0.008514399133040224,0.999999999810214,0,6.451708867984501e-31,0
1,2,1924,0,0,2,0,1,2,3,1,0,0.24506276745000038,0,6.283185307179586,0.0832565689432195,38.81300384856711,-0.01,0.15,0.1,0.145,1,-0.7,0,0,0,0,0,0,0,0,0,0,0,0,-0.2449148117153816,-0.2449148117153816,-0.2449148117153816,-0.2449148117153816,0.008514399137469675,0.008514399137469675,0.008514399137469675,0.008514399137469675,0.9999999999595133,0,6.224238185612635e-31,0
1,2,1925,0,0,2,0,1,2,3,1,0,0.24506276742197086,0,6.283185307179586,0.0832565689432195,38.83300385056711,-0.01,0.15,0.1,0.145,1,-0.7,0,0,0,0,0,0,0,0,0,0,0,0,-0.24491481168722115,-0.24491481168722115,-0.24491481168722115,-0.24491481168722115,0.008514399140748655,0.008514399140748655,0.008514399140748655,0.008514399140748655,1.0000000003506528,0,6.004787585133036e-31,0
1,2,1926,0,0,2,0,1,2,3,1,0,0.24506276749051922,0,6.283185307179586,0.08325656894321937,38.85300385256711,-0.01,0.15,0.1,0.145,1,-0.7,0,0,0,0,0,0,0,0,0,0,0,0,-0.2449148117560897,-0.2449148117560897,-0.2449148117560897,-0.2449148117560897,0.008514399132729623,0.008514399132729623,0.008514399132729623,0.008514399132729623,1.0000000004318963,0,5.793074184479958e-31,0
1,2,1927,0,0,2,0,1,2,3,1,0,0.24506276747659483,0,6.283185307179586,0.08325656894321949,38.873003854567116,-0.01,0.15,0.1,0.145,1,-0.7,0,0,0,0,0,0,0,0,0,0,0,0,-0.24491481174210028,-0.24491481174210028,-0.24491481174210028,-0.24491481174210028,0.008514399134358511,0.008514399134358511,0.008514399134358511,0.008514399134358511,0.9999999995832951,0,5.588825047707858e-31,0
1,2,1928,0,0,2,0,1,2,3,1,0,0.24506276742077623,0,6.283185307179586,0.08325656894321955,38.89300385656712,-0.01,0.15,0.1,0.145,1,-0.7,0,0,0,0,0,0,0,0,0,0,0,0,-0.24491481168602094,-0.24491481168602094,-0.24491481168602094,-0.24491481168602094,0.008514399140888402,0.008514399140888402,0.008514399140888402,0.008514399140888402,1.0000000000764686,0,5.391777504023953e-31,0
1,2,1929,0,0,2,0,1,2,3,1,0,0.24506276741002708,0,6.283185307179586,0.0832565689432195,38.91300385856712,-0.01,0.15,0.1,0.145,1,-0.7,0,0,0,0,0,0,0,0,0,0,0,0,-0.24491481167522158,-0.24491481167522158,-0.24491481167522158,-0.24491481167522158,0.008514399142145902,0.008514399142145902,0.008514399142145902,0.008514399142145902,1.000000000582773,0,5.2016773495332175e-31,0
1,2,1930,0,0,2,0,1,2,3,1,0,0.245062767462323,0,6.283185307179586,0.08325656894321948,38.933003860567126,-0.01,0.15,0.1,0.145,1,-0.7,0,0,0,0,0,0,0,0,0,0,0,0,-0.24491481172776178,-0.24491481172776178,-0.24491481172776178,-0.24491481172776178,0.00851439913602809,0.00851439913602809,0.00851439913602809,0.00851439913602809,1.0000000004073684,0,5.018279501479567e-31,0
1,2,1931,0,0,2,0,1,2,3,1,0,0.2450627674339063,0,6.283185307179586,0.08325656894321941,38.95300386256713,-0.01,0.15,0.1,0.145,1,-0.7,0,0,0,0,0,0,0,0,0,0,0,0,-0.24491481169921234,-0.24491481169921234,-0.24491481169921234,-0.24491481169921234,0.008514399139352393,0.008514399139352393,0.008514399139352393,0.008514399139352393,0.9999999998068034,0,4.841347713230628e-31,0
1,2,1932,0,0,2,0,1,2,3,1,0,0.24506276740392938,0,6.283185307179586,0.0832565689432195,38.97300386456713,-0.01,0.15,0.1,0.145,1,-0.7,0,0,0,0,0,0,0,0,0,0,0,0,-0.2449148116690954,-0.2449148116690954,-0.2449148116690954,-0.2449148116690954,0.00851439914285923,0.00851439914285923,0.00851439914285923,0.00851439914285923,1.000000000371088,0,4.670654302998497e-31,0
1,2,1933,0,0,2,0,1,2,3,1,0,0.24506276744118408,0,6.283185307179586,0.08325656894321956,38.993003866567136,-0.01,0.15,0.1,0.145,1,-0.7,0,0,0,0,0,0,0,0,0,0,0,0,-0.2449148117065241,-0.2449148117065241,-0.2449148117065241,-0.2449148117065241,0.008514399138501017,0.008514399138501017,0.008514399138501017,0.008514399138501017,1.0000000005355787,0,4.505979030488288e-31,0
1,2,1934,0,0,2,0,1,2,3,1,0,0.2450627674874258,0,6.283185307179586,0.08325656894321946,39.01300386856714,-0.01,0.15,0.1,0.145,1,-0.7,0,0,0,0,0,0,0,0,0,0,0,0,-0.24491481175298185,-0.24491481175298185,-0.24491481175298185,-0.24491481175298185,0.00851439913309147,0.00851439913309147,0.00851439913309147,0.00851439913309147,0.9999999999928235,0,4.347109665106712e-31,0
1,2,1935,0,0,2,0,1,2,3,1,0,0.24506276749306816,0,6.283185307179586,0.08325656894321941,39.03300387056714,-0.01,0.15,0.1,0.145,1,-0.7,0,0,0,0,0,0,0,0,0,0,0,0,-0.24491481175865054,-0.24491481175865054,-0.24491481175865054,-0.24491481175865054,0.008514399132431407,0.008514399132431407,0.008514399132431407,0.008514399132431407,0.9999999997097433,0,4.193841671417273e-31,0
1,2,1936,0,0,2,0,1,2,3,1,0,0.24506276746015557,0,6.283185307179586,0.08325656894321953,39.053003872567146,-0.01,0.15,0.1,0.145,1,-0.7,0,0,0,0,0,0,0,0,0,0,0,0,-0.24491481172558424,-0.24491481172558424,-0.24491481172558424,-0.24491481172558424,0.008514399136281627,0.008514399136281627,0.008514399136281627,0.008514399136281627,0.9999999998933333,0,4.045977590240338e-31,0
1,2,1937,0,0,2,0,1,2,3,1,0,0.24506276748257477,0,6.283185307179586,0.08325656894321944,39.07300387456715,-0.01,0.15,0.1,0.145,1,-0.7,0,0,0,0,0,0,0,0,0,0,0,0,-0.24491481174810814,-0.24491481174810814,-0.24491481174810814,-0.24491481174810814,0.008514399133658987,0.008514399133658987,0.008514399133658987,0.008514399133658987,1.0000000002577139,0,3.9033268456328105e-31,0
1,2,1938,0,0,2,0,1,2,3,1,0,0.24506276741288696,0,6.283185307179586,0.08325656894321955,39.09300387656715,-0.01,0.15,0.1,0.145,1,-0.7,0,0,0,0,0,0,0,0,0,0,0,0,-0.2449148116780948,-0.2449148116780948,-0.2449148116780948,-0.2449148116780948,0.008514399141811338,0.008514399141811338,0.008514399141811338,0.008514399141811338,0.9999999998682085,0,3.765705484374151e-31,0
1,2,1939,0,0,2,0,1,2,3,1,0,0.2450627674846063,0,6.283185307179586,0.08325656894321945,39.113003878567156,-0.01,0.15,0.1,0.145,1,-0.7,0,0,0,0,0,0,0,0,0,0,0,0,-0.24491481175014915,-0.24491481175014915,-0.24491481175014915,-0.24491481175014915,0.008514399133421346,0.008514399133421346,0.008514399133421346,0.008514399133421346,1.0000000007043894,0,3.63293647889409e-31,0
1,2,1940,0,0,2,0,1,2,3,1,0,0.24506276742864191,0,6.283185307179586,0.0832565689432195,39.13300388056716,-0.01,0.15,0.1,0.145,1,-0.7,0,0,0,0,0,0,0,0,0,0,0,0,-0.24491481169392337,-0.24491481169392337,-0.24491481169392337,-0.24491481169392337,0.008514399139968267,0.008514399139968267,0.008514399139968267,0.008514399139968267,0.9999999995909832,0,3.504848296540726e-31,0
1,2,1941,0,0,2,0,1,2,3,1,0,0.24506276738607116,0,6.283185307179586,0.08325656894321955,39.15300388256716,-0.01,0.15,0.1,0.145,1,-0.7,0,0,0,0,0,0,0,0,0,0,0,0,-0.24491481165115378,-0.24491481165115378,-0.24491481165115378,-0.24491481165115378,0.008514399144948358,0.008514399144948358,0.008514399144948358,0.008514399144948358,1.00000000055077,0,3.381276453879382e-31,0
1,2,1942,0,0,2,0,1,2,3,1,0,0.24506276738799984,0,6.283185307179586,0.08325656894321952,39.173003884567166,-0.01,0.15,0.1,0.145,1,-0.7,0,0,0,0,0,0,0,0,0,0,0,0,-0.24491481165309145,-0.24491481165309145,-0.24491481165309145,-0.24491481165309145,0.008514399144722693,0.008514399144722693,0.008514399144722693,0.008514399144722693,1.000000000700581,0,3.26206133063626e-31,0
1,2,1943,0,0,2,0,1,2,3,1,0,0.2450627674365371,0,6.283185307179586,0.08325656894321935,39.19300388656717,-0.01,0.15,0.1,0.145,1,-0.7,0,0,0,0,0,0,0,0,0,0,0,0,-0.24491481170185542,-0.24491481170185542,-0.24491481170185542,-0.24491481170185542,0.00851439913904463,0.00851439913904463,0.00851439913904463,0.00851439913904463,1.0000000004570921,0,3.147049378023423e-31,0
1,2,1944,0,0,2,0,1,2,3,1,0,0.24506276744113595,0,6.283185307179586,0.08325656894321955,39.21300388856717,-0.01,0.15,0.1,0.145,1,-0.7,0,0,0,0,0,0,0,0,0,0,0,0,-0.24491481170647578,-0.24491481170647578,-0.24491481170647578,-0.24491481170647578,0.00851439913850663,0.00851439913850663,0.00851439913850663,0.00851439913850663,0.9999999999680966,0,3.036092422839889e-31,0
1,2,1945,0,0,2,0,1,2,3,1,0,0.24506276740893945,0,6.283185307179586,0.08325656894321946,39.233003890567176,-0.01,0.15,0.1,0.145,1,-0.7,0,0,0,0,0,0,0,0,0,0,0,0,-0.24491481167412887,-0.24491481167412887,-0.24491481167412887,-0.24491481167412887,0.00851439914227311,0.00851439914227311,0.00851439914227311,0.00851439914227311,1.0000000001666365,0,2.9290476080392726e-31,0
1,2,1946,0,0,2,0,1,2,3,1,0,0.2450627674116717,0,6.283185307179586,0.08325656894321953,39.25300389256718,-0.01,0.15,0.1,0.145,1,-0.7,0,0,0,0,0,0,0,0,0,0,0,0,-0.2449148116768739,-0.2449148116768739,-0.2449148116768739,-0.2449148116768739,0.008514399141953467,0.008514399141953467,0.008514399141953467,0.008514399141953467,1.000000000528388,0,2.825776935387737e-31,0
1,2,1947,0,0,2,0,1,2,3,1,0,0.2450627674586826,0,6.283185307179586,0.08325656894321948,39.27300389456718,-0.01,0.15,0.1,0.145,1,-0.7,0,0,0,0,0,0,0,0,0,0,0,0,-0.2449148117241044,-0.2449148117241044,-0.2449148117241044,-0.2449148117241044,0.008514399136453986,0.008514399136453986,0.008514399136453986,0.008514399136453986,1.0000000003313687,0,2.726147261193074e-31,0
1,2,1948,0,0,2,0,1,2,3,1,0,0.24506276746742386,0,6.283185307179586,0.08325656894321949,39.293003896567186,-0.01,0.15,0.1,0.145,1,-0.7,0,0,0,0,0,0,0,0,0,0,0,0,-0.24491481173288648,-0.24491481173288648,-0.24491481173288648,-0.24491481173288648,0.008514399135431411,0.008514399135431411,0.008514399135431411,0.008514399135431411,0.9999999998544382,0,2.630030245868826e-31,0
1,2,1949,0,0,2,0,1,2,3,1,0,0.24506276743669816,0,6.283185307179586,0.08325656894321957,39.31300389856719,-0.01,0.15,0.1,0.145,1,-0.7,0,0,0,0,0,0,0,0,0,0,0,0,-0.24491481170201726,-0.24491481170201726,-0.24491481170201726,-0.24491481170201726,0.008514399139025769,0.008514399139025769,0.008514399139025769,0.008514399139025769,1.0000000000010516,0,2.5373021346240397e-31,0
1,2,1950,0,0,2,0,1,2,3,1,0,0.2450627674050391,0,6.283185307179586,0.08325656894321937,39.33300390056719,-0.01,0.15,0.1,0.145,1,-0.7,0,0,0,0,0,0,0,0,0,0,0,0,-0.24491481167021031,-0.24491481167021031,-0.24491481167021031,-0.24491481167021031,0.008514399142729388,0.008514399142729388,0.008514399142729388,0.008514399142729388,1.0000000003721965,0,2.4478433987833466e-31,0
1,2,1951,0,0,2,0,1,2,3,1,0,0.24506276744061206,0,6.283185307179586,0.0832565689432195,39.353003902567195,-0.01,0.15,0.1,0.145,1,-0.7,0,0,0,0,0,0,0,0,0,0,0,0,-0.24491481170594942,-0.24491481170594942,-0.24491481170594942,-0.24491481170594942,0.008514399138567916,0.008514399138567916,0.008514399138567916,0.008514399138567916,1.0000000005516227,0,2.36153872931555e-31,0
1,2,1952,0,0,2,0,1,2,3,1,0,0.24506276742595037,0,6.283185307179586,0.08325656894321942,39.3730039045672,-0.01,0.15,0.1,0.145,1,-0.7,0,0,0,0,0,0,0,0,0,0,0,0,-0.24491481169121926,-0.24491481169121926,-0.24491481169121926,-0.24491481169121926,0.008514399140283138,0.008514399140283138,0.008514399140283138,0.008514399140283138,1.0000000000140545,0,2.278276877579224e-31,0
1,2,1953,0,0,2,0,1,2,3,1,0,0.24506276744417288,0,6.283185307179586,0.08325656894321956,39.3930039065672,-0.01,0.15,0.1,0.145,1,-0.7,0,0,0,0,0,0,0,0,0,0,0,0,-0.2449148117095269,-0.2449148117095269,-0.2449148117095269,-0.2449148117095269,0.008514399138151385,0.008514399138151385,0.008514399138151385,0.008514399138151385,1.0000000003479386,0,2.197950702660722e-31,0
1,2,1954,0,0,2,0,1,2,3,1,0,0.24506276746508648,0,6.283185307179586,0.08325656894321948,39.413003908567205,-0.01,0.15,0.1,0.145,1,-0.7,0,0,0,0,0,0,0,0,0,0,0,0,-0.24491481173053817,-0.24491481173053817,-0.24491481173053817,-0.24491481173053817,0.008514399135704832,0.008514399135704832,0.008514399135704832,0.008514399135704832,1.0000000000947864,0,2.120456571270187e-31,0
1,2,1955,0,0,2,0,1,2,3,1,0,0.24506276744143482,0,6.283185307179586,0.08325656894321946,39.43300391056721,-0.01,0.15,0.1,0.145,1,-0.7,0,0,0,0,0,0,0,0,0,0,0,0,-0.24491481170677604,-0.24491481170677604,-0.24491481170677604,-0.24491481170677604,0.008514399138471662,0.008514399138471662,0.008514399138471662,0.008514399138471662,0.9999999999616307,0,2.045694696679961e-31,0
1,2,1956,0,0,2,0,1,2,3,1,0,0.245062767417762,0,6.283185307179586,0.08325656894321942,39.45300391256721,-0.01,0.15,0.1,0.145,1,-0.7,0,0,0,0,0,0,0,0,0,0,0,0,-0.24491481168299264,-0.24491481168299264,-0.24491481168299264,-0.24491481168299264,0.008514399141241002,0.008514399141241002,0.008514399141241002,0.008514399141241002,1.0000000003194458,0,1.9735687717374972e-31,0
1,2,1957,0,0,2,0,1,2,3,1,0,0.24506276745146507,0,6.283185307179586,0.08325656894321953,39.473003914567215,-0.01,0.15,0.1,0.145,1,-0.7,0,0,0,0,0,0,0,0,0,0,0,0,-0.24491481171685314,-0.24491481171685314,-0.24491481171685314,-0.24491481171685314,0.008514399137298307,0.008514399137298307,0.008514399137298307,0.008514399137298307,1.0000000004327774,0,1.9039858037243146e-31,0
1,2,1958,0,0,2,0,1,2,3,1,0,0.24506276745137032,0,6.283185307179586,0.08325656894321941,39.49300391656722,-0.01,0.15,0.1,0.145,1,-0.7,0,0,0,0,0,0,0,0,0,0,0,0,-0.24491481171675794,-0.24491481171675794,-0.24491481171675794,-0.24491481171675794,0.008514399137309414,0.008514399137309414,0.008514399137309414,0.008514399137309414,0.9999999999641602,0,1.836856109183606e-31,0
1,2,1959,0,0,2,0,1,2,3,1,0,0.24506276744858288,0,6.283185307179586,0.08325656894321962,39.51300391856722,-0.01,0.15,0.1,0.145,1,-0.7,0,0,0,0,0,0,0,0,0,0,0,0,-0.2449148117139575,-0.2449148117139575,-0.2449148117139575,-0.2449148117139575,0.008514399137635492,0.008514399137635492,0.008514399137635492,0.008514399137635492,1.000000000147594,0,1.7720932823697162e-31,0
1,2,1960,0,0,2,0,1,2,3,1,0,0.245062767458342,0,6.283185307179586,0.0832565689432194,39.533003920567225,-0.01,0.15,0.1,0.145,1,-0.7,0,0,0,0,0,0,0,0,0,0,0,0,-0.24491481172376217,-0.24491481172376217,-0.24491481172376217,-0.24491481172376217,0.008514399136493848,0.008514399136493848,0.008514399136493848,0.008514399136493848,1.000000000175234,0,1.7096138164510787e-31,0
1,2,1961,0,0,2,0,1,2,3,1,0,0.24506276748184533,0,6.283185307179586,0.08325656894321949,39.55300392256723,-0.01,0.15,0.1,0.145,1,-0.7,0,0,0,0,0,0,0,0,0,0,0,0,-0.2449148117473753,-0.2449148117473753,-0.2449148117473753,-0.2449148117473753,0.008514399133744322,0.008514399133744322,0.008514399133744322,0.008514399133744322,1.0000000000567013,0,1.6493372068797491e-31,0
1,2,1962,0,0,2,0,1,2,3,1,0,0.24506276746707908,0,6.283185307179586,0.08325656894321942,39.57300392456723,-0.01,0.15,0.1,0.145,1,-0.7,0,0,0,0,0,0,0,0,0,0,0,0,-0.24491481173254007,-0.24491481173254007,-0.24491481173254007,-0.24491481173254007,0.008514399135471709,0.008514399135471709,0.008514399135471709,0.008514399135471709,0.9999999998597673,0,1.5911857914501015e-31,0
1,2,1963,0,0,2,0,1,2,3,1,0,0.2450627674489932,0,6.283185307179586,0.0832565689432195,39.593003926567235,-0.01,0.15,0.1,0.145,1,-0.7,0,0,0,0,0,0,0,0,0,0,0,0,-0.2449148117143697,-0.2449148117143697,-0.2449148117143697,-0.2449148117143697,0.008514399137587487,0.008514399137587487,0.008514399137587487,0.008514399137587487,1.0000000001442544,0,1.5350846749432823e-31,0
1,2,1964,0,0,2,0,1,2,3,1,0,0.24506276748085512,0,6.283185307179586,0.08325656894321948,39.61300392856724,-0.01,0.15,0.1,0.145,1,-0.7,0,0,0,0,0,0,0,0,0,0,0,0,-0.24491481174638047,-0.24491481174638047,-0.24491481174638047,-0.24491481174638047,0.008514399133860163,0.008514399133860163,0.008514399133860163,0.008514399133860163,1.0000000002503242,0,1.4809615297496017e-31,0
1,2,1965,0,0,2,0,1,2,3,1,0,0.24506276743200364,0,6.283185307179586,0.0832565689432195,39.63300393056724,-0.01,0.15,0.1,0.145,1,-0.7,0,0,0,0,0,0,0,0,0,0,0,0,-0.2449148116973008,-0.2449148116973008,-0.2449148116973008,-0.2449148116973008,0.00851439913957497,0.00851439913957497,0.00851439913957497,0.00851439913957497,0.9999999998190816,0,1.4287465973188063e-31,0
1,2,1966,0,0,2,0,1,2,3,1,0,0.24506276746896158,0,6.283185307179586,0.08325656894321946,39.653003932567245,-0.01,0.15,0.1,0.145,1,-0.7,0,0,0,0,0,0,0,0,0,0,0,0,-0.24491481173443136,-0.24491481173443136,-0.24491481173443136,-0.24491481173443136,0.008514399135251522,0.008514399135251522,0.008514399135251522,0.008514399135251522,1.0000000004972378,0,1.3783726905471038e-31,0
1,2,1967,0,0,2,0,1,2,3,1,0,0.24506276746226613,0,6.283185307179586,0.08325656894321956,39.67300393456725,-0.01,0.15,0.1,0.145,1,-0.7,0,0,0,0,0,0,0,0,0,0,0,0,-0.24491481172770466,-0.24491481172770466,-0.24491481172770466,-0.24491481172770466,0.008514399136034738,0.008514399136034738,0.008514399136034738,0.008514399136034738,0.9999999998554614,0,1.3297747680885157e-31,0
1,2,1968,0,0,2,0,1,2,3,1,0,0.2450627674136767,0,6.283185307179586,0.08325656894321944,39.69300393656725,-0.01,0.15,0.1,0.145,1,-0.7,0,0,0,0,0,0,0,0,0,0,0,0,-0.24491481167888823,-0.24491481167888823,-0.24491481167888823,-0.24491481167888823,0.008514399141718938,0.008514399141718938,0.008514399141718938,0.008514399141718938,1.0000000001256524,0,1.2828903308655103e-31,0
1,2,1969,0,0,2,0,1,2,3,1,0,0.24506276747152006,0,6.283185307179586,0.0832565689432195,39.713003938567255,-0.01,0.15,0.1,0.145,1,-0.7,0,0,0,0,0,0,0,0,0,0,0,0,-0.2449148117370018,-0.2449148117370018,-0.2449148117370018,-0.2449148117370018,0.008514399134952215,0.008514399134952215,0.008514399134952215,0.008514399134952215,1.0000000005954917,0,1.237658928565297e-31,0
1,2,1970,0,0,2,0,1,2,3,1,0,0.24506276744355196,0,6.283185307179586,0.08325656894321957,39.73300394056726,-0.01,0.15,0.1,0.145,1,-0.7,0,0,0,0,0,0,0,0,0,0,0,0,-0.24491481170890306,-0.24491481170890306,-0.24491481170890306,-0.24491481170890306,0.008514399138224037,0.008514399138224037,0.008514399138224037,0.008514399138224037,0.9999999997437783,0,1.194022205904233e-31,0
1,2,1971,0,0,2,0,1,2,3,1,0,0.24506276742031963,0,6.283185307179586,0.0832565689432194,39.75300394256726,-0.01,0.15,0.1,0.145,1,-0.7,0,0,0,0,0,0,0,0,0,0,0,0,-0.2449148116855622,-0.2449148116855622,-0.2449148116855622,-0.2449148116855622,0.008514399140941811,0.008514399140941811,0.008514399140941811,0.008514399140941811,1.0000000003309282,0,1.1519240699166804e-31,0
1,2,1972,0,0,2,0,1,2,3,1,0,0.24506276739586866,0,6.283185307179586,0.08325656894321941,39.773003944567265,-0.01,0.15,0.1,0.145,1,-0.7,0,0,0,0,0,0,0,0,0,0,0,0,-0.24491481166099702,-0.24491481166099702,-0.24491481166099702,-0.24491481166099702,0.008514399143802207,0.008514399143802207,0.008514399143802207,0.008514399143802207,1.000000000418666,0,1.1113101834645355e-31,0
1,2,1973,0,0,2,0,1,2,3,1,0,0.24506276744403319,0,6.283185307179586,0.08325656894321957,39.79300394656727,-0.01,0.15,0.1,0.145,1,-0.7,0,0,0,0,0,0,0,0,0,0,0,0,-0.24491481170938653,-0.24491481170938653,-0.24491481170938653,-0.24491481170938653,0.008514399138167726,0.008514399138167726,0.008514399138167726,0.008514399138167726,1.000000000549889,0,1.0721282400571222e-31,0
1,2,1974,0,0,2,0,1,2,3,1,0,0.24506276739980498,0,6.283185307179586,0.08325656894321945,39.81300394856727,-0.01,0.15,0.1,0.145,1,-0.7,0,0,0,0,0,0,0,0,0,0,0,0,-0.24491481166495171,-0.24491481166495171,-0.24491481166495171,-0.24491481166495171,0.008514399143341738,0.008514399143341738,0.008514399143341738,0.008514399143341738,0.9999999999287752,0,1.034327719934446e-31,0
1,2,1975,0,0,2,0,1,2,3,1,0,0.2450627674757336,0,6.283185307179586,0.08325656894321945,39.833003950567274,-0.01,0.15,0.1,0.145,1,-0.7,0,0,0,0,0,0,0,0,0,0,0,0,-0.24491481174123503,-0.24491481174123503,-0.24491481174123503,-0.24491481174123503,0.00851439913445928,0.00851439913445928,0.00851439913445928,0.00851439913445928,1.0000000006459686,0,9.978600034261136e-32,0
1,2,1976,0,0,2,0,1,2,3,1,0,0.24506276741893568,0,6.283185307179586,0.08325656894321952,39.85300395256728,-0.01,0.15,0.1,0.145,1,-0.7,0,0,0,0,0,0,0,0,0,0,0,0,-0.2449148116841718,-0.2449148116841718,-0.2449148116841718,-0.2449148116841718,0.00851439914110371,0.00851439914110371,0.00851439914110371,0.00851439914110371,0.9999999996243218,0,9.626779777393343e-32,0
1,2,1977,0,0,2,0,1,2,3,1,0,0.2450627674452362,0,6.283185307179586,0.08325656894321949,39.87300395456728,-0.01,0.15,0.1,0.145,1,-0.7,0,0,0,0,0,0,0,0,0,0,0,0,-0.24491481171059515,-0.24491481171059515,-0.24491481171059515,-0.24491481171059515,0.008514399138026976,0.008514399138026976,0.008514399138026976,0.008514399138026976,1.000000000593019,0,9.287364557953157e-32,0
1,2,1978,0,0,2,0,1,2,3,1,0,0.24506276742668615,0,6.283185307179586,0.08325656894321938,39.893003956567284,-0.01,0.15,0.1,0.145,1,-0.7,0,0,0,0,0,0,0,0,0,0,0,0,-0.24491481169195847,-0.24491481169195847,-0.24491481169195847,-0.24491481169195847,0.00851439914019707,0.00851439914019707,0.00851439914019707,0.00851439914019707,1.0000000000410978,0,8.959915680581318e-32,0
1,2,1979,0,0,2,0,1,2,3,1,0,0.2450627674517878,0,6.283185307179586,0.08325656894321957,39.91300395856729,-0.01,0.15,0.1,0.145,1,-0.7,0,0,0,0,0,0,0,0,0,0,0,0,-0.24491481171717736,-0.24491481171717736,-0.24491481171717736,-0.24491481171717736,0.008514399137260582,0.008514399137260582,0.008514399137260582,0.008514399137260582,1.0000000003660148,0,8.644012128788886e-32,0
1,2,1980,0,0,2,0,1,2,3,1,0,0.2450627674520592,0,6.283185307179586,0.08325656894321942,39.93300396056729,-0.01,0.15,0.1,0.145,1,-0.7,0,0,0,0,0,0,0,0,0,0,0,0,-0.24491481171745005,-0.24491481171745005,-0.24491481171745005,-0.24491481171745005,0.008514399137228791,0.008514399137228791,0.008514399137228791,0.008514399137228791,1.0000000000126192,0,8.339246293713534e-32,0
1,2,1981,0,0,2,0,1,2,3,1,0,0.24506276741582042,0,6.283185307179586,0.08325656894321944,39.953003962567294,-0.01,0.15,0.1,0.145,1,-0.7,0,0,0,0,0,0,0,0,0,0,0,0,-0.24491481168104198,-0.24491481168104198,-0.24491481168104198,-0.24491481168104198,0.008514399141468149,0.008514399141468149,0.008514399141468149,0.008514399141468149,1.0000000001312657,0,8.045225881172546e-32,0
1,2,1982,0,0,2,0,1,2,3,1,0,0.245062767473732,0,6.283185307179586,0.0832565689432195,39.9730039645673,-0.01,0.15,0.1,0.145,1,-0.7,0,0,0,0,0,0,0,0,0,0,0,0,-0.24491481173922408,-0.24491481173922408,-0.24491481173922408,-0.24491481173922408,0.008514399134693422,0.008514399134693422,0.008514399134693422,0.008514399134693422,1.0000000005190657,0,7.761571951295423e-32,0
1,2,1983,0,0,2,0,1,2,3,1,0,0.24506276738723864,0,6.283185307179586,0.08325656894321942,39.9930039665673,-0.01,0.15,0.1,0.145,1,-0.7,0,0,0,0,0,0,0,0,0,0,0,0,-0.2449148116523267,-0.2449148116523267,-0.2449148116523267,-0.2449148116523267,0.0085143991448118,0.0085143991448118,0.0085143991448118,0.0085143991448118,0.9999999997353228,0,7.487918577863066e-32,0
1,2,1984,0,0,2,0,1,2,3,1,0,0.24506276739574398,0,6.283185307179586,0.08325656894321959,40.013003968567304,-0.01,0.15,0.1,0.145,1,-0.7,0,0,0,0,0,0,0,0,0,0,0,0,-0.24491481166087176,-0.24491481166087176,-0.24491481166087176,-0.24491481166087176,0.00851439914381681,0.00851439914381681,0.00851439914381681,0.00851439914381681,1.0000000009283099,0,7.223914105181975e-32,0
1,2,1985,0,0,2,0,1,2,3,1,0,0.24506276749572828,0,6.283185307179586,0.08325656894321957,40.03300397056731,-0.01,0.15,0.1,0.145,1,-0.7,0,0,0,0,0,0,0,0,0,0,0,0,-0.2449148117613231,-0.2449148117613231,-0.2449148117613231,-0.2449148117613231,0.008514399132120244,0.008514399132120244,0.008514399132120244,0.008514399132120244,1.0000000003898748,0,6.969217256130667e-32,0
1,2,1986,0,0,2,0,1,2,3,1,0,0.2450627674220248,0,6.283185307179586,0.08325656894321952,40.05300397256731,-0.01,0.15,0.1,0.145,1,-0.7,0,0,0,0,0,0,0,0,0,0,0,0,-0.24491481168727533,-0.24491481168727533,-0.24491481168727533,-0.24491481168727533,0.008514399140742363,0.008514399140742363,0.008514399140742363,0.008514399140742363,0.9999999993916475,0,6.723500247170145e-32,0
1,2,1987,0,0,2,0,1,2,3,1,0,0.2450627674146405,0,6.283185307179586,0.08325656894321945,40.073003974567314,-0.01,0.15,0.1,0.145,1,-0.7,0,0,0,0,0,0,0,0,0,0,0,0,-0.24491481167985657,-0.24491481167985657,-0.24491481167985657,-0.24491481167985657,0.008514399141606186,0.008514399141606186,0.008514399141606186,0.008514399141606186,1.000000000678213,0,6.486447193117523e-32,0
1,2,1988,0,0,2,0,1,2,3,1,0,0.2450627674170904,0,6.283185307179586,0.08325656894321949,40.09300397656732,-0.01,0.15,0.1,0.145,1,-0.7,0,0,0,0,0,0,0,0,0,0,0,0,-0.2449148116823179,-0.2449148116823179,-0.2449148116823179,-0.2449148116823179,0.008514399141319602,0.008514399141319602,0.008514399141319602,0.008514399141319602,1.000000000374044,0,6.257751610785023e-32,0
1,2,1989,0,0,2,0,1,2,3,1,0,0.24506276742965988,0,6.283185307179586,0.08325656894321946,40.11300397856732,-0.01,0.15,0.1,0.145,1,-0.7,0,0,0,0,0,0,0,0,0,0,0,0,-0.24491481169494608,-0.24491481169494608,-0.24491481169494608,-0.24491481169494608,0.008514399139849142,0.008514399139849142,0.008514399139849142,0.008514399139849142,1.0000000003101803,0,6.037119310052668e-32,0
1,2,1990,0,0,2,0,1,2,3,1,0,0.24506276749308883,0,6.283185307179586,0.0832565689432194,40.133003980567324,-0.01,0.15,0.1,0.145,1,-0.7,0,0,0,0,0,0,0,0,0,0,0,0,-0.24491481175867133,-0.24491481175867133,-0.24491481175867133,-0.24491481175867133,0.008514399132429013,0.008514399132429013,0.008514399132429013,0.008514399132429013,1.000000000188976,0,5.824265926762006e-32,0
1,2,1991,0,0,2,0,1,2,3,1,0,0.24506276748267172,0,6.283185307179586,0.0832565689432196,40.15300398256733,-0.01,0.15,0.1,0.145,1,-0.7,0,0,0,0,0,0,0,0,0,0,0,0,-0.24491481174820556,-0.24491481174820556,-0.24491481174820556,-0.24491481174820556,0.008514399133647649,0.008514399133647649,0.008514399133647649,0.008514399133647649,0.9999999995983586,0,5.618917101630499e-32,0
1,2,1992,0,0,2,0,1,2,3,1,0,0.24506276748599856,0,6.283185307179586,0.08325656894321941,40.17300398456733,-0.01,0.15,0.1,0.145,1,-0.7,0,0,0,0,0,0,0,0,0,0,0,0,-0.24491481175154795,-0.24491481175154795,-0.24491481175154795,-0.24491481175154795,0.008514399133258469,0.008514399133258469,0.008514399133258469,0.008514399133258469,1.0000000000444516,0,5.420808579480795e-32,0
1,2,1993,0,0,2,0,1,2,3,1,0,0.2450627674400026,0,6.283185307179586,0.08325656894321957,40.193003986567334,-0.01,0.15,0.1,0.145,1,-0.7,0,0,0,0,0,0,0,0,0,0,0,0,-0.24491481170533713,-0.24491481170533713,-0.24491481170533713,-0.24491481170533713,0.008514399138639253,0.008514399138639253,0.008514399138639253,0.008514399138639253,0.9999999999459419,0,5.229684742160125e-32,0
1,2,1994,0,0,2,0,1,2,3,1,0,0.2450627674459991,0,6.283185307179586,0.08325656894321955,40.21300398856734,-0.01,0.15,0.1,0.145,1,-0.7,0,0,0,0,0,0,0,0,0,0,0,0,-0.24491481171136165,-0.24491481171136165,-0.24491481171136165,-0.24491481171136165,0.008514399137937738,0.008514399137937738,0.008514399137937738,0.008514399137937738,1.0000000004437197,0,5.045299560729264e-32,0
1,2,1995,0,0,2,0,1,2,3,1,0,0.24506276741010208,0,6.283185307179586,0.0832565689432195,40.23300399056734,-0.01,0.15,0.1,0.145,1,-0.7,0,0,0,0,0,0,0,0,0,0,0,0,-0.24491481167529694,-0.24491481167529694,-0.24491481167529694,-0.24491481167529694,0.0085143991421371,0.0085143991421371,0.0085143991421371,0.0085143991421371,1.0000000001455618,0,4.8674151685494185e-32,0
1,2,1996,0,0,2,0,1,2,3,1,0,0.24506276746297184,0,6.283185307179586,0.08325656894321946,40.25300399256734,-0.01,0.15,0.1,0.145,1,-0.7,0,0,0,0,0,0,0,0,0,0,0,0,-0.24491481172841364,-0.24491481172841364,-0.24491481172841364,-0.24491481172841364,0.008514399135952215,0.008514399135952215,0.008514399135952215,0.008514399135952215,1.0000000005331913,0,4.695802659807395e-32,0
1,2,1997,0,0,2,0,1,2,3,1,0,0.2450627674297446,0,6.283185307179586,0.08325656894321946,40.27300399456735,-0.01,0.15,0.1,0.145,1,-0.7,0,0,0,0,0,0,0,0,0,0,0,0,-0.24491481169503118,-0.24491481169503118,-0.24491481169503118,-0.24491481169503118,0.008514399139839228,0.008514399139839228,0.008514399139839228,0.008514399139839228,0.9999999998143636,0,4.530240557325483e-32,0
1,2,1998,0,0,2,0,1,2,3,1,0,0.24506276744850983,0,6.283185307179586,0.0832565689432194,40.29300399656735,-0.01,0.15,0.1,0.145,1,-0.7,0,0,0,0,0,0,0,0,0,0,0,0,-0.24491481171388407,-0.24491481171388407,-0.24491481171388407,-0.24491481171388407,0.008514399137644025,0.008514399137644025,0.008514399137644025,0.008514399137644025,1.0000000004286562,0,4.3705159941186164e-32,0
1,2,1999,0,0,2,0,1,2,3,1,0,0.2450627674756353,0,6.283185307179586,0.08325656894321946,40.31300399856735,-0.01,0.15,0.1,0.145,1,-0.7,0,0,0,0,0,0,0,0,0,0,0,0,-0.24491481174113627,-0.24491481174113627,-0.24491481174113627,-0.24491481174113627,0.008514399134470753,0.008514399134470753,0.008514399134470753,0.008514399134470753,1.0000000000672173,0,4.216422737784696e-32,0
1,2,2000,29,7,2,0,1,2,3,1,0,0.24506276746449115,0,6.283185307179586,0.08325656894321948,40.33300400056736,-0.01,0.15,0.1,0.145,1,-0.7,0,0,0,0,0,0,0,0,0,0,0,0,-0.24491481172994006,-0.24491481172994006,-0.24491481172994006,-0.24491481172994006,0.00851439913577447,0.00851439913577447,0.00851439913577447,0.00851439913577447,0.9999999998837978,0,4.067762447009402e-32,0
